2026-05-14 13:41:01.852 +07:00 [INF] HTTP GET /admin responded 200 in 2377.2075 ms
2026-05-14 13:41:01.870 +07:00 [INF] HTTP GET /css/admin.css responded 304 in 9.9106 ms
2026-05-14 13:41:01.870 +07:00 [INF] HTTP GET /css/site.css responded 304 in 9.9342 ms
2026-05-14 13:41:02.151 +07:00 [INF] HTTP POST /hubs/chat/negotiate responded 200 in 11.6132 ms
2026-05-14 13:41:28.582 +07:00 [INF] HTTP GET /admin/settings responded 200 in 440.8498 ms
2026-05-14 13:41:28.593 +07:00 [INF] HTTP GET /uploads/settings/99e9ccb32dfb4d0cbabcdbde47afb399.png responded 304 in 0.6430 ms
2026-05-14 13:41:28.599 +07:00 [INF] HTTP GET /hubs/chat responded 101 in 26318.1680 ms
2026-05-14 13:41:28.722 +07:00 [INF] HTTP POST /hubs/chat/negotiate responded 200 in 0.5305 ms
2026-05-14 13:41:31.454 +07:00 [INF] HTTP GET /js/site.js responded 304 in 0.2666 ms
2026-05-14 13:41:31.587 +07:00 [INF] HTTP GET / responded 200 in 702.4192 ms
2026-05-14 13:41:31.711 +07:00 [INF] HTTP POST /hubs/chat/negotiate responded 200 in 0.4288 ms
2026-05-14 13:43:10.267 +07:00 [INF] Cập nhật SiteSettings
2026-05-14 13:43:10.357 +07:00 [INF] HTTP POST /admin/settings responded 302 in 203.2009 ms
2026-05-14 13:43:10.378 +07:00 [INF] HTTP GET /admin/Settings responded 200 in 15.1309 ms
2026-05-14 13:43:10.385 +07:00 [INF] HTTP GET /hubs/chat responded 101 in 101589.9834 ms
2026-05-14 13:43:10.595 +07:00 [INF] HTTP POST /hubs/chat/negotiate responded 200 in 0.4719 ms
2026-05-14 13:43:12.911 +07:00 [INF] HTTP GET / responded 200 in 37.2869 ms
2026-05-14 13:43:12.913 +07:00 [INF] HTTP GET /hubs/chat responded 101 in 101087.5561 ms
2026-05-14 13:43:13.071 +07:00 [INF] HTTP POST /hubs/chat/negotiate responded 200 in 0.4090 ms
2026-05-14 13:43:13.197 +07:00 [INF] HTTP GET /favicon.ico responded 304 in 0.1999 ms
2026-05-14 13:43:34.026 +07:00 [INF] Cập nhật SiteSettings
2026-05-14 13:43:34.032 +07:00 [INF] HTTP POST /admin/Settings responded 302 in 16.4315 ms
2026-05-14 13:43:34.046 +07:00 [INF] HTTP GET /admin/Settings responded 200 in 8.1985 ms
2026-05-14 13:43:34.053 +07:00 [INF] HTTP GET /hubs/chat responded 101 in 23408.7125 ms
2026-05-14 13:43:34.159 +07:00 [INF] HTTP POST /hubs/chat/negotiate responded 200 in 0.3426 ms
2026-05-14 13:43:35.756 +07:00 [INF] HTTP GET / responded 200 in 24.6184 ms
2026-05-14 13:43:35.762 +07:00 [INF] HTTP GET /hubs/chat responded 101 in 22562.7145 ms
2026-05-14 13:43:35.900 +07:00 [INF] HTTP POST /hubs/chat/negotiate responded 200 in 0.3382 ms
2026-05-14 13:44:01.908 +07:00 [INF] HTTP GET /0353785710 responded 404 in 42.1772 ms
2026-05-14 13:44:02.159 +07:00 [INF] HTTP POST /hubs/chat/negotiate responded 200 in 0.4713 ms
2026-05-14 13:44:10.966 +07:00 [INF] HTTP GET /hubs/chat responded 101 in 8771.6055 ms
2026-05-14 13:44:15.109 +07:00 [INF] HTTP GET /san-pham/bom-chim-inox-fanto-4kw-17 responded 200 in 109.4319 ms
2026-05-14 13:44:15.264 +07:00 [INF] HTTP GET /hubs/chat responded 101 in 39270.7883 ms
2026-05-14 13:44:15.270 +07:00 [INF] HTTP POST /hubs/chat/negotiate responded 200 in 0.3896 ms
2026-05-14 13:49:54.759 +07:00 [INF] HTTP GET /hubs/chat responded 101 in 339392.5497 ms
2026-05-14 13:49:54.762 +07:00 [INF] HTTP POST /hubs/chat/negotiate responded 200 in 0.2978 ms
2026-05-14 13:49:54.762 +07:00 [INF] HTTP POST /hubs/chat/negotiate responded 200 in 0.4133 ms
2026-05-14 13:49:54.763 +07:00 [INF] HTTP GET /hubs/chat responded 101 in 380555.2643 ms
2026-05-14 13:50:24.778 +07:00 [INF] HTTP GET /hubs/chat responded 101 in 30010.8784 ms
2026-05-14 13:53:28.388 +07:00 [INF] HTTP POST /hubs/chat/negotiate responded 200 in 15.5284 ms
2026-05-14 13:53:28.529 +07:00 [INF] HTTP GET /san-pham/bom-chim-inox-fanto-4kw-17 responded 200 in 3028.9879 ms
2026-05-14 13:53:30.682 +07:00 [INF] HTTP GET /admin/Settings responded 200 in 444.7986 ms
2026-05-14 13:53:30.935 +07:00 [INF] HTTP POST /hubs/chat/negotiate responded 200 in 0.6294 ms
2026-05-14 13:54:04.971 +07:00 [INF] Cập nhật SiteSettings
2026-05-14 13:54:05.081 +07:00 [INF] HTTP POST /admin/Settings responded 302 in 215.4149 ms
2026-05-14 13:54:05.113 +07:00 [INF] HTTP GET /admin/Settings responded 200 in 22.9145 ms
2026-05-14 13:54:05.128 +07:00 [INF] HTTP GET /hubs/chat responded 101 in 34138.0428 ms
2026-05-14 13:54:05.242 +07:00 [INF] HTTP POST /hubs/chat/negotiate responded 200 in 0.3262 ms
2026-05-14 13:54:33.089 +07:00 [INF] HTTP GET /san-pham/bom-chim-inox-fanto-4kw-17 responded 200 in 27.1618 ms
2026-05-14 13:54:33.098 +07:00 [INF] HTTP GET /hubs/chat responded 101 in 64668.2983 ms
2026-05-14 13:54:33.312 +07:00 [INF] HTTP POST /hubs/chat/negotiate responded 200 in 0.6428 ms
2026-05-14 14:03:24.177 +07:00 [INF] Upload thành công: /uploads/settings/85eddb21b13c4e56a70ab970ffd354f5.png (564492 bytes)
2026-05-14 14:03:24.188 +07:00 [INF] Cập nhật SiteSettings
2026-05-14 14:03:24.201 +07:00 [INF] HTTP POST /admin/Settings responded 302 in 92.6661 ms
2026-05-14 14:03:24.220 +07:00 [INF] HTTP GET /admin/Settings responded 200 in 11.8080 ms
2026-05-14 14:03:24.227 +07:00 [INF] HTTP GET /hubs/chat responded 101 in 558929.5062 ms
2026-05-14 14:03:24.252 +07:00 [INF] HTTP GET /uploads/settings/85eddb21b13c4e56a70ab970ffd354f5.png responded 200 in 21.0850 ms
2026-05-14 14:03:24.471 +07:00 [INF] HTTP POST /hubs/chat/negotiate responded 200 in 0.4109 ms
2026-05-14 14:03:26.181 +07:00 [INF] HTTP GET /san-pham/bom-chim-inox-fanto-4kw-17 responded 200 in 58.4514 ms
2026-05-14 14:03:26.183 +07:00 [INF] HTTP GET /hubs/chat responded 101 in 532782.9010 ms
2026-05-14 14:03:26.192 +07:00 [INF] HTTP GET /uploads/settings/85eddb21b13c4e56a70ab970ffd354f5.png responded 304 in 1.6489 ms
2026-05-14 14:03:26.377 +07:00 [INF] HTTP POST /hubs/chat/negotiate responded 200 in 0.4562 ms
2026-05-14 14:05:42.922 +07:00 [INF] HTTP GET /hubs/chat responded 101 in 136471.4232 ms
2026-05-14 14:05:42.922 +07:00 [INF] HTTP GET /hubs/chat responded 101 in 138379.9575 ms
2026-05-14 14:05:42.925 +07:00 [INF] HTTP POST /hubs/chat/negotiate responded 200 in 0.4327 ms
2026-05-14 14:05:42.927 +07:00 [INF] HTTP POST /hubs/chat/negotiate responded 200 in 0.4324 ms
2026-05-14 14:07:32.202 +07:00 [INF] HTTP GET /uploads/settings/85eddb21b13c4e56a70ab970ffd354f5.png responded 304 in 4.7142 ms
2026-05-14 14:07:32.362 +07:00 [INF] HTTP POST /hubs/chat/negotiate responded 200 in 13.7595 ms
2026-05-14 14:07:32.504 +07:00 [INF] HTTP GET /san-pham/bom-chim-inox-fanto-4kw-17 responded 200 in 2625.3390 ms
2026-05-14 14:12:43.916 +07:00 [INF] HTTP POST /hubs/chat/negotiate responded 200 in 0.7582 ms
2026-05-14 14:12:43.920 +07:00 [INF] HTTP GET /hubs/chat responded 101 in 311527.7362 ms
2026-05-14 14:13:13.923 +07:00 [INF] HTTP GET /hubs/chat responded 101 in 30004.1069 ms
2026-05-14 14:16:01.040 +07:00 [INF] HTTP GET /uploads/icons/youtube.png responded 200 in 7.4321 ms
2026-05-14 14:16:01.040 +07:00 [INF] HTTP GET /uploads/settings/85eddb21b13c4e56a70ab970ffd354f5.png responded 304 in 4.0037 ms
2026-05-14 14:16:01.123 +07:00 [INF] HTTP GET /uploads/icons/zalo.jpg responded 200 in 9.3683 ms
2026-05-14 14:16:01.222 +07:00 [INF] HTTP POST /hubs/chat/negotiate responded 200 in 15.6500 ms
2026-05-14 14:16:01.346 +07:00 [INF] HTTP GET /san-pham/bom-chim-inox-fanto-4kw-17 responded 200 in 2623.9765 ms
2026-05-14 14:18:33.710 +07:00 [INF] HTTP POST /hubs/chat/negotiate responded 200 in 0.6097 ms
2026-05-14 14:18:33.725 +07:00 [INF] HTTP GET /hubs/chat responded 101 in 152466.9605 ms
2026-05-14 14:19:03.720 +07:00 [INF] HTTP GET /hubs/chat responded 101 in 30006.1493 ms
2026-05-14 14:19:31.324 +07:00 [INF] HTTP POST /hubs/chat/negotiate responded 200 in 57.9113 ms
2026-05-14 14:19:34.769 +07:00 [INF] HTTP GET /uploads/icons/youtube.png responded 304 in 3.7793 ms
2026-05-14 14:19:34.769 +07:00 [INF] HTTP GET /uploads/settings/85eddb21b13c4e56a70ab970ffd354f5.png responded 304 in 4.0891 ms
2026-05-14 14:19:34.774 +07:00 [INF] HTTP GET /hubs/chat responded 101 in 3445.8897 ms
2026-05-14 14:19:34.796 +07:00 [INF] HTTP GET /uploads/icons/zalo.jpg responded 304 in 0.7687 ms
2026-05-14 14:19:34.931 +07:00 [INF] HTTP POST /hubs/chat/negotiate responded 200 in 0.9040 ms
2026-05-14 14:19:35.040 +07:00 [INF] HTTP GET /san-pham/bom-chim-inox-fanto-4kw-17 responded 200 in 2339.0546 ms
2026-05-14 14:22:53.761 +07:00 [INF] HTTP GET /hubs/chat responded 101 in 198785.5773 ms
2026-05-14 14:22:53.765 +07:00 [INF] HTTP POST /hubs/chat/negotiate responded 200 in 0.6062 ms
2026-05-14 14:23:08.647 +07:00 [INF] HTTP POST /hubs/chat/negotiate responded 200 in 78.6047 ms
2026-05-14 14:23:11.078 +07:00 [INF] HTTP GET /uploads/settings/85eddb21b13c4e56a70ab970ffd354f5.png responded 304 in 4.5447 ms
2026-05-14 14:23:11.078 +07:00 [INF] HTTP GET /uploads/icons/youtube.png responded 304 in 3.8876 ms
2026-05-14 14:23:11.085 +07:00 [INF] HTTP GET /hubs/chat responded 101 in 2430.6353 ms
2026-05-14 14:23:11.095 +07:00 [INF] HTTP GET /uploads/icons/zalo.jpg responded 304 in 0.2917 ms
2026-05-14 14:23:11.247 +07:00 [INF] HTTP POST /hubs/chat/negotiate responded 200 in 0.6876 ms
2026-05-14 14:23:11.422 +07:00 [INF] HTTP GET /san-pham/bom-chim-inox-fanto-4kw-17 responded 200 in 2393.0942 ms
2026-05-14 14:24:42.823 +07:00 [INF] HTTP POST /hubs/chat/negotiate responded 200 in 0.6020 ms
2026-05-14 14:24:42.824 +07:00 [INF] HTTP GET /hubs/chat responded 101 in 91532.9205 ms
2026-05-14 14:25:12.839 +07:00 [INF] HTTP GET /hubs/chat responded 101 in 30012.4720 ms
2026-05-14 14:25:27.033 +07:00 [INF] HTTP POST /hubs/chat/negotiate responded 200 in 52.0638 ms
2026-05-14 14:25:54.278 +07:00 [INF] HTTP GET /uploads/icons/youtube.png responded 304 in 6.2601 ms
2026-05-14 14:25:54.278 +07:00 [INF] HTTP GET /uploads/settings/85eddb21b13c4e56a70ab970ffd354f5.png responded 304 in 6.6881 ms
2026-05-14 14:25:54.289 +07:00 [INF] HTTP GET /hubs/chat responded 101 in 27251.9418 ms
2026-05-14 14:25:54.300 +07:00 [INF] HTTP GET /uploads/icons/zalo.jpg responded 304 in 0.4052 ms
2026-05-14 14:25:54.445 +07:00 [INF] HTTP POST /hubs/chat/negotiate responded 200 in 0.6485 ms
2026-05-14 14:25:54.577 +07:00 [INF] HTTP GET /san-pham/bom-chim-inox-fanto-4kw-17 responded 200 in 2381.7704 ms
2026-05-14 14:26:08.018 +07:00 [INF] HTTP GET / responded 200 in 380.4547 ms
2026-05-14 14:26:08.237 +07:00 [INF] HTTP POST /hubs/chat/negotiate responded 200 in 0.4633 ms
2026-05-14 14:26:08.281 +07:00 [INF] HTTP GET /hubs/chat responded 101 in 13792.6138 ms
2026-05-14 14:28:46.777 +07:00 [ERR] Failed executing DbCommand (31ms) [Parameters=[@p61='?' (DbType = Guid), @p0='?', @p1='?', @p2='?', @p3='?', @p4='?', @p5='?', @p6='?', @p7='?', @p8='?', @p9='?', @p10='?', @p11='?', @p12='?', @p13='?', @p14='?', @p15='?' (DbType = Boolean), @p16='?', @p17='?', @p18='?' (DbType = Int32), @p19='?', @p20='?', @p21='?', @p22='?', @p23='?', @p24='?', @p25='?', @p26='?', @p27='?', @p28='?' (DbType = Int32), @p29='?', @p30='?', @p31='?', @p32='?', @p33='?' (DbType = Boolean), @p34='?' (DbType = Boolean), @p35='?' (DbType = Boolean), @p36='?' (DbType = Boolean), @p37='?' (DbType = Boolean), @p38='?' (DbType = Boolean), @p39='?' (DbType = Boolean), @p40='?' (DbType = Boolean), @p41='?' (DbType = Boolean), @p42='?' (DbType = Boolean), @p43='?' (DbType = Boolean), @p44='?' (DbType = Boolean), @p45='?' (DbType = Boolean), @p46='?' (DbType = Boolean), @p47='?' (DbType = Boolean), @p48='?' (DbType = Boolean), @p49='?', @p50='?', @p51='?', @p52='?', @p53='?' (DbType = Int32), @p54='?' (DbType = Boolean), @p55='?', @p56='?', @p57='?', @p58='?' (DbType = DateTime), @p59='?', @p60='?'], CommandType='"Text"', CommandTimeout='30']
UPDATE site_settings SET about_content = @p0, about_image = @p1, about_title = @p2, address = @p3, background_color = @p4, bank_name = @p5, bank_number = @p6, bank_owner = @p7, chat_auto_reply_message = @p8, company_name = @p9, copyright_text = @p10, default_meta_description = @p11, default_meta_title = @p12, default_og_image = @p13, email = @p14, email_enabled = @p15, facebook = @p16, facebook_pixel_id = @p17, featured_products_count = @p18, footer_about_text = @p19, footer_text = @p20, google_analytics_id = @p21, hero_background_image = @p22, hero_button_text = @p23, hero_button_url = @p24, hero_description = @p25, hero_subtitle = @p26, hero_title = @p27, latest_posts_count = @p28, logo = @p29, notification_email = @p30, phone = @p31, primary_color = @p32, show_banners = @p33, show_categories = @p34, show_facebook = @p35, show_featured_products = @p36, show_footer = @p37, show_hotline = @p38, show_latest_posts = @p39, show_nav_cart = @p40, show_nav_knowledge = @p41, show_nav_partners = @p42, show_nav_products = @p43, show_partners = @p44, show_telegram = @p45, show_tiktok = @p46, show_youtube = @p47, show_zalo = @p48, smtp_from_email = @p49, smtp_from_name = @p50, smtp_host = @p51, smtp_password = @p52, smtp_port = @p53, smtp_use_ssl = @p54, smtp_user = @p55, telegram = @p56, tiktok = @p57, updated_at = @p58, youtube = @p59, zalo = @p60
WHERE id = @p61;
2026-05-14 14:28:46.804 +07:00 [ERR] An exception occurred in the database while saving changes for context type 'AquaCMS.Data.AppDbContext'.
Microsoft.EntityFrameworkCore.DbUpdateException: An error occurred while saving the entity changes. See the inner exception for details.
 ---> Npgsql.PostgresException (0x80004005): 23502: null value in column "company_name" of relation "site_settings" violates not-null constraint

DETAIL: Detail redacted as it may contain sensitive data. Specify 'Include Error Detail' in the connection string to include this information.
   at Npgsql.Internal.NpgsqlConnector.ReadMessageLong(Boolean async, DataRowLoadingMode dataRowLoadingMode, Boolean readingNotifications, Boolean isReadingPrependedMessage)
   at System.Runtime.CompilerServices.PoolingAsyncValueTaskMethodBuilder`1.StateMachineBox`1.System.Threading.Tasks.Sources.IValueTaskSource<TResult>.GetResult(Int16 token)
   at Npgsql.NpgsqlDataReader.NextResult(Boolean async, Boolean isConsuming, CancellationToken cancellationToken)
   at Npgsql.NpgsqlDataReader.NextResult(Boolean async, Boolean isConsuming, CancellationToken cancellationToken)
   at Npgsql.NpgsqlCommand.ExecuteReader(Boolean async, CommandBehavior behavior, CancellationToken cancellationToken)
   at Npgsql.NpgsqlCommand.ExecuteReader(Boolean async, CommandBehavior behavior, CancellationToken cancellationToken)
   at Npgsql.NpgsqlCommand.ExecuteDbDataReaderAsync(CommandBehavior behavior, CancellationToken cancellationToken)
   at Microsoft.EntityFrameworkCore.Storage.RelationalCommand.ExecuteReaderAsync(RelationalCommandParameterObject parameterObject, CancellationToken cancellationToken)
   at Microsoft.EntityFrameworkCore.Storage.RelationalCommand.ExecuteReaderAsync(RelationalCommandParameterObject parameterObject, CancellationToken cancellationToken)
   at Microsoft.EntityFrameworkCore.Update.ReaderModificationCommandBatch.ExecuteAsync(IRelationalConnection connection, CancellationToken cancellationToken)
  Exception data:
    Severity: ERROR
    SqlState: 23502
    MessageText: null value in column "company_name" of relation "site_settings" violates not-null constraint
    Detail: Detail redacted as it may contain sensitive data. Specify 'Include Error Detail' in the connection string to include this information.
    SchemaName: public
    TableName: site_settings
    ColumnName: company_name
    File: execMain.c
    Line: 2057
    Routine: ExecConstraints
   --- End of inner exception stack trace ---
   at Microsoft.EntityFrameworkCore.Update.ReaderModificationCommandBatch.ExecuteAsync(IRelationalConnection connection, CancellationToken cancellationToken)
   at Microsoft.EntityFrameworkCore.Update.Internal.BatchExecutor.ExecuteAsync(IEnumerable`1 commandBatches, IRelationalConnection connection, CancellationToken cancellationToken)
   at Microsoft.EntityFrameworkCore.Update.Internal.BatchExecutor.ExecuteAsync(IEnumerable`1 commandBatches, IRelationalConnection connection, CancellationToken cancellationToken)
   at Microsoft.EntityFrameworkCore.Update.Internal.BatchExecutor.ExecuteAsync(IEnumerable`1 commandBatches, IRelationalConnection connection, CancellationToken cancellationToken)
   at Microsoft.EntityFrameworkCore.Storage.RelationalDatabase.SaveChangesAsync(IList`1 entries, CancellationToken cancellationToken)
   at Microsoft.EntityFrameworkCore.ChangeTracking.Internal.StateManager.SaveChangesAsync(IList`1 entriesToSave, CancellationToken cancellationToken)
   at Microsoft.EntityFrameworkCore.ChangeTracking.Internal.StateManager.SaveChangesAsync(StateManager stateManager, Boolean acceptAllChangesOnSuccess, CancellationToken cancellationToken)
   at Npgsql.EntityFrameworkCore.PostgreSQL.Storage.Internal.NpgsqlExecutionStrategy.ExecuteAsync[TState,TResult](TState state, Func`4 operation, Func`4 verifySucceeded, CancellationToken cancellationToken)
   at Microsoft.EntityFrameworkCore.DbContext.SaveChangesAsync(Boolean acceptAllChangesOnSuccess, CancellationToken cancellationToken)
Microsoft.EntityFrameworkCore.DbUpdateException: An error occurred while saving the entity changes. See the inner exception for details.
 ---> Npgsql.PostgresException (0x80004005): 23502: null value in column "company_name" of relation "site_settings" violates not-null constraint

DETAIL: Detail redacted as it may contain sensitive data. Specify 'Include Error Detail' in the connection string to include this information.
   at Npgsql.Internal.NpgsqlConnector.ReadMessageLong(Boolean async, DataRowLoadingMode dataRowLoadingMode, Boolean readingNotifications, Boolean isReadingPrependedMessage)
   at System.Runtime.CompilerServices.PoolingAsyncValueTaskMethodBuilder`1.StateMachineBox`1.System.Threading.Tasks.Sources.IValueTaskSource<TResult>.GetResult(Int16 token)
   at Npgsql.NpgsqlDataReader.NextResult(Boolean async, Boolean isConsuming, CancellationToken cancellationToken)
   at Npgsql.NpgsqlDataReader.NextResult(Boolean async, Boolean isConsuming, CancellationToken cancellationToken)
   at Npgsql.NpgsqlCommand.ExecuteReader(Boolean async, CommandBehavior behavior, CancellationToken cancellationToken)
   at Npgsql.NpgsqlCommand.ExecuteReader(Boolean async, CommandBehavior behavior, CancellationToken cancellationToken)
   at Npgsql.NpgsqlCommand.ExecuteDbDataReaderAsync(CommandBehavior behavior, CancellationToken cancellationToken)
   at Microsoft.EntityFrameworkCore.Storage.RelationalCommand.ExecuteReaderAsync(RelationalCommandParameterObject parameterObject, CancellationToken cancellationToken)
   at Microsoft.EntityFrameworkCore.Storage.RelationalCommand.ExecuteReaderAsync(RelationalCommandParameterObject parameterObject, CancellationToken cancellationToken)
   at Microsoft.EntityFrameworkCore.Update.ReaderModificationCommandBatch.ExecuteAsync(IRelationalConnection connection, CancellationToken cancellationToken)
  Exception data:
    Severity: ERROR
    SqlState: 23502
    MessageText: null value in column "company_name" of relation "site_settings" violates not-null constraint
    Detail: Detail redacted as it may contain sensitive data. Specify 'Include Error Detail' in the connection string to include this information.
    SchemaName: public
    TableName: site_settings
    ColumnName: company_name
    File: execMain.c
    Line: 2057
    Routine: ExecConstraints
   --- End of inner exception stack trace ---
   at Microsoft.EntityFrameworkCore.Update.ReaderModificationCommandBatch.ExecuteAsync(IRelationalConnection connection, CancellationToken cancellationToken)
   at Microsoft.EntityFrameworkCore.Update.Internal.BatchExecutor.ExecuteAsync(IEnumerable`1 commandBatches, IRelationalConnection connection, CancellationToken cancellationToken)
   at Microsoft.EntityFrameworkCore.Update.Internal.BatchExecutor.ExecuteAsync(IEnumerable`1 commandBatches, IRelationalConnection connection, CancellationToken cancellationToken)
   at Microsoft.EntityFrameworkCore.Update.Internal.BatchExecutor.ExecuteAsync(IEnumerable`1 commandBatches, IRelationalConnection connection, CancellationToken cancellationToken)
   at Microsoft.EntityFrameworkCore.Storage.RelationalDatabase.SaveChangesAsync(IList`1 entries, CancellationToken cancellationToken)
   at Microsoft.EntityFrameworkCore.ChangeTracking.Internal.StateManager.SaveChangesAsync(IList`1 entriesToSave, CancellationToken cancellationToken)
   at Microsoft.EntityFrameworkCore.ChangeTracking.Internal.StateManager.SaveChangesAsync(StateManager stateManager, Boolean acceptAllChangesOnSuccess, CancellationToken cancellationToken)
   at Npgsql.EntityFrameworkCore.PostgreSQL.Storage.Internal.NpgsqlExecutionStrategy.ExecuteAsync[TState,TResult](TState state, Func`4 operation, Func`4 verifySucceeded, CancellationToken cancellationToken)
   at Microsoft.EntityFrameworkCore.DbContext.SaveChangesAsync(Boolean acceptAllChangesOnSuccess, CancellationToken cancellationToken)
2026-05-14 14:28:46.819 +07:00 [ERR] Lỗi cập nhật site settings
Microsoft.EntityFrameworkCore.DbUpdateException: An error occurred while saving the entity changes. See the inner exception for details.
 ---> Npgsql.PostgresException (0x80004005): 23502: null value in column "company_name" of relation "site_settings" violates not-null constraint

DETAIL: Detail redacted as it may contain sensitive data. Specify 'Include Error Detail' in the connection string to include this information.
   at Npgsql.Internal.NpgsqlConnector.ReadMessageLong(Boolean async, DataRowLoadingMode dataRowLoadingMode, Boolean readingNotifications, Boolean isReadingPrependedMessage)
   at System.Runtime.CompilerServices.PoolingAsyncValueTaskMethodBuilder`1.StateMachineBox`1.System.Threading.Tasks.Sources.IValueTaskSource<TResult>.GetResult(Int16 token)
   at Npgsql.NpgsqlDataReader.NextResult(Boolean async, Boolean isConsuming, CancellationToken cancellationToken)
   at Npgsql.NpgsqlDataReader.NextResult(Boolean async, Boolean isConsuming, CancellationToken cancellationToken)
   at Npgsql.NpgsqlCommand.ExecuteReader(Boolean async, CommandBehavior behavior, CancellationToken cancellationToken)
   at Npgsql.NpgsqlCommand.ExecuteReader(Boolean async, CommandBehavior behavior, CancellationToken cancellationToken)
   at Npgsql.NpgsqlCommand.ExecuteDbDataReaderAsync(CommandBehavior behavior, CancellationToken cancellationToken)
   at Microsoft.EntityFrameworkCore.Storage.RelationalCommand.ExecuteReaderAsync(RelationalCommandParameterObject parameterObject, CancellationToken cancellationToken)
   at Microsoft.EntityFrameworkCore.Storage.RelationalCommand.ExecuteReaderAsync(RelationalCommandParameterObject parameterObject, CancellationToken cancellationToken)
   at Microsoft.EntityFrameworkCore.Update.ReaderModificationCommandBatch.ExecuteAsync(IRelationalConnection connection, CancellationToken cancellationToken)
  Exception data:
    Severity: ERROR
    SqlState: 23502
    MessageText: null value in column "company_name" of relation "site_settings" violates not-null constraint
    Detail: Detail redacted as it may contain sensitive data. Specify 'Include Error Detail' in the connection string to include this information.
    SchemaName: public
    TableName: site_settings
    ColumnName: company_name
    File: execMain.c
    Line: 2057
    Routine: ExecConstraints
   --- End of inner exception stack trace ---
   at Microsoft.EntityFrameworkCore.Update.ReaderModificationCommandBatch.ExecuteAsync(IRelationalConnection connection, CancellationToken cancellationToken)
   at Microsoft.EntityFrameworkCore.Update.Internal.BatchExecutor.ExecuteAsync(IEnumerable`1 commandBatches, IRelationalConnection connection, CancellationToken cancellationToken)
   at Microsoft.EntityFrameworkCore.Update.Internal.BatchExecutor.ExecuteAsync(IEnumerable`1 commandBatches, IRelationalConnection connection, CancellationToken cancellationToken)
   at Microsoft.EntityFrameworkCore.Update.Internal.BatchExecutor.ExecuteAsync(IEnumerable`1 commandBatches, IRelationalConnection connection, CancellationToken cancellationToken)
   at Microsoft.EntityFrameworkCore.Storage.RelationalDatabase.SaveChangesAsync(IList`1 entries, CancellationToken cancellationToken)
   at Microsoft.EntityFrameworkCore.ChangeTracking.Internal.StateManager.SaveChangesAsync(IList`1 entriesToSave, CancellationToken cancellationToken)
   at Microsoft.EntityFrameworkCore.ChangeTracking.Internal.StateManager.SaveChangesAsync(StateManager stateManager, Boolean acceptAllChangesOnSuccess, CancellationToken cancellationToken)
   at Npgsql.EntityFrameworkCore.PostgreSQL.Storage.Internal.NpgsqlExecutionStrategy.ExecuteAsync[TState,TResult](TState state, Func`4 operation, Func`4 verifySucceeded, CancellationToken cancellationToken)
   at Microsoft.EntityFrameworkCore.DbContext.SaveChangesAsync(Boolean acceptAllChangesOnSuccess, CancellationToken cancellationToken)
   at Microsoft.EntityFrameworkCore.DbContext.SaveChangesAsync(Boolean acceptAllChangesOnSuccess, CancellationToken cancellationToken)
   at AquaCMS.Services.SettingsService.UpdateSettingsAsync(SiteSettings settings) in E:\sourceCode\catalog\src\AquaCMS\Services\SettingsService.cs:line 59
   at AquaCMS.Areas.Admin.Controllers.SettingsController.Index(SiteSettings settings, IFormFile logoFile, IFormFile heroImageFile, IFormFile aboutImageFile, IFormFile ogImageFile) in E:\sourceCode\catalog\src\AquaCMS\Areas\Admin\Controllers\SettingsController.cs:line 140
2026-05-14 14:28:46.860 +07:00 [INF] HTTP POST /admin/Settings responded 302 in 369.4609 ms
2026-05-14 14:28:47.042 +07:00 [INF] HTTP GET /admin/Settings responded 200 in 175.8307 ms
2026-05-14 14:28:47.049 +07:00 [INF] HTTP GET /uploads/settings/85eddb21b13c4e56a70ab970ffd354f5.png responded 304 in 0.1542 ms
2026-05-14 14:28:47.255 +07:00 [INF] HTTP POST /hubs/chat/negotiate responded 200 in 0.4884 ms
2026-05-14 14:28:58.820 +07:00 [ERR] Failed executing DbCommand (3ms) [Parameters=[@p61='?' (DbType = Guid), @p0='?', @p1='?', @p2='?', @p3='?', @p4='?', @p5='?', @p6='?', @p7='?', @p8='?', @p9='?', @p10='?', @p11='?', @p12='?', @p13='?', @p14='?', @p15='?' (DbType = Boolean), @p16='?', @p17='?', @p18='?' (DbType = Int32), @p19='?', @p20='?', @p21='?', @p22='?', @p23='?', @p24='?', @p25='?', @p26='?', @p27='?', @p28='?' (DbType = Int32), @p29='?', @p30='?', @p31='?', @p32='?', @p33='?' (DbType = Boolean), @p34='?' (DbType = Boolean), @p35='?' (DbType = Boolean), @p36='?' (DbType = Boolean), @p37='?' (DbType = Boolean), @p38='?' (DbType = Boolean), @p39='?' (DbType = Boolean), @p40='?' (DbType = Boolean), @p41='?' (DbType = Boolean), @p42='?' (DbType = Boolean), @p43='?' (DbType = Boolean), @p44='?' (DbType = Boolean), @p45='?' (DbType = Boolean), @p46='?' (DbType = Boolean), @p47='?' (DbType = Boolean), @p48='?' (DbType = Boolean), @p49='?', @p50='?', @p51='?', @p52='?', @p53='?' (DbType = Int32), @p54='?' (DbType = Boolean), @p55='?', @p56='?', @p57='?', @p58='?' (DbType = DateTime), @p59='?', @p60='?'], CommandType='"Text"', CommandTimeout='30']
UPDATE site_settings SET about_content = @p0, about_image = @p1, about_title = @p2, address = @p3, background_color = @p4, bank_name = @p5, bank_number = @p6, bank_owner = @p7, chat_auto_reply_message = @p8, company_name = @p9, copyright_text = @p10, default_meta_description = @p11, default_meta_title = @p12, default_og_image = @p13, email = @p14, email_enabled = @p15, facebook = @p16, facebook_pixel_id = @p17, featured_products_count = @p18, footer_about_text = @p19, footer_text = @p20, google_analytics_id = @p21, hero_background_image = @p22, hero_button_text = @p23, hero_button_url = @p24, hero_description = @p25, hero_subtitle = @p26, hero_title = @p27, latest_posts_count = @p28, logo = @p29, notification_email = @p30, phone = @p31, primary_color = @p32, show_banners = @p33, show_categories = @p34, show_facebook = @p35, show_featured_products = @p36, show_footer = @p37, show_hotline = @p38, show_latest_posts = @p39, show_nav_cart = @p40, show_nav_knowledge = @p41, show_nav_partners = @p42, show_nav_products = @p43, show_partners = @p44, show_telegram = @p45, show_tiktok = @p46, show_youtube = @p47, show_zalo = @p48, smtp_from_email = @p49, smtp_from_name = @p50, smtp_host = @p51, smtp_password = @p52, smtp_port = @p53, smtp_use_ssl = @p54, smtp_user = @p55, telegram = @p56, tiktok = @p57, updated_at = @p58, youtube = @p59, zalo = @p60
WHERE id = @p61;
2026-05-14 14:28:58.825 +07:00 [ERR] An exception occurred in the database while saving changes for context type 'AquaCMS.Data.AppDbContext'.
Microsoft.EntityFrameworkCore.DbUpdateException: An error occurred while saving the entity changes. See the inner exception for details.
 ---> Npgsql.PostgresException (0x80004005): 23502: null value in column "company_name" of relation "site_settings" violates not-null constraint

DETAIL: Detail redacted as it may contain sensitive data. Specify 'Include Error Detail' in the connection string to include this information.
   at Npgsql.Internal.NpgsqlConnector.ReadMessageLong(Boolean async, DataRowLoadingMode dataRowLoadingMode, Boolean readingNotifications, Boolean isReadingPrependedMessage)
   at System.Runtime.CompilerServices.PoolingAsyncValueTaskMethodBuilder`1.StateMachineBox`1.System.Threading.Tasks.Sources.IValueTaskSource<TResult>.GetResult(Int16 token)
   at Npgsql.NpgsqlDataReader.NextResult(Boolean async, Boolean isConsuming, CancellationToken cancellationToken)
   at Npgsql.NpgsqlDataReader.NextResult(Boolean async, Boolean isConsuming, CancellationToken cancellationToken)
   at Npgsql.NpgsqlCommand.ExecuteReader(Boolean async, CommandBehavior behavior, CancellationToken cancellationToken)
   at Npgsql.NpgsqlCommand.ExecuteReader(Boolean async, CommandBehavior behavior, CancellationToken cancellationToken)
   at Npgsql.NpgsqlCommand.ExecuteDbDataReaderAsync(CommandBehavior behavior, CancellationToken cancellationToken)
   at Microsoft.EntityFrameworkCore.Storage.RelationalCommand.ExecuteReaderAsync(RelationalCommandParameterObject parameterObject, CancellationToken cancellationToken)
   at Microsoft.EntityFrameworkCore.Storage.RelationalCommand.ExecuteReaderAsync(RelationalCommandParameterObject parameterObject, CancellationToken cancellationToken)
   at Microsoft.EntityFrameworkCore.Update.ReaderModificationCommandBatch.ExecuteAsync(IRelationalConnection connection, CancellationToken cancellationToken)
  Exception data:
    Severity: ERROR
    SqlState: 23502
    MessageText: null value in column "company_name" of relation "site_settings" violates not-null constraint
    Detail: Detail redacted as it may contain sensitive data. Specify 'Include Error Detail' in the connection string to include this information.
    SchemaName: public
    TableName: site_settings
    ColumnName: company_name
    File: execMain.c
    Line: 2057
    Routine: ExecConstraints
   --- End of inner exception stack trace ---
   at Microsoft.EntityFrameworkCore.Update.ReaderModificationCommandBatch.ExecuteAsync(IRelationalConnection connection, CancellationToken cancellationToken)
   at Microsoft.EntityFrameworkCore.Update.Internal.BatchExecutor.ExecuteAsync(IEnumerable`1 commandBatches, IRelationalConnection connection, CancellationToken cancellationToken)
   at Microsoft.EntityFrameworkCore.Update.Internal.BatchExecutor.ExecuteAsync(IEnumerable`1 commandBatches, IRelationalConnection connection, CancellationToken cancellationToken)
   at Microsoft.EntityFrameworkCore.Update.Internal.BatchExecutor.ExecuteAsync(IEnumerable`1 commandBatches, IRelationalConnection connection, CancellationToken cancellationToken)
   at Microsoft.EntityFrameworkCore.Storage.RelationalDatabase.SaveChangesAsync(IList`1 entries, CancellationToken cancellationToken)
   at Microsoft.EntityFrameworkCore.ChangeTracking.Internal.StateManager.SaveChangesAsync(IList`1 entriesToSave, CancellationToken cancellationToken)
   at Microsoft.EntityFrameworkCore.ChangeTracking.Internal.StateManager.SaveChangesAsync(StateManager stateManager, Boolean acceptAllChangesOnSuccess, CancellationToken cancellationToken)
   at Npgsql.EntityFrameworkCore.PostgreSQL.Storage.Internal.NpgsqlExecutionStrategy.ExecuteAsync[TState,TResult](TState state, Func`4 operation, Func`4 verifySucceeded, CancellationToken cancellationToken)
   at Microsoft.EntityFrameworkCore.DbContext.SaveChangesAsync(Boolean acceptAllChangesOnSuccess, CancellationToken cancellationToken)
Microsoft.EntityFrameworkCore.DbUpdateException: An error occurred while saving the entity changes. See the inner exception for details.
 ---> Npgsql.PostgresException (0x80004005): 23502: null value in column "company_name" of relation "site_settings" violates not-null constraint

DETAIL: Detail redacted as it may contain sensitive data. Specify 'Include Error Detail' in the connection string to include this information.
   at Npgsql.Internal.NpgsqlConnector.ReadMessageLong(Boolean async, DataRowLoadingMode dataRowLoadingMode, Boolean readingNotifications, Boolean isReadingPrependedMessage)
   at System.Runtime.CompilerServices.PoolingAsyncValueTaskMethodBuilder`1.StateMachineBox`1.System.Threading.Tasks.Sources.IValueTaskSource<TResult>.GetResult(Int16 token)
   at Npgsql.NpgsqlDataReader.NextResult(Boolean async, Boolean isConsuming, CancellationToken cancellationToken)
   at Npgsql.NpgsqlDataReader.NextResult(Boolean async, Boolean isConsuming, CancellationToken cancellationToken)
   at Npgsql.NpgsqlCommand.ExecuteReader(Boolean async, CommandBehavior behavior, CancellationToken cancellationToken)
   at Npgsql.NpgsqlCommand.ExecuteReader(Boolean async, CommandBehavior behavior, CancellationToken cancellationToken)
   at Npgsql.NpgsqlCommand.ExecuteDbDataReaderAsync(CommandBehavior behavior, CancellationToken cancellationToken)
   at Microsoft.EntityFrameworkCore.Storage.RelationalCommand.ExecuteReaderAsync(RelationalCommandParameterObject parameterObject, CancellationToken cancellationToken)
   at Microsoft.EntityFrameworkCore.Storage.RelationalCommand.ExecuteReaderAsync(RelationalCommandParameterObject parameterObject, CancellationToken cancellationToken)
   at Microsoft.EntityFrameworkCore.Update.ReaderModificationCommandBatch.ExecuteAsync(IRelationalConnection connection, CancellationToken cancellationToken)
  Exception data:
    Severity: ERROR
    SqlState: 23502
    MessageText: null value in column "company_name" of relation "site_settings" violates not-null constraint
    Detail: Detail redacted as it may contain sensitive data. Specify 'Include Error Detail' in the connection string to include this information.
    SchemaName: public
    TableName: site_settings
    ColumnName: company_name
    File: execMain.c
    Line: 2057
    Routine: ExecConstraints
   --- End of inner exception stack trace ---
   at Microsoft.EntityFrameworkCore.Update.ReaderModificationCommandBatch.ExecuteAsync(IRelationalConnection connection, CancellationToken cancellationToken)
   at Microsoft.EntityFrameworkCore.Update.Internal.BatchExecutor.ExecuteAsync(IEnumerable`1 commandBatches, IRelationalConnection connection, CancellationToken cancellationToken)
   at Microsoft.EntityFrameworkCore.Update.Internal.BatchExecutor.ExecuteAsync(IEnumerable`1 commandBatches, IRelationalConnection connection, CancellationToken cancellationToken)
   at Microsoft.EntityFrameworkCore.Update.Internal.BatchExecutor.ExecuteAsync(IEnumerable`1 commandBatches, IRelationalConnection connection, CancellationToken cancellationToken)
   at Microsoft.EntityFrameworkCore.Storage.RelationalDatabase.SaveChangesAsync(IList`1 entries, CancellationToken cancellationToken)
   at Microsoft.EntityFrameworkCore.ChangeTracking.Internal.StateManager.SaveChangesAsync(IList`1 entriesToSave, CancellationToken cancellationToken)
   at Microsoft.EntityFrameworkCore.ChangeTracking.Internal.StateManager.SaveChangesAsync(StateManager stateManager, Boolean acceptAllChangesOnSuccess, CancellationToken cancellationToken)
   at Npgsql.EntityFrameworkCore.PostgreSQL.Storage.Internal.NpgsqlExecutionStrategy.ExecuteAsync[TState,TResult](TState state, Func`4 operation, Func`4 verifySucceeded, CancellationToken cancellationToken)
   at Microsoft.EntityFrameworkCore.DbContext.SaveChangesAsync(Boolean acceptAllChangesOnSuccess, CancellationToken cancellationToken)
2026-05-14 14:28:58.836 +07:00 [ERR] Lỗi cập nhật site settings
Microsoft.EntityFrameworkCore.DbUpdateException: An error occurred while saving the entity changes. See the inner exception for details.
 ---> Npgsql.PostgresException (0x80004005): 23502: null value in column "company_name" of relation "site_settings" violates not-null constraint

DETAIL: Detail redacted as it may contain sensitive data. Specify 'Include Error Detail' in the connection string to include this information.
   at Npgsql.Internal.NpgsqlConnector.ReadMessageLong(Boolean async, DataRowLoadingMode dataRowLoadingMode, Boolean readingNotifications, Boolean isReadingPrependedMessage)
   at System.Runtime.CompilerServices.PoolingAsyncValueTaskMethodBuilder`1.StateMachineBox`1.System.Threading.Tasks.Sources.IValueTaskSource<TResult>.GetResult(Int16 token)
   at Npgsql.NpgsqlDataReader.NextResult(Boolean async, Boolean isConsuming, CancellationToken cancellationToken)
   at Npgsql.NpgsqlDataReader.NextResult(Boolean async, Boolean isConsuming, CancellationToken cancellationToken)
   at Npgsql.NpgsqlCommand.ExecuteReader(Boolean async, CommandBehavior behavior, CancellationToken cancellationToken)
   at Npgsql.NpgsqlCommand.ExecuteReader(Boolean async, CommandBehavior behavior, CancellationToken cancellationToken)
   at Npgsql.NpgsqlCommand.ExecuteDbDataReaderAsync(CommandBehavior behavior, CancellationToken cancellationToken)
   at Microsoft.EntityFrameworkCore.Storage.RelationalCommand.ExecuteReaderAsync(RelationalCommandParameterObject parameterObject, CancellationToken cancellationToken)
   at Microsoft.EntityFrameworkCore.Storage.RelationalCommand.ExecuteReaderAsync(RelationalCommandParameterObject parameterObject, CancellationToken cancellationToken)
   at Microsoft.EntityFrameworkCore.Update.ReaderModificationCommandBatch.ExecuteAsync(IRelationalConnection connection, CancellationToken cancellationToken)
  Exception data:
    Severity: ERROR
    SqlState: 23502
    MessageText: null value in column "company_name" of relation "site_settings" violates not-null constraint
    Detail: Detail redacted as it may contain sensitive data. Specify 'Include Error Detail' in the connection string to include this information.
    SchemaName: public
    TableName: site_settings
    ColumnName: company_name
    File: execMain.c
    Line: 2057
    Routine: ExecConstraints
   --- End of inner exception stack trace ---
   at Microsoft.EntityFrameworkCore.Update.ReaderModificationCommandBatch.ExecuteAsync(IRelationalConnection connection, CancellationToken cancellationToken)
   at Microsoft.EntityFrameworkCore.Update.Internal.BatchExecutor.ExecuteAsync(IEnumerable`1 commandBatches, IRelationalConnection connection, CancellationToken cancellationToken)
   at Microsoft.EntityFrameworkCore.Update.Internal.BatchExecutor.ExecuteAsync(IEnumerable`1 commandBatches, IRelationalConnection connection, CancellationToken cancellationToken)
   at Microsoft.EntityFrameworkCore.Update.Internal.BatchExecutor.ExecuteAsync(IEnumerable`1 commandBatches, IRelationalConnection connection, CancellationToken cancellationToken)
   at Microsoft.EntityFrameworkCore.Storage.RelationalDatabase.SaveChangesAsync(IList`1 entries, CancellationToken cancellationToken)
   at Microsoft.EntityFrameworkCore.ChangeTracking.Internal.StateManager.SaveChangesAsync(IList`1 entriesToSave, CancellationToken cancellationToken)
   at Microsoft.EntityFrameworkCore.ChangeTracking.Internal.StateManager.SaveChangesAsync(StateManager stateManager, Boolean acceptAllChangesOnSuccess, CancellationToken cancellationToken)
   at Npgsql.EntityFrameworkCore.PostgreSQL.Storage.Internal.NpgsqlExecutionStrategy.ExecuteAsync[TState,TResult](TState state, Func`4 operation, Func`4 verifySucceeded, CancellationToken cancellationToken)
   at Microsoft.EntityFrameworkCore.DbContext.SaveChangesAsync(Boolean acceptAllChangesOnSuccess, CancellationToken cancellationToken)
   at Microsoft.EntityFrameworkCore.DbContext.SaveChangesAsync(Boolean acceptAllChangesOnSuccess, CancellationToken cancellationToken)
   at AquaCMS.Services.SettingsService.UpdateSettingsAsync(SiteSettings settings) in E:\sourceCode\catalog\src\AquaCMS\Services\SettingsService.cs:line 59
   at AquaCMS.Areas.Admin.Controllers.SettingsController.Index(SiteSettings settings, IFormFile logoFile, IFormFile heroImageFile, IFormFile aboutImageFile, IFormFile ogImageFile) in E:\sourceCode\catalog\src\AquaCMS\Areas\Admin\Controllers\SettingsController.cs:line 140
2026-05-14 14:28:58.848 +07:00 [INF] HTTP POST /admin/Settings responded 302 in 42.4075 ms
2026-05-14 14:28:58.863 +07:00 [INF] HTTP GET /admin/Settings responded 200 in 8.9082 ms
2026-05-14 14:28:58.870 +07:00 [INF] HTTP GET /hubs/chat responded 101 in 11556.2885 ms
2026-05-14 14:28:58.975 +07:00 [INF] HTTP POST /hubs/chat/negotiate responded 200 in 0.3277 ms
2026-05-14 14:30:29.175 +07:00 [INF] Cập nhật SiteSettings
2026-05-14 14:30:29.243 +07:00 [INF] HTTP POST /admin/Settings responded 302 in 79.0242 ms
2026-05-14 14:30:29.257 +07:00 [INF] HTTP GET /admin/Settings responded 200 in 8.5992 ms
2026-05-14 14:30:29.265 +07:00 [INF] HTTP GET /hubs/chat responded 101 in 90247.1797 ms
2026-05-14 14:30:29.492 +07:00 [INF] HTTP POST /hubs/chat/negotiate responded 200 in 0.3616 ms
2026-05-14 14:30:31.238 +07:00 [INF] HTTP GET / responded 200 in 36.0455 ms
2026-05-14 14:30:31.239 +07:00 [INF] HTTP GET /hubs/chat responded 101 in 262882.3085 ms
2026-05-14 14:30:31.245 +07:00 [INF] HTTP GET /uploads/settings/85eddb21b13c4e56a70ab970ffd354f5.png responded 304 in 0.2074 ms
2026-05-14 14:30:31.245 +07:00 [INF] HTTP GET /uploads/icons/youtube.png responded 304 in 0.1586 ms
2026-05-14 14:30:31.266 +07:00 [INF] HTTP GET /uploads/icons/zalo.jpg responded 304 in 0.1782 ms
2026-05-14 14:30:31.385 +07:00 [INF] HTTP POST /hubs/chat/negotiate responded 200 in 0.3819 ms
2026-05-14 14:43:08.582 +07:00 [INF] HTTP GET /hubs/chat responded 101 in 757073.5225 ms
2026-05-14 14:43:08.585 +07:00 [INF] HTTP GET /hubs/chat responded 101 in 759038.5332 ms
2026-05-14 14:43:08.586 +07:00 [INF] HTTP POST /hubs/chat/negotiate responded 200 in 0.4562 ms
2026-05-14 14:43:08.588 +07:00 [INF] HTTP POST /hubs/chat/negotiate responded 200 in 0.4313 ms
2026-05-14 14:43:16.307 +07:00 [INF] HTTP POST /hubs/chat/negotiate responded 200 in 73.3842 ms
2026-05-14 14:43:16.307 +07:00 [INF] HTTP POST /hubs/chat/negotiate responded 200 in 74.4683 ms
2026-05-14 14:43:18.994 +07:00 [INF] HTTP GET /uploads/settings/85eddb21b13c4e56a70ab970ffd354f5.png responded 304 in 4.6915 ms
2026-05-14 14:43:18.994 +07:00 [INF] HTTP GET /hubs/chat responded 101 in 2684.5911 ms
2026-05-14 14:43:18.998 +07:00 [INF] HTTP GET /uploads/icons/youtube.png responded 200 in 8.3795 ms
2026-05-14 14:43:19.118 +07:00 [INF] HTTP GET /uploads/icons/zalo.jpg responded 404 in 101.6925 ms
2026-05-14 14:43:19.156 +07:00 [INF] HTTP POST /hubs/chat/negotiate responded 200 in 0.4715 ms
2026-05-14 14:43:19.250 +07:00 [INF] HTTP GET / responded 200 in 2274.5540 ms
2026-05-14 14:44:32.730 +07:00 [INF] HTTP GET / responded 200 in 51.5848 ms
2026-05-14 14:44:32.737 +07:00 [INF] HTTP GET /hubs/chat responded 101 in 73527.4971 ms
2026-05-14 14:44:32.741 +07:00 [INF] HTTP GET /uploads/icons/youtube.png responded 304 in 0.9084 ms
2026-05-14 14:44:32.747 +07:00 [INF] HTTP GET /uploads/icons/zalo.jpg responded 404 in 6.9123 ms
2026-05-14 14:44:32.862 +07:00 [INF] HTTP POST /hubs/chat/negotiate responded 200 in 0.3594 ms
2026-05-14 14:44:33.838 +07:00 [INF] HTTP GET / responded 200 in 28.8561 ms
2026-05-14 14:44:33.844 +07:00 [INF] HTTP GET /hubs/chat responded 101 in 886.7242 ms
2026-05-14 14:44:33.850 +07:00 [INF] HTTP GET /uploads/icons/zalo.jpg responded 404 in 1.7067 ms
2026-05-14 14:44:33.960 +07:00 [INF] HTTP POST /hubs/chat/negotiate responded 200 in 0.5404 ms
2026-05-14 14:44:34.172 +07:00 [INF] HTTP GET / responded 200 in 25.0068 ms
2026-05-14 14:44:34.179 +07:00 [INF] HTTP GET /hubs/chat responded 101 in 119.6800 ms
2026-05-14 14:44:34.184 +07:00 [INF] HTTP GET /uploads/icons/zalo.jpg responded 404 in 1.1840 ms
2026-05-14 14:44:34.305 +07:00 [INF] HTTP POST /hubs/chat/negotiate responded 200 in 0.6702 ms
2026-05-14 14:44:39.307 +07:00 [INF] HTTP POST /hubs/chat/negotiate responded 200 in 0.3073 ms
2026-05-14 14:44:39.308 +07:00 [INF] HTTP GET /hubs/chat responded 101 in 4896.5427 ms
2026-05-14 14:44:39.311 +07:00 [INF] HTTP POST /hubs/chat/negotiate responded 200 in 0.4088 ms
2026-05-14 14:44:39.312 +07:00 [INF] HTTP GET /hubs/chat responded 101 in 82964.6779 ms
2026-05-14 14:45:09.308 +07:00 [INF] HTTP GET /hubs/chat responded 101 in 29996.4115 ms
2026-05-14 14:45:59.571 +07:00 [INF] HTTP GET /uploads/icons/zalo.png responded 200 in 7.0937 ms
2026-05-14 14:45:59.570 +07:00 [INF] HTTP GET /uploads/icons/youtube.png responded 304 in 3.2761 ms
2026-05-14 14:45:59.741 +07:00 [INF] HTTP POST /hubs/chat/negotiate responded 200 in 13.2302 ms
2026-05-14 14:45:59.823 +07:00 [INF] HTTP GET / responded 200 in 2375.4078 ms
2026-05-14 14:46:06.184 +07:00 [INF] HTTP POST /hubs/chat/negotiate responded 200 in 0.7410 ms
2026-05-14 14:46:23.645 +07:00 [INF] HTTP GET /admin/products responded 200 in 218.5743 ms
2026-05-14 14:46:23.656 +07:00 [INF] HTTP GET /hubs/chat responded 101 in 17468.4381 ms
2026-05-14 14:46:23.856 +07:00 [INF] HTTP POST /hubs/chat/negotiate responded 200 in 0.3249 ms
2026-05-14 15:02:26.858 +07:00 [INF] HTTP GET /hubs/chat responded 101 in 987080.9496 ms
2026-05-14 15:02:26.860 +07:00 [INF] HTTP POST /hubs/chat/negotiate responded 200 in 0.4410 ms
2026-05-14 15:02:26.863 +07:00 [INF] HTTP POST /hubs/chat/negotiate responded 200 in 0.3152 ms
2026-05-14 15:02:26.866 +07:00 [INF] HTTP GET /hubs/chat responded 101 in 962932.4794 ms
2026-05-14 15:02:56.871 +07:00 [INF] HTTP GET /hubs/chat responded 101 in 30005.6977 ms
2026-05-14 15:03:28.273 +07:00 [INF] HTTP POST /hubs/chat/negotiate responded 200 in 47.1925 ms
2026-05-14 15:03:38.285 +07:00 [INF] HTTP GET /admin/products responded 200 in 1892.6163 ms
2026-05-14 15:03:38.488 +07:00 [INF] HTTP POST /hubs/chat/negotiate responded 200 in 0.5089 ms
2026-05-14 15:03:42.985 +07:00 [INF] HTTP GET /admin responded 200 in 285.1749 ms
2026-05-14 15:03:42.998 +07:00 [INF] HTTP GET /hubs/chat responded 101 in 4428.3161 ms
2026-05-14 15:03:43.100 +07:00 [INF] HTTP POST /hubs/chat/negotiate responded 200 in 0.6219 ms
2026-05-14 15:03:46.680 +07:00 [INF] HTTP GET /admin/products responded 200 in 37.1739 ms
2026-05-14 15:03:46.685 +07:00 [INF] HTTP GET /hubs/chat responded 101 in 3522.9115 ms
2026-05-14 15:03:46.792 +07:00 [INF] HTTP POST /hubs/chat/negotiate responded 200 in 0.4136 ms
2026-05-14 15:03:50.376 +07:00 [INF] HTTP GET /admin/categories responded 200 in 25.5668 ms
2026-05-14 15:03:50.383 +07:00 [INF] HTTP GET /hubs/chat responded 101 in 3511.5286 ms
2026-05-14 15:03:50.476 +07:00 [INF] HTTP POST /hubs/chat/negotiate responded 200 in 0.2885 ms
2026-05-14 15:03:54.679 +07:00 [INF] HTTP GET /admin/products responded 200 in 16.5807 ms
2026-05-14 15:03:54.685 +07:00 [INF] HTTP GET /hubs/chat responded 101 in 4153.5513 ms
2026-05-14 15:03:54.788 +07:00 [INF] HTTP POST /hubs/chat/negotiate responded 200 in 0.3058 ms
2026-05-14 15:03:58.239 +07:00 [INF] HTTP GET /admin/partners responded 200 in 1214.0382 ms
2026-05-14 15:03:58.246 +07:00 [INF] HTTP GET /hubs/chat responded 101 in 3384.1395 ms
2026-05-14 15:03:58.338 +07:00 [INF] HTTP POST /hubs/chat/negotiate responded 200 in 0.2740 ms
2026-05-14 15:03:59.261 +07:00 [INF] HTTP GET /admin/products responded 200 in 13.7809 ms
2026-05-14 15:03:59.266 +07:00 [INF] HTTP GET /hubs/chat responded 101 in 879.1563 ms
2026-05-14 15:03:59.365 +07:00 [INF] HTTP POST /hubs/chat/negotiate responded 200 in 0.2621 ms
2026-05-14 15:04:09.565 +07:00 [INF] HTTP GET /admin/knowledge responded 200 in 121.2279 ms
2026-05-14 15:04:09.572 +07:00 [INF] HTTP GET /hubs/chat responded 101 in 10141.1487 ms
2026-05-14 15:04:09.676 +07:00 [INF] HTTP POST /hubs/chat/negotiate responded 200 in 0.3312 ms
2026-05-14 15:04:15.621 +07:00 [INF] HTTP GET /hubs/chat responded 101 in 47344.5600 ms
2026-05-14 15:04:15.621 +07:00 [INF] HTTP GET /hubs/chat responded 101 in 5894.9105 ms
2026-05-14 15:04:15.622 +07:00 [INF] HTTP POST /hubs/chat/negotiate responded 200 in 0.4421 ms
2026-05-14 15:04:15.628 +07:00 [INF] HTTP POST /hubs/chat/negotiate responded 200 in 0.3056 ms
2026-05-14 15:04:45.635 +07:00 [INF] HTTP GET /hubs/chat responded 101 in 30009.1209 ms
2026-05-14 15:07:07.492 +07:00 [INF] HTTP GET /admin/knowledge responded 200 in 2034.6675 ms
2026-05-14 15:07:07.695 +07:00 [INF] HTTP POST /hubs/chat/negotiate responded 200 in 9.5587 ms
2026-05-14 15:07:09.541 +07:00 [INF] HTTP GET /admin/knowledge responded 200 in 83.9813 ms
2026-05-14 15:07:09.557 +07:00 [INF] HTTP GET /hubs/chat responded 101 in 1824.8524 ms
2026-05-14 15:07:09.655 +07:00 [INF] HTTP POST /hubs/chat/negotiate responded 200 in 0.8588 ms
2026-05-14 15:07:11.218 +07:00 [INF] HTTP GET /admin/products responded 200 in 220.1724 ms
2026-05-14 15:07:11.222 +07:00 [INF] HTTP GET /hubs/chat responded 101 in 1508.7753 ms
2026-05-14 15:07:11.324 +07:00 [INF] HTTP POST /hubs/chat/negotiate responded 200 in 0.4900 ms
2026-05-14 15:07:15.530 +07:00 [INF] HTTP GET /admin/categories responded 200 in 25.3241 ms
2026-05-14 15:07:15.537 +07:00 [INF] HTTP GET /hubs/chat responded 101 in 4139.1440 ms
2026-05-14 15:07:15.635 +07:00 [INF] HTTP POST /hubs/chat/negotiate responded 200 in 0.4220 ms
2026-05-14 15:08:14.572 +07:00 [INF] HTTP GET /admin/users responded 200 in 64.0914 ms
2026-05-14 15:08:14.579 +07:00 [INF] HTTP GET /hubs/chat responded 101 in 58877.8663 ms
2026-05-14 15:08:14.774 +07:00 [INF] HTTP POST /hubs/chat/negotiate responded 200 in 0.3083 ms
2026-05-14 15:08:16.049 +07:00 [INF] HTTP GET /admin/messages responded 200 in 27.9458 ms
2026-05-14 15:08:16.056 +07:00 [INF] HTTP GET /hubs/chat responded 101 in 1245.9032 ms
2026-05-14 15:08:16.152 +07:00 [INF] HTTP POST /hubs/chat/negotiate responded 200 in 0.3932 ms
2026-05-14 15:08:16.956 +07:00 [INF] HTTP GET /admin/banners responded 200 in 57.7034 ms
2026-05-14 15:08:16.963 +07:00 [INF] HTTP GET /hubs/chat responded 101 in 766.8318 ms
2026-05-14 15:08:17.057 +07:00 [INF] HTTP POST /hubs/chat/negotiate responded 200 in 0.4840 ms
2026-05-14 15:08:19.453 +07:00 [INF] HTTP GET /admin/knowledge responded 200 in 13.7052 ms
2026-05-14 15:08:19.460 +07:00 [INF] HTTP GET /hubs/chat responded 101 in 2363.0030 ms
2026-05-14 15:08:19.551 +07:00 [INF] HTTP POST /hubs/chat/negotiate responded 200 in 0.4360 ms
2026-05-14 15:08:23.656 +07:00 [INF] HTTP GET /admin/knowledge/create responded 200 in 77.9072 ms
2026-05-14 15:08:23.662 +07:00 [INF] HTTP GET /hubs/chat responded 101 in 4058.8954 ms
2026-05-14 15:08:23.777 +07:00 [INF] HTTP POST /hubs/chat/negotiate responded 200 in 0.3553 ms
2026-05-14 15:09:12.510 +07:00 [INF] HTTP GET /hubs/chat responded 101 in 48668.8550 ms
2026-05-14 15:09:12.511 +07:00 [INF] HTTP GET /admin/products responded 200 in 27.7652 ms
2026-05-14 15:09:12.634 +07:00 [INF] HTTP POST /hubs/chat/negotiate responded 200 in 0.2782 ms
2026-05-14 15:09:17.684 +07:00 [INF] HTTP GET /admin/categories responded 200 in 7.9682 ms
2026-05-14 15:09:17.695 +07:00 [INF] HTTP GET /hubs/chat responded 101 in 4978.2960 ms
2026-05-14 15:09:17.930 +07:00 [INF] HTTP POST /hubs/chat/negotiate responded 200 in 0.3473 ms
2026-05-14 15:09:18.480 +07:00 [INF] HTTP GET /admin/products responded 200 in 16.9823 ms
2026-05-14 15:09:18.487 +07:00 [INF] HTTP GET /hubs/chat responded 101 in 473.1640 ms
2026-05-14 15:09:18.622 +07:00 [INF] HTTP POST /hubs/chat/negotiate responded 200 in 0.2343 ms
2026-05-14 15:09:33.070 +07:00 [INF] HTTP GET /admin/products responded 200 in 15.8004 ms
2026-05-14 15:09:33.078 +07:00 [INF] HTTP GET /hubs/chat responded 101 in 14363.3070 ms
2026-05-14 15:09:33.195 +07:00 [INF] HTTP POST /hubs/chat/negotiate responded 200 in 0.4098 ms
2026-05-14 15:09:39.669 +07:00 [INF] HTTP GET /admin/categories responded 200 in 8.8759 ms
2026-05-14 15:09:39.679 +07:00 [INF] HTTP GET /hubs/chat responded 101 in 6382.0107 ms
2026-05-14 15:09:39.797 +07:00 [INF] HTTP POST /hubs/chat/negotiate responded 200 in 0.3459 ms
2026-05-14 15:09:40.247 +07:00 [INF] HTTP GET /admin/products responded 200 in 14.3204 ms
2026-05-14 15:09:40.254 +07:00 [INF] HTTP GET /hubs/chat responded 101 in 387.2745 ms
2026-05-14 15:09:40.383 +07:00 [INF] HTTP POST /hubs/chat/negotiate responded 200 in 0.5249 ms
2026-05-14 15:09:42.243 +07:00 [INF] HTTP GET /admin/knowledge responded 200 in 12.6138 ms
2026-05-14 15:09:42.252 +07:00 [INF] HTTP GET /hubs/chat responded 101 in 1782.1146 ms
2026-05-14 15:09:42.371 +07:00 [INF] HTTP POST /hubs/chat/negotiate responded 200 in 0.2572 ms
2026-05-14 15:09:42.588 +07:00 [INF] HTTP GET /admin/knowledgecategories responded 200 in 26.4618 ms
2026-05-14 15:09:42.595 +07:00 [INF] HTTP GET /hubs/chat responded 101 in 163.2349 ms
2026-05-14 15:09:42.701 +07:00 [INF] HTTP POST /hubs/chat/negotiate responded 200 in 0.2450 ms
2026-05-14 15:09:43.264 +07:00 [INF] HTTP GET /admin/knowledge responded 200 in 11.6593 ms
2026-05-14 15:09:43.272 +07:00 [INF] HTTP GET /hubs/chat responded 101 in 510.2422 ms
2026-05-14 15:09:43.379 +07:00 [INF] HTTP POST /hubs/chat/negotiate responded 200 in 0.3375 ms
2026-05-14 15:09:46.485 +07:00 [INF] HTTP GET /admin/partners responded 200 in 130.2114 ms
2026-05-14 15:09:46.492 +07:00 [INF] HTTP GET /hubs/chat responded 101 in 3037.0075 ms
2026-05-14 15:09:46.602 +07:00 [INF] HTTP POST /hubs/chat/negotiate responded 200 in 0.2013 ms
2026-05-14 15:09:54.663 +07:00 [INF] HTTP GET /admin/partners/edit/d62840f4-0e38-4a2c-be39-6ff2fcd27c3f responded 200 in 94.4539 ms
2026-05-14 15:09:54.669 +07:00 [INF] HTTP GET /hubs/chat responded 101 in 8006.6313 ms
2026-05-14 15:09:54.821 +07:00 [INF] HTTP POST /hubs/chat/negotiate responded 200 in 0.2242 ms
2026-05-14 15:12:17.850 +07:00 [INF] HTTP GET /hubs/chat responded 101 in 142937.8952 ms
2026-05-14 15:12:17.853 +07:00 [INF] HTTP POST /hubs/chat/negotiate responded 200 in 0.1998 ms
2026-05-14 15:12:33.565 +07:00 [INF] HTTP POST /hubs/chat/negotiate responded 200 in 96.6091 ms
2026-05-14 15:12:36.056 +07:00 [INF] HTTP GET /uploads/icons/youtube.png responded 304 in 5.4673 ms
2026-05-14 15:12:36.056 +07:00 [INF] HTTP GET /uploads/settings/85eddb21b13c4e56a70ab970ffd354f5.png responded 304 in 5.4713 ms
2026-05-14 15:12:36.088 +07:00 [INF] HTTP GET /uploads/icons/zalo.png responded 304 in 0.6111 ms
2026-05-14 15:12:36.317 +07:00 [INF] HTTP POST /hubs/chat/negotiate responded 200 in 0.8055 ms
2026-05-14 15:12:36.494 +07:00 [INF] HTTP GET / responded 200 in 3030.0417 ms
2026-05-14 15:12:41.978 +07:00 [INF] HTTP GET / responded 200 in 70.7336 ms
2026-05-14 15:12:41.993 +07:00 [INF] HTTP GET /hubs/chat responded 101 in 5595.2658 ms
2026-05-14 15:12:42.158 +07:00 [INF] HTTP POST /hubs/chat/negotiate responded 200 in 1.0736 ms
2026-05-14 15:12:48.386 +07:00 [INF] HTTP GET /admin/settings responded 200 in 543.5754 ms
2026-05-14 15:12:48.393 +07:00 [INF] HTTP GET /hubs/chat responded 101 in 14817.0468 ms
2026-05-14 15:12:48.609 +07:00 [INF] HTTP POST /hubs/chat/negotiate responded 200 in 0.4340 ms
2026-05-14 15:12:55.310 +07:00 [INF] HTTP GET /admin/messages responded 200 in 60.7756 ms
2026-05-14 15:12:55.317 +07:00 [INF] HTTP GET /hubs/chat responded 101 in 6644.9249 ms
2026-05-14 15:12:55.466 +07:00 [INF] HTTP POST /hubs/chat/negotiate responded 200 in 0.3859 ms
2026-05-14 15:12:56.665 +07:00 [INF] HTTP GET /admin/partners responded 200 in 245.1827 ms
2026-05-14 15:12:56.672 +07:00 [INF] HTTP GET /hubs/chat responded 101 in 1156.1330 ms
2026-05-14 15:12:56.810 +07:00 [INF] HTTP POST /hubs/chat/negotiate responded 200 in 0.3651 ms
2026-05-14 15:13:01.448 +07:00 [INF] HTTP GET /admin/knowledge responded 200 in 105.2061 ms
2026-05-14 15:13:01.455 +07:00 [INF] HTTP GET /hubs/chat responded 101 in 4569.8358 ms
2026-05-14 15:13:01.581 +07:00 [INF] HTTP POST /hubs/chat/negotiate responded 200 in 0.6598 ms
2026-05-14 15:13:04.340 +07:00 [INF] HTTP GET /admin/knowledge/edit/17b97b0a-da30-457d-bbe3-150ae4fa3a40 responded 200 in 97.9940 ms
2026-05-14 15:13:04.348 +07:00 [INF] HTTP GET /hubs/chat responded 101 in 2695.7508 ms
2026-05-14 15:13:04.518 +07:00 [INF] HTTP POST /hubs/chat/negotiate responded 200 in 0.3962 ms
2026-05-14 15:13:06.226 +07:00 [INF] HTTP GET /admin/knowledge responded 200 in 23.0905 ms
2026-05-14 15:13:06.237 +07:00 [INF] HTTP GET /hubs/chat responded 101 in 1626.2176 ms
2026-05-14 15:13:06.381 +07:00 [INF] HTTP POST /hubs/chat/negotiate responded 200 in 0.3165 ms
2026-05-14 15:13:06.880 +07:00 [INF] HTTP GET /admin/knowledge/create responded 200 in 27.4049 ms
2026-05-14 15:13:06.887 +07:00 [INF] HTTP GET /hubs/chat responded 101 in 435.4694 ms
2026-05-14 15:13:07.023 +07:00 [INF] HTTP POST /hubs/chat/negotiate responded 200 in 0.5477 ms
2026-05-14 15:13:29.047 +07:00 [INF] HTTP GET /hubs/chat responded 101 in 46758.2970 ms
2026-05-14 15:13:29.048 +07:00 [INF] HTTP POST /hubs/chat/negotiate responded 200 in 0.6015 ms
2026-05-14 15:13:29.049 +07:00 [INF] HTTP GET /hubs/chat responded 101 in 21936.0871 ms
2026-05-14 15:13:29.052 +07:00 [INF] HTTP POST /hubs/chat/negotiate responded 200 in 0.5371 ms
2026-05-14 15:13:59.048 +07:00 [INF] HTTP GET /hubs/chat responded 101 in 29996.0172 ms
2026-05-14 15:18:23.354 +07:00 [INF] HTTP GET /admin/categories responded 200 in 1696.9357 ms
2026-05-14 15:18:23.611 +07:00 [INF] HTTP POST /hubs/chat/negotiate responded 200 in 8.7745 ms
2026-05-14 15:18:32.149 +07:00 [INF] HTTP GET /admin/products responded 200 in 269.4656 ms
2026-05-14 15:18:32.165 +07:00 [INF] HTTP GET /hubs/chat responded 101 in 8474.2063 ms
2026-05-14 15:18:32.286 +07:00 [INF] HTTP POST /hubs/chat/negotiate responded 200 in 0.9414 ms
2026-05-14 15:18:35.371 +07:00 [INF] HTTP GET /admin/products responded 200 in 40.5705 ms
2026-05-14 15:18:35.378 +07:00 [INF] HTTP GET /hubs/chat responded 101 in 2990.9130 ms
2026-05-14 15:18:35.483 +07:00 [INF] HTTP POST /hubs/chat/negotiate responded 200 in 0.4343 ms
2026-05-14 15:18:43.005 +07:00 [INF] HTTP GET /admin/categories responded 200 in 8.3923 ms
2026-05-14 15:18:43.012 +07:00 [INF] HTTP GET /hubs/chat responded 101 in 7461.0374 ms
2026-05-14 15:18:43.099 +07:00 [INF] HTTP POST /hubs/chat/negotiate responded 200 in 0.3751 ms
2026-05-14 15:18:46.339 +07:00 [INF] HTTP GET /admin/products responded 200 in 20.3822 ms
2026-05-14 15:18:46.346 +07:00 [INF] HTTP GET /hubs/chat responded 101 in 3190.7650 ms
2026-05-14 15:18:46.470 +07:00 [INF] HTTP POST /hubs/chat/negotiate responded 200 in 0.4194 ms
2026-05-14 15:19:07.499 +07:00 [INF] HTTP GET /admin/knowledge responded 200 in 299.1539 ms
2026-05-14 15:19:07.506 +07:00 [INF] HTTP GET /hubs/chat responded 101 in 20953.3688 ms
2026-05-14 15:19:07.607 +07:00 [INF] HTTP POST /hubs/chat/negotiate responded 200 in 0.3402 ms
2026-05-14 15:19:10.299 +07:00 [INF] HTTP GET /admin/knowledge/create responded 200 in 63.7600 ms
2026-05-14 15:19:10.305 +07:00 [INF] HTTP GET /hubs/chat responded 101 in 2642.5150 ms
2026-05-14 15:19:10.418 +07:00 [INF] HTTP POST /hubs/chat/negotiate responded 200 in 0.3103 ms
2026-05-14 15:19:14.716 +07:00 [INF] Upload thành công: /uploads/content/a514b5b98052419c874ecf2c314e643c.png (217265 bytes)
2026-05-14 15:19:14.739 +07:00 [INF] HTTP POST /admin/api/upload responded 200 in 71.6406 ms
2026-05-14 15:19:14.758 +07:00 [INF] HTTP GET /uploads/content/a514b5b98052419c874ecf2c314e643c.png responded 200 in 12.4176 ms
2026-05-14 15:19:56.632 +07:00 [INF] HTTP GET /admin/partners responded 200 in 118.7268 ms
2026-05-14 15:19:56.638 +07:00 [INF] HTTP GET /hubs/chat responded 101 in 46159.9873 ms
2026-05-14 15:19:56.842 +07:00 [INF] HTTP POST /hubs/chat/negotiate responded 200 in 0.4180 ms
2026-05-14 15:19:58.059 +07:00 [INF] HTTP GET /admin/partners/create responded 200 in 65.4177 ms
2026-05-14 15:19:58.066 +07:00 [INF] HTTP GET /hubs/chat responded 101 in 1172.6143 ms
2026-05-14 15:19:58.188 +07:00 [INF] HTTP POST /hubs/chat/negotiate responded 200 in 0.3254 ms
2026-05-14 15:20:00.548 +07:00 [INF] HTTP GET /admin/products responded 200 in 19.7100 ms
2026-05-14 15:20:00.548 +07:00 [INF] HTTP GET /hubs/chat responded 101 in 2299.6025 ms
2026-05-14 15:20:00.643 +07:00 [INF] HTTP POST /hubs/chat/negotiate responded 200 in 0.2572 ms
2026-05-14 15:20:01.846 +07:00 [INF] HTTP GET /admin/categories responded 200 in 7.4844 ms
2026-05-14 15:20:01.853 +07:00 [INF] HTTP GET /hubs/chat responded 101 in 1141.7337 ms
2026-05-14 15:20:01.940 +07:00 [INF] HTTP POST /hubs/chat/negotiate responded 200 in 0.4757 ms
2026-05-14 15:21:27.966 +07:00 [INF] HTTP GET /admin/products responded 200 in 15.4447 ms
2026-05-14 15:21:27.973 +07:00 [INF] HTTP GET /hubs/chat responded 101 in 85980.2167 ms
2026-05-14 15:21:28.273 +07:00 [INF] HTTP POST /hubs/chat/negotiate responded 200 in 0.2962 ms
2026-05-14 15:22:38.741 +07:00 [INF] HTTP GET /admin/categories responded 200 in 6.9017 ms
2026-05-14 15:22:38.751 +07:00 [INF] HTTP GET /hubs/chat responded 101 in 70411.6854 ms
2026-05-14 15:22:38.968 +07:00 [INF] HTTP POST /hubs/chat/negotiate responded 200 in 0.3679 ms
2026-05-14 15:23:04.308 +07:00 [INF] HTTP GET /admin/products responded 200 in 15.5579 ms
2026-05-14 15:23:04.316 +07:00 [INF] HTTP GET /hubs/chat responded 101 in 25291.1024 ms
2026-05-14 15:23:04.424 +07:00 [INF] HTTP POST /hubs/chat/negotiate responded 200 in 0.3649 ms
2026-05-14 15:23:30.084 +07:00 [INF] HTTP GET /admin/categories responded 200 in 40.9315 ms
2026-05-14 15:23:30.091 +07:00 [INF] HTTP GET /hubs/chat responded 101 in 25595.9966 ms
2026-05-14 15:23:30.194 +07:00 [INF] HTTP POST /hubs/chat/negotiate responded 200 in 0.3744 ms
2026-05-14 15:23:39.529 +07:00 [INF] HTTP GET /admin/products responded 200 in 18.4077 ms
2026-05-14 15:23:39.536 +07:00 [INF] HTTP GET /hubs/chat responded 101 in 9287.1477 ms
2026-05-14 15:23:39.731 +07:00 [INF] HTTP POST /hubs/chat/negotiate responded 200 in 0.4465 ms
2026-05-14 15:23:54.622 +07:00 [INF] HTTP GET /admin/categories responded 200 in 7.1027 ms
2026-05-14 15:23:54.630 +07:00 [INF] HTTP GET /hubs/chat responded 101 in 14822.6978 ms
2026-05-14 15:23:54.734 +07:00 [INF] HTTP POST /hubs/chat/negotiate responded 200 in 0.2775 ms
2026-05-14 15:24:07.792 +07:00 [INF] HTTP GET /admin/products responded 200 in 16.3164 ms
2026-05-14 15:24:07.798 +07:00 [INF] HTTP GET /hubs/chat responded 101 in 13008.2914 ms
2026-05-14 15:24:07.913 +07:00 [INF] HTTP POST /hubs/chat/negotiate responded 200 in 0.2905 ms
2026-05-14 15:24:26.640 +07:00 [INF] HTTP GET /admin/categories responded 200 in 6.7965 ms
2026-05-14 15:24:26.648 +07:00 [INF] HTTP GET /hubs/chat responded 101 in 18660.1461 ms
2026-05-14 15:24:26.741 +07:00 [INF] HTTP POST /hubs/chat/negotiate responded 200 in 0.2051 ms
2026-05-14 15:24:27.751 +07:00 [INF] HTTP GET /admin/products responded 200 in 14.6029 ms
2026-05-14 15:24:27.757 +07:00 [INF] HTTP GET /hubs/chat responded 101 in 961.9633 ms
2026-05-14 15:24:27.860 +07:00 [INF] HTTP POST /hubs/chat/negotiate responded 200 in 0.3276 ms
2026-05-14 15:24:28.377 +07:00 [INF] HTTP GET /admin/categories responded 200 in 6.8158 ms
2026-05-14 15:24:28.385 +07:00 [INF] HTTP GET /hubs/chat responded 101 in 454.0869 ms
2026-05-14 15:24:28.477 +07:00 [INF] HTTP POST /hubs/chat/negotiate responded 200 in 0.1880 ms
2026-05-14 15:24:37.862 +07:00 [INF] HTTP GET /admin/products responded 200 in 13.2062 ms
2026-05-14 15:24:37.868 +07:00 [INF] HTTP GET /hubs/chat responded 101 in 9337.5509 ms
2026-05-14 15:24:37.966 +07:00 [INF] HTTP POST /hubs/chat/negotiate responded 200 in 0.1994 ms
2026-05-14 15:24:38.585 +07:00 [INF] HTTP GET /admin/categories responded 200 in 5.9291 ms
2026-05-14 15:24:38.592 +07:00 [INF] HTTP GET /hubs/chat responded 101 in 554.0569 ms
2026-05-14 15:24:38.784 +07:00 [INF] HTTP POST /hubs/chat/negotiate responded 200 in 0.2225 ms
2026-05-14 15:25:30.507 +07:00 [INF] HTTP GET /hubs/chat responded 101 in 51666.5605 ms
2026-05-14 15:25:30.509 +07:00 [INF] HTTP POST /hubs/chat/negotiate responded 200 in 0.1974 ms
2026-05-14 15:29:26.598 +07:00 [INF] HTTP GET /admin/categories responded 200 in 1825.6340 ms
2026-05-14 15:29:26.922 +07:00 [INF] HTTP POST /hubs/chat/negotiate responded 200 in 21.3025 ms
2026-05-14 15:29:32.807 +07:00 [INF] HTTP GET /admin/products responded 200 in 272.7968 ms
2026-05-14 15:29:32.820 +07:00 [INF] HTTP GET /hubs/chat responded 101 in 5843.9729 ms
2026-05-14 15:29:32.925 +07:00 [INF] HTTP POST /hubs/chat/negotiate responded 200 in 0.6131 ms
2026-05-14 15:29:35.819 +07:00 [INF] HTTP GET /admin/products responded 200 in 69.1070 ms
2026-05-14 15:29:35.827 +07:00 [INF] HTTP GET /hubs/chat responded 101 in 2826.2530 ms
2026-05-14 15:29:35.925 +07:00 [INF] HTTP POST /hubs/chat/negotiate responded 200 in 0.5108 ms
2026-05-14 15:29:38.554 +07:00 [INF] HTTP GET /admin/products responded 200 in 16.4004 ms
2026-05-14 15:29:38.560 +07:00 [INF] HTTP GET /hubs/chat responded 101 in 2582.2720 ms
2026-05-14 15:29:38.652 +07:00 [INF] HTTP POST /hubs/chat/negotiate responded 200 in 0.3759 ms
2026-05-14 15:29:46.685 +07:00 [INF] HTTP GET /admin/categories responded 200 in 10.2762 ms
2026-05-14 15:29:46.697 +07:00 [INF] HTTP GET /hubs/chat responded 101 in 7992.2578 ms
2026-05-14 15:29:46.797 +07:00 [INF] HTTP POST /hubs/chat/negotiate responded 200 in 0.3020 ms
2026-05-14 15:29:48.096 +07:00 [INF] HTTP GET /admin/settings responded 200 in 353.4281 ms
2026-05-14 15:29:48.102 +07:00 [INF] HTTP GET /hubs/chat responded 101 in 1253.8947 ms
2026-05-14 15:29:48.109 +07:00 [INF] HTTP GET /uploads/settings/85eddb21b13c4e56a70ab970ffd354f5.png responded 304 in 3.0771 ms
2026-05-14 15:29:48.193 +07:00 [INF] HTTP POST /hubs/chat/negotiate responded 200 in 0.3699 ms
2026-05-14 15:32:06.297 +07:00 [INF] HTTP GET /hubs/chat responded 101 in 138045.4952 ms
2026-05-14 15:32:06.297 +07:00 [INF] HTTP POST /hubs/chat/negotiate responded 200 in 0.3071 ms
2026-05-14 15:32:36.307 +07:00 [INF] HTTP GET /hubs/chat responded 101 in 30005.7259 ms
2026-05-14 15:32:49.266 +07:00 [INF] HTTP POST /hubs/chat/negotiate responded 200 in 46.8209 ms
2026-05-14 15:32:55.151 +07:00 [INF] HTTP GET /uploads/icons/youtube.png responded 304 in 3.8260 ms
2026-05-14 15:32:55.151 +07:00 [INF] HTTP GET /uploads/settings/85eddb21b13c4e56a70ab970ffd354f5.png responded 304 in 3.6739 ms
2026-05-14 15:32:55.172 +07:00 [INF] HTTP GET /uploads/icons/zalo.png responded 304 in 0.4243 ms
2026-05-14 15:32:55.299 +07:00 [INF] HTTP POST /hubs/chat/negotiate responded 200 in 1.1654 ms
2026-05-14 15:32:55.409 +07:00 [INF] HTTP GET / responded 200 in 2216.8623 ms
2026-05-14 15:33:28.622 +07:00 [INF] Upload thành công: /uploads/settings/beab110c755a43038d0ef5a6deab4b51.png (571941 bytes)
2026-05-14 15:33:28.696 +07:00 [INF] Cập nhật SiteSettings
2026-05-14 15:33:28.790 +07:00 [INF] HTTP POST /admin/settings responded 302 in 504.2797 ms
2026-05-14 15:33:28.999 +07:00 [INF] HTTP GET /admin/Settings responded 200 in 201.4699 ms
2026-05-14 15:33:29.015 +07:00 [INF] HTTP GET /hubs/chat responded 101 in 39745.1341 ms
2026-05-14 15:33:29.034 +07:00 [INF] HTTP GET /uploads/settings/beab110c755a43038d0ef5a6deab4b51.png responded 200 in 21.8610 ms
2026-05-14 15:33:29.236 +07:00 [INF] HTTP POST /hubs/chat/negotiate responded 200 in 0.4211 ms
2026-05-14 15:33:33.064 +07:00 [INF] HTTP GET / responded 200 in 33.3916 ms
2026-05-14 15:33:33.070 +07:00 [INF] HTTP GET /hubs/chat responded 101 in 37725.1192 ms
2026-05-14 15:33:33.224 +07:00 [INF] HTTP POST /hubs/chat/negotiate responded 200 in 0.4199 ms
2026-05-14 15:33:34.028 +07:00 [INF] HTTP GET /uploads/settings/beab110c755a43038d0ef5a6deab4b51.png responded 304 in 0.6641 ms
2026-05-14 15:36:53.921 +07:00 [INF] HTTP GET /hubs/chat responded 101 in 204603.4515 ms
2026-05-14 15:36:53.922 +07:00 [INF] HTTP POST /hubs/chat/negotiate responded 200 in 0.4393 ms
2026-05-14 15:36:53.925 +07:00 [INF] HTTP POST /hubs/chat/negotiate responded 200 in 0.3145 ms
2026-05-14 15:36:53.927 +07:00 [INF] HTTP GET /hubs/chat responded 101 in 200580.9700 ms
2026-05-14 15:37:23.931 +07:00 [INF] HTTP GET /hubs/chat responded 101 in 30005.6645 ms
2026-05-14 15:38:22.792 +07:00 [INF] HTTP POST /hubs/chat/negotiate responded 200 in 50.3138 ms
2026-05-14 15:38:33.477 +07:00 [INF] HTTP GET /admin/Settings responded 200 in 1824.9911 ms
2026-05-14 15:38:33.487 +07:00 [INF] HTTP GET /uploads/settings/85eddb21b13c4e56a70ab970ffd354f5.png responded 304 in 4.9026 ms
2026-05-14 15:38:33.487 +07:00 [INF] HTTP GET /uploads/settings/beab110c755a43038d0ef5a6deab4b51.png responded 304 in 3.9609 ms
2026-05-14 15:38:33.487 +07:00 [INF] HTTP GET /hubs/chat responded 101 in 10692.7556 ms
2026-05-14 15:38:33.672 +07:00 [INF] HTTP POST /hubs/chat/negotiate responded 200 in 0.6428 ms
2026-05-14 15:38:41.590 +07:00 [INF] HTTP GET /uploads/icons/youtube.png responded 304 in 0.2696 ms
2026-05-14 15:38:41.590 +07:00 [INF] HTTP GET /uploads/icons/zalo.png responded 304 in 0.2323 ms
2026-05-14 15:38:41.595 +07:00 [INF] HTTP GET /uploads/settings/beab110c755a43038d0ef5a6deab4b51.png responded 304 in 0.2662 ms
2026-05-14 15:38:41.656 +07:00 [INF] HTTP POST /hubs/chat/negotiate responded 200 in 0.6400 ms
2026-05-14 15:38:41.725 +07:00 [INF] HTTP GET / responded 200 in 792.0098 ms
2026-05-14 15:38:42.567 +07:00 [INF] HTTP GET /admin/Settings responded 200 in 18.2329 ms
2026-05-14 15:38:42.574 +07:00 [INF] HTTP GET /hubs/chat responded 101 in 8840.3763 ms
2026-05-14 15:38:42.682 +07:00 [INF] HTTP POST /hubs/chat/negotiate responded 200 in 0.2908 ms
2026-05-14 15:38:43.330 +07:00 [INF] HTTP GET /admin/Settings responded 200 in 12.3820 ms
2026-05-14 15:38:43.336 +07:00 [INF] HTTP GET /hubs/chat responded 101 in 598.7943 ms
2026-05-14 15:38:43.431 +07:00 [INF] HTTP POST /hubs/chat/negotiate responded 200 in 0.4275 ms
2026-05-14 15:38:43.610 +07:00 [INF] HTTP GET /admin/Settings responded 200 in 6.4736 ms
2026-05-14 15:38:43.616 +07:00 [INF] HTTP GET /hubs/chat responded 101 in 130.2085 ms
2026-05-14 15:38:43.716 +07:00 [INF] HTTP POST /hubs/chat/negotiate responded 200 in 0.3084 ms
2026-05-14 15:38:44.301 +07:00 [INF] HTTP GET /admin/settings responded 200 in 7.1102 ms
2026-05-14 15:38:44.310 +07:00 [INF] HTTP GET /hubs/chat responded 101 in 540.2824 ms
2026-05-14 15:38:44.437 +07:00 [INF] HTTP POST /hubs/chat/negotiate responded 200 in 0.4501 ms
2026-05-14 15:38:46.061 +07:00 [INF] HTTP GET /admin/profile responded 200 in 52.7136 ms
2026-05-14 15:38:46.069 +07:00 [INF] HTTP GET /hubs/chat responded 101 in 1552.8903 ms
2026-05-14 15:38:46.223 +07:00 [INF] HTTP POST /hubs/chat/negotiate responded 200 in 0.4852 ms
2026-05-14 15:38:46.689 +07:00 [INF] HTTP GET /admin/settings responded 200 in 6.5680 ms
2026-05-14 15:38:46.695 +07:00 [INF] HTTP GET /hubs/chat responded 101 in 395.9905 ms
2026-05-14 15:38:46.806 +07:00 [INF] HTTP POST /hubs/chat/negotiate responded 200 in 0.2990 ms
2026-05-14 15:39:05.783 +07:00 [INF] HTTP GET / responded 200 in 30.2329 ms
2026-05-14 15:39:05.789 +07:00 [INF] HTTP GET /hubs/chat responded 101 in 24084.3182 ms
2026-05-14 15:39:05.906 +07:00 [INF] HTTP POST /hubs/chat/negotiate responded 200 in 0.2873 ms
2026-05-14 15:42:51.092 +07:00 [INF] HTTP GET /hubs/chat responded 101 in 225094.8825 ms
2026-05-14 15:42:51.092 +07:00 [INF] HTTP GET /hubs/chat responded 101 in 244220.5435 ms
2026-05-14 15:42:51.095 +07:00 [INF] HTTP POST /hubs/chat/negotiate responded 200 in 0.4344 ms
2026-05-14 15:47:44.688 +07:00 [ERR] Failed executing DbCommand (41ms) [Parameters=[], CommandType='"Text"', CommandTimeout='30']
SELECT s.id, s.about_content, s.about_image, s.about_title, s.address, s.background_color, s.bank_name, s.bank_number, s.bank_owner, s.chat_auto_reply_message, s.company_name, s.copyright_text, s.default_meta_description, s.default_meta_title, s.default_og_image, s.email, s.email_enabled, s.facebook, s.facebook_pixel_id, s.featured_products_count, s.footer_about_text, s.footer_text, s.google_analytics_id, s."HeroBackgroundImage", s.latest_posts_count, s.logo, s.notification_email, s.phone, s.primary_color, s.show_banners, s.show_categories, s.show_facebook, s.show_featured_products, s.show_footer, s.show_hotline, s.show_latest_posts, s.show_nav_cart, s.show_nav_knowledge, s.show_nav_partners, s.show_nav_products, s.show_partners, s.show_telegram, s.show_tiktok, s.show_youtube, s.show_zalo, s.smtp_from_email, s.smtp_from_name, s.smtp_host, s.smtp_password, s.smtp_port, s.smtp_use_ssl, s.smtp_user, s.telegram, s.tiktok, s.updated_at, s.youtube, s.zalo
FROM site_settings AS s
ORDER BY s.id
LIMIT 1
2026-05-14 15:47:44.761 +07:00 [ERR] An exception occurred while iterating over the results of a query for context type 'AquaCMS.Data.AppDbContext'.
Npgsql.PostgresException (0x80004005): 42703: column s.HeroBackgroundImage does not exist

POSITION: 410
   at Npgsql.Internal.NpgsqlConnector.ReadMessageLong(Boolean async, DataRowLoadingMode dataRowLoadingMode, Boolean readingNotifications, Boolean isReadingPrependedMessage)
   at System.Runtime.CompilerServices.PoolingAsyncValueTaskMethodBuilder`1.StateMachineBox`1.System.Threading.Tasks.Sources.IValueTaskSource<TResult>.GetResult(Int16 token)
   at Npgsql.NpgsqlDataReader.NextResult(Boolean async, Boolean isConsuming, CancellationToken cancellationToken)
   at Npgsql.NpgsqlDataReader.NextResult(Boolean async, Boolean isConsuming, CancellationToken cancellationToken)
   at Npgsql.NpgsqlCommand.ExecuteReader(Boolean async, CommandBehavior behavior, CancellationToken cancellationToken)
   at Npgsql.NpgsqlCommand.ExecuteReader(Boolean async, CommandBehavior behavior, CancellationToken cancellationToken)
   at Npgsql.NpgsqlCommand.ExecuteDbDataReaderAsync(CommandBehavior behavior, CancellationToken cancellationToken)
   at Microsoft.EntityFrameworkCore.Storage.RelationalCommand.ExecuteReaderAsync(RelationalCommandParameterObject parameterObject, CancellationToken cancellationToken)
   at Microsoft.EntityFrameworkCore.Storage.RelationalCommand.ExecuteReaderAsync(RelationalCommandParameterObject parameterObject, CancellationToken cancellationToken)
   at Microsoft.EntityFrameworkCore.Query.Internal.SingleQueryingEnumerable`1.AsyncEnumerator.InitializeReaderAsync(AsyncEnumerator enumerator, CancellationToken cancellationToken)
   at Npgsql.EntityFrameworkCore.PostgreSQL.Storage.Internal.NpgsqlExecutionStrategy.ExecuteAsync[TState,TResult](TState state, Func`4 operation, Func`4 verifySucceeded, CancellationToken cancellationToken)
   at Microsoft.EntityFrameworkCore.Query.Internal.SingleQueryingEnumerable`1.AsyncEnumerator.MoveNextAsync()
  Exception data:
    Severity: ERROR
    SqlState: 42703
    MessageText: column s.HeroBackgroundImage does not exist
    Position: 410
    File: parse_relation.c
    Line: 3722
    Routine: errorMissingColumn
Npgsql.PostgresException (0x80004005): 42703: column s.HeroBackgroundImage does not exist

POSITION: 410
   at Npgsql.Internal.NpgsqlConnector.ReadMessageLong(Boolean async, DataRowLoadingMode dataRowLoadingMode, Boolean readingNotifications, Boolean isReadingPrependedMessage)
   at System.Runtime.CompilerServices.PoolingAsyncValueTaskMethodBuilder`1.StateMachineBox`1.System.Threading.Tasks.Sources.IValueTaskSource<TResult>.GetResult(Int16 token)
   at Npgsql.NpgsqlDataReader.NextResult(Boolean async, Boolean isConsuming, CancellationToken cancellationToken)
   at Npgsql.NpgsqlDataReader.NextResult(Boolean async, Boolean isConsuming, CancellationToken cancellationToken)
   at Npgsql.NpgsqlCommand.ExecuteReader(Boolean async, CommandBehavior behavior, CancellationToken cancellationToken)
   at Npgsql.NpgsqlCommand.ExecuteReader(Boolean async, CommandBehavior behavior, CancellationToken cancellationToken)
   at Npgsql.NpgsqlCommand.ExecuteDbDataReaderAsync(CommandBehavior behavior, CancellationToken cancellationToken)
   at Microsoft.EntityFrameworkCore.Storage.RelationalCommand.ExecuteReaderAsync(RelationalCommandParameterObject parameterObject, CancellationToken cancellationToken)
   at Microsoft.EntityFrameworkCore.Storage.RelationalCommand.ExecuteReaderAsync(RelationalCommandParameterObject parameterObject, CancellationToken cancellationToken)
   at Microsoft.EntityFrameworkCore.Query.Internal.SingleQueryingEnumerable`1.AsyncEnumerator.InitializeReaderAsync(AsyncEnumerator enumerator, CancellationToken cancellationToken)
   at Npgsql.EntityFrameworkCore.PostgreSQL.Storage.Internal.NpgsqlExecutionStrategy.ExecuteAsync[TState,TResult](TState state, Func`4 operation, Func`4 verifySucceeded, CancellationToken cancellationToken)
   at Microsoft.EntityFrameworkCore.Query.Internal.SingleQueryingEnumerable`1.AsyncEnumerator.MoveNextAsync()
  Exception data:
    Severity: ERROR
    SqlState: 42703
    MessageText: column s.HeroBackgroundImage does not exist
    Position: 410
    File: parse_relation.c
    Line: 3722
    Routine: errorMissingColumn
2026-05-14 15:47:44.781 +07:00 [ERR] An unhandled exception has occurred while executing the request.
Npgsql.PostgresException (0x80004005): 42703: column s.HeroBackgroundImage does not exist

POSITION: 410
   at Npgsql.Internal.NpgsqlConnector.ReadMessageLong(Boolean async, DataRowLoadingMode dataRowLoadingMode, Boolean readingNotifications, Boolean isReadingPrependedMessage)
   at System.Runtime.CompilerServices.PoolingAsyncValueTaskMethodBuilder`1.StateMachineBox`1.System.Threading.Tasks.Sources.IValueTaskSource<TResult>.GetResult(Int16 token)
   at Npgsql.NpgsqlDataReader.NextResult(Boolean async, Boolean isConsuming, CancellationToken cancellationToken)
   at Npgsql.NpgsqlDataReader.NextResult(Boolean async, Boolean isConsuming, CancellationToken cancellationToken)
   at Npgsql.NpgsqlCommand.ExecuteReader(Boolean async, CommandBehavior behavior, CancellationToken cancellationToken)
   at Npgsql.NpgsqlCommand.ExecuteReader(Boolean async, CommandBehavior behavior, CancellationToken cancellationToken)
   at Npgsql.NpgsqlCommand.ExecuteDbDataReaderAsync(CommandBehavior behavior, CancellationToken cancellationToken)
   at Microsoft.EntityFrameworkCore.Storage.RelationalCommand.ExecuteReaderAsync(RelationalCommandParameterObject parameterObject, CancellationToken cancellationToken)
   at Microsoft.EntityFrameworkCore.Storage.RelationalCommand.ExecuteReaderAsync(RelationalCommandParameterObject parameterObject, CancellationToken cancellationToken)
   at Microsoft.EntityFrameworkCore.Query.Internal.SingleQueryingEnumerable`1.AsyncEnumerator.InitializeReaderAsync(AsyncEnumerator enumerator, CancellationToken cancellationToken)
   at Npgsql.EntityFrameworkCore.PostgreSQL.Storage.Internal.NpgsqlExecutionStrategy.ExecuteAsync[TState,TResult](TState state, Func`4 operation, Func`4 verifySucceeded, CancellationToken cancellationToken)
   at Microsoft.EntityFrameworkCore.Query.Internal.SingleQueryingEnumerable`1.AsyncEnumerator.MoveNextAsync()
   at Microsoft.EntityFrameworkCore.Query.ShapedQueryCompilingExpressionVisitor.SingleOrDefaultAsync[TSource](IAsyncEnumerable`1 asyncEnumerable, CancellationToken cancellationToken)
   at Microsoft.EntityFrameworkCore.Query.ShapedQueryCompilingExpressionVisitor.SingleOrDefaultAsync[TSource](IAsyncEnumerable`1 asyncEnumerable, CancellationToken cancellationToken)
   at AquaCMS.Services.SettingsService.GetSettingsAsync() in E:\sourceCode\catalog\src\AquaCMS\Services\SettingsService.cs:line 36
   at AquaCMS.Controllers.HomeController.Index() in E:\sourceCode\catalog\src\AquaCMS\Controllers\HomeController.cs:line 38
   at Microsoft.AspNetCore.Mvc.Infrastructure.ActionMethodExecutor.TaskOfIActionResultExecutor.Execute(ActionContext actionContext, IActionResultTypeMapper mapper, ObjectMethodExecutor executor, Object controller, Object[] arguments)
   at Microsoft.AspNetCore.Mvc.Infrastructure.ControllerActionInvoker.<InvokeActionMethodAsync>g__Awaited|12_0(ControllerActionInvoker invoker, ValueTask`1 actionResultValueTask)
   at Microsoft.AspNetCore.Mvc.Infrastructure.ControllerActionInvoker.<InvokeNextActionFilterAsync>g__Awaited|10_0(ControllerActionInvoker invoker, Task lastTask, State next, Scope scope, Object state, Boolean isCompleted)
   at Microsoft.AspNetCore.Mvc.Infrastructure.ControllerActionInvoker.Rethrow(ActionExecutedContextSealed context)
   at Microsoft.AspNetCore.Mvc.Infrastructure.ControllerActionInvoker.Next(State& next, Scope& scope, Object& state, Boolean& isCompleted)
   at Microsoft.AspNetCore.Mvc.Infrastructure.ControllerActionInvoker.<InvokeInnerFilterAsync>g__Awaited|13_0(ControllerActionInvoker invoker, Task lastTask, State next, Scope scope, Object state, Boolean isCompleted)
   at Microsoft.AspNetCore.Mvc.Infrastructure.ResourceInvoker.<InvokeNextResourceFilter>g__Awaited|25_0(ResourceInvoker invoker, Task lastTask, State next, Scope scope, Object state, Boolean isCompleted)
   at Microsoft.AspNetCore.Mvc.Infrastructure.ResourceInvoker.Rethrow(ResourceExecutedContextSealed context)
   at Microsoft.AspNetCore.Mvc.Infrastructure.ResourceInvoker.Next(State& next, Scope& scope, Object& state, Boolean& isCompleted)
   at Microsoft.AspNetCore.Mvc.Infrastructure.ResourceInvoker.<InvokeFilterPipelineAsync>g__Awaited|20_0(ResourceInvoker invoker, Task lastTask, State next, Scope scope, Object state, Boolean isCompleted)
   at Microsoft.AspNetCore.Mvc.Infrastructure.ResourceInvoker.<InvokeAsync>g__Awaited|17_0(ResourceInvoker invoker, Task task, IDisposable scope)
   at Microsoft.AspNetCore.Mvc.Infrastructure.ResourceInvoker.<InvokeAsync>g__Awaited|17_0(ResourceInvoker invoker, Task task, IDisposable scope)
   at Microsoft.AspNetCore.Authorization.AuthorizationMiddleware.Invoke(HttpContext context)
   at Microsoft.AspNetCore.Authentication.AuthenticationMiddleware.Invoke(HttpContext context)
   at Microsoft.AspNetCore.Diagnostics.StatusCodePagesMiddleware.Invoke(HttpContext context)
   at AquaCMS.Modules.Core.Middleware.PageViewTrackingMiddleware.InvokeAsync(HttpContext ctx) in E:\sourceCode\catalog\src\AquaCMS\Modules\Core\Middleware\PageViewTrackingMiddleware.cs:line 43
   at Microsoft.AspNetCore.Diagnostics.DeveloperExceptionPageMiddlewareImpl.Invoke(HttpContext context)
  Exception data:
    Severity: ERROR
    SqlState: 42703
    MessageText: column s.HeroBackgroundImage does not exist
    Position: 410
    File: parse_relation.c
    Line: 3722
    Routine: errorMissingColumn
2026-05-14 15:47:44.837 +07:00 [ERR] HTTP GET / responded 500 in 1526.7529 ms
2026-05-14 15:50:35.797 +07:00 [ERR] Failed executing DbCommand (21ms) [Parameters=[], CommandType='"Text"', CommandTimeout='30']
SELECT s.id, s.about_content, s.about_image, s.about_title, s.address, s.background_color, s.bank_name, s.bank_number, s.bank_owner, s.chat_auto_reply_message, s.company_name, s.copyright_text, s.default_meta_description, s.default_meta_title, s.default_og_image, s.email, s.email_enabled, s.facebook, s.facebook_pixel_id, s.featured_products_count, s.footer_about_text, s.footer_text, s.google_analytics_id, s."HeroBackgroundImage", s.latest_posts_count, s.logo, s.notification_email, s.phone, s.primary_color, s.show_banners, s.show_categories, s.show_facebook, s.show_featured_products, s.show_footer, s.show_hotline, s.show_latest_posts, s.show_nav_cart, s.show_nav_knowledge, s.show_nav_partners, s.show_nav_products, s.show_partners, s.show_telegram, s.show_tiktok, s.show_youtube, s.show_zalo, s.smtp_from_email, s.smtp_from_name, s.smtp_host, s.smtp_password, s.smtp_port, s.smtp_use_ssl, s.smtp_user, s.telegram, s.tiktok, s.updated_at, s.youtube, s.zalo
FROM site_settings AS s
ORDER BY s.id
LIMIT 1
2026-05-14 15:50:35.866 +07:00 [ERR] An exception occurred while iterating over the results of a query for context type 'AquaCMS.Data.AppDbContext'.
Npgsql.PostgresException (0x80004005): 42703: column s.HeroBackgroundImage does not exist

POSITION: 410
   at Npgsql.Internal.NpgsqlConnector.ReadMessageLong(Boolean async, DataRowLoadingMode dataRowLoadingMode, Boolean readingNotifications, Boolean isReadingPrependedMessage)
   at System.Runtime.CompilerServices.PoolingAsyncValueTaskMethodBuilder`1.StateMachineBox`1.System.Threading.Tasks.Sources.IValueTaskSource<TResult>.GetResult(Int16 token)
   at Npgsql.NpgsqlDataReader.NextResult(Boolean async, Boolean isConsuming, CancellationToken cancellationToken)
   at Npgsql.NpgsqlDataReader.NextResult(Boolean async, Boolean isConsuming, CancellationToken cancellationToken)
   at Npgsql.NpgsqlCommand.ExecuteReader(Boolean async, CommandBehavior behavior, CancellationToken cancellationToken)
   at Npgsql.NpgsqlCommand.ExecuteReader(Boolean async, CommandBehavior behavior, CancellationToken cancellationToken)
   at Npgsql.NpgsqlCommand.ExecuteDbDataReaderAsync(CommandBehavior behavior, CancellationToken cancellationToken)
   at Microsoft.EntityFrameworkCore.Storage.RelationalCommand.ExecuteReaderAsync(RelationalCommandParameterObject parameterObject, CancellationToken cancellationToken)
   at Microsoft.EntityFrameworkCore.Storage.RelationalCommand.ExecuteReaderAsync(RelationalCommandParameterObject parameterObject, CancellationToken cancellationToken)
   at Microsoft.EntityFrameworkCore.Query.Internal.SingleQueryingEnumerable`1.AsyncEnumerator.InitializeReaderAsync(AsyncEnumerator enumerator, CancellationToken cancellationToken)
   at Npgsql.EntityFrameworkCore.PostgreSQL.Storage.Internal.NpgsqlExecutionStrategy.ExecuteAsync[TState,TResult](TState state, Func`4 operation, Func`4 verifySucceeded, CancellationToken cancellationToken)
   at Microsoft.EntityFrameworkCore.Query.Internal.SingleQueryingEnumerable`1.AsyncEnumerator.MoveNextAsync()
  Exception data:
    Severity: ERROR
    SqlState: 42703
    MessageText: column s.HeroBackgroundImage does not exist
    Position: 410
    File: parse_relation.c
    Line: 3722
    Routine: errorMissingColumn
Npgsql.PostgresException (0x80004005): 42703: column s.HeroBackgroundImage does not exist

POSITION: 410
   at Npgsql.Internal.NpgsqlConnector.ReadMessageLong(Boolean async, DataRowLoadingMode dataRowLoadingMode, Boolean readingNotifications, Boolean isReadingPrependedMessage)
   at System.Runtime.CompilerServices.PoolingAsyncValueTaskMethodBuilder`1.StateMachineBox`1.System.Threading.Tasks.Sources.IValueTaskSource<TResult>.GetResult(Int16 token)
   at Npgsql.NpgsqlDataReader.NextResult(Boolean async, Boolean isConsuming, CancellationToken cancellationToken)
   at Npgsql.NpgsqlDataReader.NextResult(Boolean async, Boolean isConsuming, CancellationToken cancellationToken)
   at Npgsql.NpgsqlCommand.ExecuteReader(Boolean async, CommandBehavior behavior, CancellationToken cancellationToken)
   at Npgsql.NpgsqlCommand.ExecuteReader(Boolean async, CommandBehavior behavior, CancellationToken cancellationToken)
   at Npgsql.NpgsqlCommand.ExecuteDbDataReaderAsync(CommandBehavior behavior, CancellationToken cancellationToken)
   at Microsoft.EntityFrameworkCore.Storage.RelationalCommand.ExecuteReaderAsync(RelationalCommandParameterObject parameterObject, CancellationToken cancellationToken)
   at Microsoft.EntityFrameworkCore.Storage.RelationalCommand.ExecuteReaderAsync(RelationalCommandParameterObject parameterObject, CancellationToken cancellationToken)
   at Microsoft.EntityFrameworkCore.Query.Internal.SingleQueryingEnumerable`1.AsyncEnumerator.InitializeReaderAsync(AsyncEnumerator enumerator, CancellationToken cancellationToken)
   at Npgsql.EntityFrameworkCore.PostgreSQL.Storage.Internal.NpgsqlExecutionStrategy.ExecuteAsync[TState,TResult](TState state, Func`4 operation, Func`4 verifySucceeded, CancellationToken cancellationToken)
   at Microsoft.EntityFrameworkCore.Query.Internal.SingleQueryingEnumerable`1.AsyncEnumerator.MoveNextAsync()
  Exception data:
    Severity: ERROR
    SqlState: 42703
    MessageText: column s.HeroBackgroundImage does not exist
    Position: 410
    File: parse_relation.c
    Line: 3722
    Routine: errorMissingColumn
2026-05-14 15:50:35.883 +07:00 [ERR] An unhandled exception has occurred while executing the request.
Npgsql.PostgresException (0x80004005): 42703: column s.HeroBackgroundImage does not exist

POSITION: 410
   at Npgsql.Internal.NpgsqlConnector.ReadMessageLong(Boolean async, DataRowLoadingMode dataRowLoadingMode, Boolean readingNotifications, Boolean isReadingPrependedMessage)
   at System.Runtime.CompilerServices.PoolingAsyncValueTaskMethodBuilder`1.StateMachineBox`1.System.Threading.Tasks.Sources.IValueTaskSource<TResult>.GetResult(Int16 token)
   at Npgsql.NpgsqlDataReader.NextResult(Boolean async, Boolean isConsuming, CancellationToken cancellationToken)
   at Npgsql.NpgsqlDataReader.NextResult(Boolean async, Boolean isConsuming, CancellationToken cancellationToken)
   at Npgsql.NpgsqlCommand.ExecuteReader(Boolean async, CommandBehavior behavior, CancellationToken cancellationToken)
   at Npgsql.NpgsqlCommand.ExecuteReader(Boolean async, CommandBehavior behavior, CancellationToken cancellationToken)
   at Npgsql.NpgsqlCommand.ExecuteDbDataReaderAsync(CommandBehavior behavior, CancellationToken cancellationToken)
   at Microsoft.EntityFrameworkCore.Storage.RelationalCommand.ExecuteReaderAsync(RelationalCommandParameterObject parameterObject, CancellationToken cancellationToken)
   at Microsoft.EntityFrameworkCore.Storage.RelationalCommand.ExecuteReaderAsync(RelationalCommandParameterObject parameterObject, CancellationToken cancellationToken)
   at Microsoft.EntityFrameworkCore.Query.Internal.SingleQueryingEnumerable`1.AsyncEnumerator.InitializeReaderAsync(AsyncEnumerator enumerator, CancellationToken cancellationToken)
   at Npgsql.EntityFrameworkCore.PostgreSQL.Storage.Internal.NpgsqlExecutionStrategy.ExecuteAsync[TState,TResult](TState state, Func`4 operation, Func`4 verifySucceeded, CancellationToken cancellationToken)
   at Microsoft.EntityFrameworkCore.Query.Internal.SingleQueryingEnumerable`1.AsyncEnumerator.MoveNextAsync()
   at Microsoft.EntityFrameworkCore.Query.ShapedQueryCompilingExpressionVisitor.SingleOrDefaultAsync[TSource](IAsyncEnumerable`1 asyncEnumerable, CancellationToken cancellationToken)
   at Microsoft.EntityFrameworkCore.Query.ShapedQueryCompilingExpressionVisitor.SingleOrDefaultAsync[TSource](IAsyncEnumerable`1 asyncEnumerable, CancellationToken cancellationToken)
   at AquaCMS.Services.SettingsService.GetSettingsAsync() in E:\sourceCode\catalog\src\AquaCMS\Services\SettingsService.cs:line 36
   at AquaCMS.Controllers.HomeController.Index() in E:\sourceCode\catalog\src\AquaCMS\Controllers\HomeController.cs:line 38
   at Microsoft.AspNetCore.Mvc.Infrastructure.ActionMethodExecutor.TaskOfIActionResultExecutor.Execute(ActionContext actionContext, IActionResultTypeMapper mapper, ObjectMethodExecutor executor, Object controller, Object[] arguments)
   at Microsoft.AspNetCore.Mvc.Infrastructure.ControllerActionInvoker.<InvokeActionMethodAsync>g__Awaited|12_0(ControllerActionInvoker invoker, ValueTask`1 actionResultValueTask)
   at Microsoft.AspNetCore.Mvc.Infrastructure.ControllerActionInvoker.<InvokeNextActionFilterAsync>g__Awaited|10_0(ControllerActionInvoker invoker, Task lastTask, State next, Scope scope, Object state, Boolean isCompleted)
   at Microsoft.AspNetCore.Mvc.Infrastructure.ControllerActionInvoker.Rethrow(ActionExecutedContextSealed context)
   at Microsoft.AspNetCore.Mvc.Infrastructure.ControllerActionInvoker.Next(State& next, Scope& scope, Object& state, Boolean& isCompleted)
   at Microsoft.AspNetCore.Mvc.Infrastructure.ControllerActionInvoker.<InvokeInnerFilterAsync>g__Awaited|13_0(ControllerActionInvoker invoker, Task lastTask, State next, Scope scope, Object state, Boolean isCompleted)
   at Microsoft.AspNetCore.Mvc.Infrastructure.ResourceInvoker.<InvokeNextResourceFilter>g__Awaited|25_0(ResourceInvoker invoker, Task lastTask, State next, Scope scope, Object state, Boolean isCompleted)
   at Microsoft.AspNetCore.Mvc.Infrastructure.ResourceInvoker.Rethrow(ResourceExecutedContextSealed context)
   at Microsoft.AspNetCore.Mvc.Infrastructure.ResourceInvoker.Next(State& next, Scope& scope, Object& state, Boolean& isCompleted)
   at Microsoft.AspNetCore.Mvc.Infrastructure.ResourceInvoker.<InvokeFilterPipelineAsync>g__Awaited|20_0(ResourceInvoker invoker, Task lastTask, State next, Scope scope, Object state, Boolean isCompleted)
   at Microsoft.AspNetCore.Mvc.Infrastructure.ResourceInvoker.<InvokeAsync>g__Awaited|17_0(ResourceInvoker invoker, Task task, IDisposable scope)
   at Microsoft.AspNetCore.Mvc.Infrastructure.ResourceInvoker.<InvokeAsync>g__Awaited|17_0(ResourceInvoker invoker, Task task, IDisposable scope)
   at Microsoft.AspNetCore.Authorization.AuthorizationMiddleware.Invoke(HttpContext context)
   at Microsoft.AspNetCore.Authentication.AuthenticationMiddleware.Invoke(HttpContext context)
   at Microsoft.AspNetCore.Diagnostics.StatusCodePagesMiddleware.Invoke(HttpContext context)
   at AquaCMS.Modules.Core.Middleware.PageViewTrackingMiddleware.InvokeAsync(HttpContext ctx) in E:\sourceCode\catalog\src\AquaCMS\Modules\Core\Middleware\PageViewTrackingMiddleware.cs:line 43
   at Microsoft.AspNetCore.Diagnostics.DeveloperExceptionPageMiddlewareImpl.Invoke(HttpContext context)
  Exception data:
    Severity: ERROR
    SqlState: 42703
    MessageText: column s.HeroBackgroundImage does not exist
    Position: 410
    File: parse_relation.c
    Line: 3722
    Routine: errorMissingColumn
2026-05-14 15:50:35.922 +07:00 [ERR] HTTP GET / responded 500 in 1369.1075 ms
2026-05-14 15:50:37.887 +07:00 [ERR] Failed executing DbCommand (3ms) [Parameters=[], CommandType='"Text"', CommandTimeout='30']
SELECT s.id, s.about_content, s.about_image, s.about_title, s.address, s.background_color, s.bank_name, s.bank_number, s.bank_owner, s.chat_auto_reply_message, s.company_name, s.copyright_text, s.default_meta_description, s.default_meta_title, s.default_og_image, s.email, s.email_enabled, s.facebook, s.facebook_pixel_id, s.featured_products_count, s.footer_about_text, s.footer_text, s.google_analytics_id, s."HeroBackgroundImage", s.latest_posts_count, s.logo, s.notification_email, s.phone, s.primary_color, s.show_banners, s.show_categories, s.show_facebook, s.show_featured_products, s.show_footer, s.show_hotline, s.show_latest_posts, s.show_nav_cart, s.show_nav_knowledge, s.show_nav_partners, s.show_nav_products, s.show_partners, s.show_telegram, s.show_tiktok, s.show_youtube, s.show_zalo, s.smtp_from_email, s.smtp_from_name, s.smtp_host, s.smtp_password, s.smtp_port, s.smtp_use_ssl, s.smtp_user, s.telegram, s.tiktok, s.updated_at, s.youtube, s.zalo
FROM site_settings AS s
ORDER BY s.id
LIMIT 1
2026-05-14 15:50:37.892 +07:00 [ERR] An exception occurred while iterating over the results of a query for context type 'AquaCMS.Data.AppDbContext'.
Npgsql.PostgresException (0x80004005): 42703: column s.HeroBackgroundImage does not exist

POSITION: 410
   at Npgsql.Internal.NpgsqlConnector.ReadMessageLong(Boolean async, DataRowLoadingMode dataRowLoadingMode, Boolean readingNotifications, Boolean isReadingPrependedMessage)
   at System.Runtime.CompilerServices.PoolingAsyncValueTaskMethodBuilder`1.StateMachineBox`1.System.Threading.Tasks.Sources.IValueTaskSource<TResult>.GetResult(Int16 token)
   at Npgsql.NpgsqlDataReader.NextResult(Boolean async, Boolean isConsuming, CancellationToken cancellationToken)
   at Npgsql.NpgsqlDataReader.NextResult(Boolean async, Boolean isConsuming, CancellationToken cancellationToken)
   at Npgsql.NpgsqlCommand.ExecuteReader(Boolean async, CommandBehavior behavior, CancellationToken cancellationToken)
   at Npgsql.NpgsqlCommand.ExecuteReader(Boolean async, CommandBehavior behavior, CancellationToken cancellationToken)
   at Npgsql.NpgsqlCommand.ExecuteDbDataReaderAsync(CommandBehavior behavior, CancellationToken cancellationToken)
   at Microsoft.EntityFrameworkCore.Storage.RelationalCommand.ExecuteReaderAsync(RelationalCommandParameterObject parameterObject, CancellationToken cancellationToken)
   at Microsoft.EntityFrameworkCore.Storage.RelationalCommand.ExecuteReaderAsync(RelationalCommandParameterObject parameterObject, CancellationToken cancellationToken)
   at Microsoft.EntityFrameworkCore.Query.Internal.SingleQueryingEnumerable`1.AsyncEnumerator.InitializeReaderAsync(AsyncEnumerator enumerator, CancellationToken cancellationToken)
   at Npgsql.EntityFrameworkCore.PostgreSQL.Storage.Internal.NpgsqlExecutionStrategy.ExecuteAsync[TState,TResult](TState state, Func`4 operation, Func`4 verifySucceeded, CancellationToken cancellationToken)
   at Microsoft.EntityFrameworkCore.Query.Internal.SingleQueryingEnumerable`1.AsyncEnumerator.MoveNextAsync()
  Exception data:
    Severity: ERROR
    SqlState: 42703
    MessageText: column s.HeroBackgroundImage does not exist
    Position: 410
    File: parse_relation.c
    Line: 3722
    Routine: errorMissingColumn
Npgsql.PostgresException (0x80004005): 42703: column s.HeroBackgroundImage does not exist

POSITION: 410
   at Npgsql.Internal.NpgsqlConnector.ReadMessageLong(Boolean async, DataRowLoadingMode dataRowLoadingMode, Boolean readingNotifications, Boolean isReadingPrependedMessage)
   at System.Runtime.CompilerServices.PoolingAsyncValueTaskMethodBuilder`1.StateMachineBox`1.System.Threading.Tasks.Sources.IValueTaskSource<TResult>.GetResult(Int16 token)
   at Npgsql.NpgsqlDataReader.NextResult(Boolean async, Boolean isConsuming, CancellationToken cancellationToken)
   at Npgsql.NpgsqlDataReader.NextResult(Boolean async, Boolean isConsuming, CancellationToken cancellationToken)
   at Npgsql.NpgsqlCommand.ExecuteReader(Boolean async, CommandBehavior behavior, CancellationToken cancellationToken)
   at Npgsql.NpgsqlCommand.ExecuteReader(Boolean async, CommandBehavior behavior, CancellationToken cancellationToken)
   at Npgsql.NpgsqlCommand.ExecuteDbDataReaderAsync(CommandBehavior behavior, CancellationToken cancellationToken)
   at Microsoft.EntityFrameworkCore.Storage.RelationalCommand.ExecuteReaderAsync(RelationalCommandParameterObject parameterObject, CancellationToken cancellationToken)
   at Microsoft.EntityFrameworkCore.Storage.RelationalCommand.ExecuteReaderAsync(RelationalCommandParameterObject parameterObject, CancellationToken cancellationToken)
   at Microsoft.EntityFrameworkCore.Query.Internal.SingleQueryingEnumerable`1.AsyncEnumerator.InitializeReaderAsync(AsyncEnumerator enumerator, CancellationToken cancellationToken)
   at Npgsql.EntityFrameworkCore.PostgreSQL.Storage.Internal.NpgsqlExecutionStrategy.ExecuteAsync[TState,TResult](TState state, Func`4 operation, Func`4 verifySucceeded, CancellationToken cancellationToken)
   at Microsoft.EntityFrameworkCore.Query.Internal.SingleQueryingEnumerable`1.AsyncEnumerator.MoveNextAsync()
  Exception data:
    Severity: ERROR
    SqlState: 42703
    MessageText: column s.HeroBackgroundImage does not exist
    Position: 410
    File: parse_relation.c
    Line: 3722
    Routine: errorMissingColumn
2026-05-14 15:50:37.902 +07:00 [ERR] An unhandled exception has occurred while executing the request.
Npgsql.PostgresException (0x80004005): 42703: column s.HeroBackgroundImage does not exist

POSITION: 410
   at Npgsql.Internal.NpgsqlConnector.ReadMessageLong(Boolean async, DataRowLoadingMode dataRowLoadingMode, Boolean readingNotifications, Boolean isReadingPrependedMessage)
   at System.Runtime.CompilerServices.PoolingAsyncValueTaskMethodBuilder`1.StateMachineBox`1.System.Threading.Tasks.Sources.IValueTaskSource<TResult>.GetResult(Int16 token)
   at Npgsql.NpgsqlDataReader.NextResult(Boolean async, Boolean isConsuming, CancellationToken cancellationToken)
   at Npgsql.NpgsqlDataReader.NextResult(Boolean async, Boolean isConsuming, CancellationToken cancellationToken)
   at Npgsql.NpgsqlCommand.ExecuteReader(Boolean async, CommandBehavior behavior, CancellationToken cancellationToken)
   at Npgsql.NpgsqlCommand.ExecuteReader(Boolean async, CommandBehavior behavior, CancellationToken cancellationToken)
   at Npgsql.NpgsqlCommand.ExecuteDbDataReaderAsync(CommandBehavior behavior, CancellationToken cancellationToken)
   at Microsoft.EntityFrameworkCore.Storage.RelationalCommand.ExecuteReaderAsync(RelationalCommandParameterObject parameterObject, CancellationToken cancellationToken)
   at Microsoft.EntityFrameworkCore.Storage.RelationalCommand.ExecuteReaderAsync(RelationalCommandParameterObject parameterObject, CancellationToken cancellationToken)
   at Microsoft.EntityFrameworkCore.Query.Internal.SingleQueryingEnumerable`1.AsyncEnumerator.InitializeReaderAsync(AsyncEnumerator enumerator, CancellationToken cancellationToken)
   at Npgsql.EntityFrameworkCore.PostgreSQL.Storage.Internal.NpgsqlExecutionStrategy.ExecuteAsync[TState,TResult](TState state, Func`4 operation, Func`4 verifySucceeded, CancellationToken cancellationToken)
   at Microsoft.EntityFrameworkCore.Query.Internal.SingleQueryingEnumerable`1.AsyncEnumerator.MoveNextAsync()
   at Microsoft.EntityFrameworkCore.Query.ShapedQueryCompilingExpressionVisitor.SingleOrDefaultAsync[TSource](IAsyncEnumerable`1 asyncEnumerable, CancellationToken cancellationToken)
   at Microsoft.EntityFrameworkCore.Query.ShapedQueryCompilingExpressionVisitor.SingleOrDefaultAsync[TSource](IAsyncEnumerable`1 asyncEnumerable, CancellationToken cancellationToken)
   at AquaCMS.Services.SettingsService.GetSettingsAsync() in E:\sourceCode\catalog\src\AquaCMS\Services\SettingsService.cs:line 36
   at AquaCMS.Areas.Admin.Controllers.SettingsController.Index() in E:\sourceCode\catalog\src\AquaCMS\Areas\Admin\Controllers\SettingsController.cs:line 41
   at Microsoft.AspNetCore.Mvc.Infrastructure.ActionMethodExecutor.TaskOfIActionResultExecutor.Execute(ActionContext actionContext, IActionResultTypeMapper mapper, ObjectMethodExecutor executor, Object controller, Object[] arguments)
   at Microsoft.AspNetCore.Mvc.Infrastructure.ControllerActionInvoker.<InvokeActionMethodAsync>g__Awaited|12_0(ControllerActionInvoker invoker, ValueTask`1 actionResultValueTask)
   at Microsoft.AspNetCore.Mvc.Infrastructure.ControllerActionInvoker.<InvokeNextActionFilterAsync>g__Awaited|10_0(ControllerActionInvoker invoker, Task lastTask, State next, Scope scope, Object state, Boolean isCompleted)
   at Microsoft.AspNetCore.Mvc.Infrastructure.ControllerActionInvoker.Rethrow(ActionExecutedContextSealed context)
   at Microsoft.AspNetCore.Mvc.Infrastructure.ControllerActionInvoker.Next(State& next, Scope& scope, Object& state, Boolean& isCompleted)
   at Microsoft.AspNetCore.Mvc.Infrastructure.ControllerActionInvoker.<InvokeInnerFilterAsync>g__Awaited|13_0(ControllerActionInvoker invoker, Task lastTask, State next, Scope scope, Object state, Boolean isCompleted)
   at Microsoft.AspNetCore.Mvc.Infrastructure.ResourceInvoker.<InvokeNextResourceFilter>g__Awaited|25_0(ResourceInvoker invoker, Task lastTask, State next, Scope scope, Object state, Boolean isCompleted)
   at Microsoft.AspNetCore.Mvc.Infrastructure.ResourceInvoker.Rethrow(ResourceExecutedContextSealed context)
   at Microsoft.AspNetCore.Mvc.Infrastructure.ResourceInvoker.Next(State& next, Scope& scope, Object& state, Boolean& isCompleted)
   at Microsoft.AspNetCore.Mvc.Infrastructure.ResourceInvoker.<InvokeFilterPipelineAsync>g__Awaited|20_0(ResourceInvoker invoker, Task lastTask, State next, Scope scope, Object state, Boolean isCompleted)
   at Microsoft.AspNetCore.Mvc.Infrastructure.ResourceInvoker.<InvokeAsync>g__Awaited|17_0(ResourceInvoker invoker, Task task, IDisposable scope)
   at Microsoft.AspNetCore.Mvc.Infrastructure.ResourceInvoker.<InvokeAsync>g__Awaited|17_0(ResourceInvoker invoker, Task task, IDisposable scope)
   at Microsoft.AspNetCore.Authorization.AuthorizationMiddleware.Invoke(HttpContext context)
   at Microsoft.AspNetCore.Authentication.AuthenticationMiddleware.Invoke(HttpContext context)
   at Microsoft.AspNetCore.Diagnostics.StatusCodePagesMiddleware.Invoke(HttpContext context)
   at AquaCMS.Modules.Core.Middleware.PageViewTrackingMiddleware.InvokeAsync(HttpContext ctx) in E:\sourceCode\catalog\src\AquaCMS\Modules\Core\Middleware\PageViewTrackingMiddleware.cs:line 43
   at Microsoft.AspNetCore.Diagnostics.DeveloperExceptionPageMiddlewareImpl.Invoke(HttpContext context)
  Exception data:
    Severity: ERROR
    SqlState: 42703
    MessageText: column s.HeroBackgroundImage does not exist
    Position: 410
    File: parse_relation.c
    Line: 3722
    Routine: errorMissingColumn
2026-05-14 15:50:37.924 +07:00 [ERR] HTTP GET /admin/settings responded 500 in 317.1824 ms
2026-05-14 15:54:34.291 +07:00 [ERR] Failed executing DbCommand (21ms) [Parameters=[], CommandType='"Text"', CommandTimeout='30']
SELECT s.id, s.about_content, s.about_image, s.about_title, s.address, s.background_color, s.bank_name, s.bank_number, s.bank_owner, s.chat_auto_reply_message, s.company_name, s.copyright_text, s.default_meta_description, s.default_meta_title, s.default_og_image, s.email, s.email_enabled, s.facebook, s.facebook_pixel_id, s.featured_products_count, s.footer_about_text, s.footer_text, s.google_analytics_id, s."HeroBackgroundImage", s.latest_posts_count, s.logo, s.notification_email, s.phone, s.primary_color, s.show_banners, s.show_categories, s.show_facebook, s.show_featured_products, s.show_footer, s.show_hotline, s.show_latest_posts, s.show_nav_cart, s.show_nav_knowledge, s.show_nav_partners, s.show_nav_products, s.show_partners, s.show_telegram, s.show_tiktok, s.show_youtube, s.show_zalo, s.smtp_from_email, s.smtp_from_name, s.smtp_host, s.smtp_password, s.smtp_port, s.smtp_use_ssl, s.smtp_user, s.telegram, s.tiktok, s.updated_at, s.youtube, s.zalo
FROM site_settings AS s
ORDER BY s.id
LIMIT 1
2026-05-14 15:54:34.359 +07:00 [ERR] An exception occurred while iterating over the results of a query for context type 'AquaCMS.Data.AppDbContext'.
Npgsql.PostgresException (0x80004005): 42703: column s.HeroBackgroundImage does not exist

POSITION: 410
   at Npgsql.Internal.NpgsqlConnector.ReadMessageLong(Boolean async, DataRowLoadingMode dataRowLoadingMode, Boolean readingNotifications, Boolean isReadingPrependedMessage)
   at System.Runtime.CompilerServices.PoolingAsyncValueTaskMethodBuilder`1.StateMachineBox`1.System.Threading.Tasks.Sources.IValueTaskSource<TResult>.GetResult(Int16 token)
   at Npgsql.NpgsqlDataReader.NextResult(Boolean async, Boolean isConsuming, CancellationToken cancellationToken)
   at Npgsql.NpgsqlDataReader.NextResult(Boolean async, Boolean isConsuming, CancellationToken cancellationToken)
   at Npgsql.NpgsqlCommand.ExecuteReader(Boolean async, CommandBehavior behavior, CancellationToken cancellationToken)
   at Npgsql.NpgsqlCommand.ExecuteReader(Boolean async, CommandBehavior behavior, CancellationToken cancellationToken)
   at Npgsql.NpgsqlCommand.ExecuteDbDataReaderAsync(CommandBehavior behavior, CancellationToken cancellationToken)
   at Microsoft.EntityFrameworkCore.Storage.RelationalCommand.ExecuteReaderAsync(RelationalCommandParameterObject parameterObject, CancellationToken cancellationToken)
   at Microsoft.EntityFrameworkCore.Storage.RelationalCommand.ExecuteReaderAsync(RelationalCommandParameterObject parameterObject, CancellationToken cancellationToken)
   at Microsoft.EntityFrameworkCore.Query.Internal.SingleQueryingEnumerable`1.AsyncEnumerator.InitializeReaderAsync(AsyncEnumerator enumerator, CancellationToken cancellationToken)
   at Npgsql.EntityFrameworkCore.PostgreSQL.Storage.Internal.NpgsqlExecutionStrategy.ExecuteAsync[TState,TResult](TState state, Func`4 operation, Func`4 verifySucceeded, CancellationToken cancellationToken)
   at Microsoft.EntityFrameworkCore.Query.Internal.SingleQueryingEnumerable`1.AsyncEnumerator.MoveNextAsync()
  Exception data:
    Severity: ERROR
    SqlState: 42703
    MessageText: column s.HeroBackgroundImage does not exist
    Position: 410
    File: parse_relation.c
    Line: 3722
    Routine: errorMissingColumn
Npgsql.PostgresException (0x80004005): 42703: column s.HeroBackgroundImage does not exist

POSITION: 410
   at Npgsql.Internal.NpgsqlConnector.ReadMessageLong(Boolean async, DataRowLoadingMode dataRowLoadingMode, Boolean readingNotifications, Boolean isReadingPrependedMessage)
   at System.Runtime.CompilerServices.PoolingAsyncValueTaskMethodBuilder`1.StateMachineBox`1.System.Threading.Tasks.Sources.IValueTaskSource<TResult>.GetResult(Int16 token)
   at Npgsql.NpgsqlDataReader.NextResult(Boolean async, Boolean isConsuming, CancellationToken cancellationToken)
   at Npgsql.NpgsqlDataReader.NextResult(Boolean async, Boolean isConsuming, CancellationToken cancellationToken)
   at Npgsql.NpgsqlCommand.ExecuteReader(Boolean async, CommandBehavior behavior, CancellationToken cancellationToken)
   at Npgsql.NpgsqlCommand.ExecuteReader(Boolean async, CommandBehavior behavior, CancellationToken cancellationToken)
   at Npgsql.NpgsqlCommand.ExecuteDbDataReaderAsync(CommandBehavior behavior, CancellationToken cancellationToken)
   at Microsoft.EntityFrameworkCore.Storage.RelationalCommand.ExecuteReaderAsync(RelationalCommandParameterObject parameterObject, CancellationToken cancellationToken)
   at Microsoft.EntityFrameworkCore.Storage.RelationalCommand.ExecuteReaderAsync(RelationalCommandParameterObject parameterObject, CancellationToken cancellationToken)
   at Microsoft.EntityFrameworkCore.Query.Internal.SingleQueryingEnumerable`1.AsyncEnumerator.InitializeReaderAsync(AsyncEnumerator enumerator, CancellationToken cancellationToken)
   at Npgsql.EntityFrameworkCore.PostgreSQL.Storage.Internal.NpgsqlExecutionStrategy.ExecuteAsync[TState,TResult](TState state, Func`4 operation, Func`4 verifySucceeded, CancellationToken cancellationToken)
   at Microsoft.EntityFrameworkCore.Query.Internal.SingleQueryingEnumerable`1.AsyncEnumerator.MoveNextAsync()
  Exception data:
    Severity: ERROR
    SqlState: 42703
    MessageText: column s.HeroBackgroundImage does not exist
    Position: 410
    File: parse_relation.c
    Line: 3722
    Routine: errorMissingColumn
2026-05-14 15:54:34.375 +07:00 [ERR] An unhandled exception has occurred while executing the request.
Npgsql.PostgresException (0x80004005): 42703: column s.HeroBackgroundImage does not exist

POSITION: 410
   at Npgsql.Internal.NpgsqlConnector.ReadMessageLong(Boolean async, DataRowLoadingMode dataRowLoadingMode, Boolean readingNotifications, Boolean isReadingPrependedMessage)
   at System.Runtime.CompilerServices.PoolingAsyncValueTaskMethodBuilder`1.StateMachineBox`1.System.Threading.Tasks.Sources.IValueTaskSource<TResult>.GetResult(Int16 token)
   at Npgsql.NpgsqlDataReader.NextResult(Boolean async, Boolean isConsuming, CancellationToken cancellationToken)
   at Npgsql.NpgsqlDataReader.NextResult(Boolean async, Boolean isConsuming, CancellationToken cancellationToken)
   at Npgsql.NpgsqlCommand.ExecuteReader(Boolean async, CommandBehavior behavior, CancellationToken cancellationToken)
   at Npgsql.NpgsqlCommand.ExecuteReader(Boolean async, CommandBehavior behavior, CancellationToken cancellationToken)
   at Npgsql.NpgsqlCommand.ExecuteDbDataReaderAsync(CommandBehavior behavior, CancellationToken cancellationToken)
   at Microsoft.EntityFrameworkCore.Storage.RelationalCommand.ExecuteReaderAsync(RelationalCommandParameterObject parameterObject, CancellationToken cancellationToken)
   at Microsoft.EntityFrameworkCore.Storage.RelationalCommand.ExecuteReaderAsync(RelationalCommandParameterObject parameterObject, CancellationToken cancellationToken)
   at Microsoft.EntityFrameworkCore.Query.Internal.SingleQueryingEnumerable`1.AsyncEnumerator.InitializeReaderAsync(AsyncEnumerator enumerator, CancellationToken cancellationToken)
   at Npgsql.EntityFrameworkCore.PostgreSQL.Storage.Internal.NpgsqlExecutionStrategy.ExecuteAsync[TState,TResult](TState state, Func`4 operation, Func`4 verifySucceeded, CancellationToken cancellationToken)
   at Microsoft.EntityFrameworkCore.Query.Internal.SingleQueryingEnumerable`1.AsyncEnumerator.MoveNextAsync()
   at Microsoft.EntityFrameworkCore.Query.ShapedQueryCompilingExpressionVisitor.SingleOrDefaultAsync[TSource](IAsyncEnumerable`1 asyncEnumerable, CancellationToken cancellationToken)
   at Microsoft.EntityFrameworkCore.Query.ShapedQueryCompilingExpressionVisitor.SingleOrDefaultAsync[TSource](IAsyncEnumerable`1 asyncEnumerable, CancellationToken cancellationToken)
   at AquaCMS.Services.SettingsService.GetSettingsAsync() in E:\sourceCode\catalog\src\AquaCMS\Services\SettingsService.cs:line 36
   at AquaCMS.Areas.Admin.Controllers.SettingsController.Index() in E:\sourceCode\catalog\src\AquaCMS\Areas\Admin\Controllers\SettingsController.cs:line 41
   at Microsoft.AspNetCore.Mvc.Infrastructure.ActionMethodExecutor.TaskOfIActionResultExecutor.Execute(ActionContext actionContext, IActionResultTypeMapper mapper, ObjectMethodExecutor executor, Object controller, Object[] arguments)
   at Microsoft.AspNetCore.Mvc.Infrastructure.ControllerActionInvoker.<InvokeActionMethodAsync>g__Awaited|12_0(ControllerActionInvoker invoker, ValueTask`1 actionResultValueTask)
   at Microsoft.AspNetCore.Mvc.Infrastructure.ControllerActionInvoker.<InvokeNextActionFilterAsync>g__Awaited|10_0(ControllerActionInvoker invoker, Task lastTask, State next, Scope scope, Object state, Boolean isCompleted)
   at Microsoft.AspNetCore.Mvc.Infrastructure.ControllerActionInvoker.Rethrow(ActionExecutedContextSealed context)
   at Microsoft.AspNetCore.Mvc.Infrastructure.ControllerActionInvoker.Next(State& next, Scope& scope, Object& state, Boolean& isCompleted)
   at Microsoft.AspNetCore.Mvc.Infrastructure.ControllerActionInvoker.<InvokeInnerFilterAsync>g__Awaited|13_0(ControllerActionInvoker invoker, Task lastTask, State next, Scope scope, Object state, Boolean isCompleted)
   at Microsoft.AspNetCore.Mvc.Infrastructure.ResourceInvoker.<InvokeNextResourceFilter>g__Awaited|25_0(ResourceInvoker invoker, Task lastTask, State next, Scope scope, Object state, Boolean isCompleted)
   at Microsoft.AspNetCore.Mvc.Infrastructure.ResourceInvoker.Rethrow(ResourceExecutedContextSealed context)
   at Microsoft.AspNetCore.Mvc.Infrastructure.ResourceInvoker.Next(State& next, Scope& scope, Object& state, Boolean& isCompleted)
   at Microsoft.AspNetCore.Mvc.Infrastructure.ResourceInvoker.<InvokeFilterPipelineAsync>g__Awaited|20_0(ResourceInvoker invoker, Task lastTask, State next, Scope scope, Object state, Boolean isCompleted)
   at Microsoft.AspNetCore.Mvc.Infrastructure.ResourceInvoker.<InvokeAsync>g__Awaited|17_0(ResourceInvoker invoker, Task task, IDisposable scope)
   at Microsoft.AspNetCore.Mvc.Infrastructure.ResourceInvoker.<InvokeAsync>g__Awaited|17_0(ResourceInvoker invoker, Task task, IDisposable scope)
   at Microsoft.AspNetCore.Authorization.AuthorizationMiddleware.Invoke(HttpContext context)
   at Microsoft.AspNetCore.Authentication.AuthenticationMiddleware.Invoke(HttpContext context)
   at Microsoft.AspNetCore.Diagnostics.StatusCodePagesMiddleware.Invoke(HttpContext context)
   at AquaCMS.Modules.Core.Middleware.PageViewTrackingMiddleware.InvokeAsync(HttpContext ctx) in E:\sourceCode\catalog\src\AquaCMS\Modules\Core\Middleware\PageViewTrackingMiddleware.cs:line 43
   at Microsoft.AspNetCore.Diagnostics.DeveloperExceptionPageMiddlewareImpl.Invoke(HttpContext context)
  Exception data:
    Severity: ERROR
    SqlState: 42703
    MessageText: column s.HeroBackgroundImage does not exist
    Position: 410
    File: parse_relation.c
    Line: 3722
    Routine: errorMissingColumn
2026-05-14 15:54:34.437 +07:00 [ERR] HTTP GET /admin/settings responded 500 in 1533.1029 ms
2026-05-14 15:54:36.439 +07:00 [ERR] Failed executing DbCommand (5ms) [Parameters=[], CommandType='"Text"', CommandTimeout='30']
SELECT s.id, s.about_content, s.about_image, s.about_title, s.address, s.background_color, s.bank_name, s.bank_number, s.bank_owner, s.chat_auto_reply_message, s.company_name, s.copyright_text, s.default_meta_description, s.default_meta_title, s.default_og_image, s.email, s.email_enabled, s.facebook, s.facebook_pixel_id, s.featured_products_count, s.footer_about_text, s.footer_text, s.google_analytics_id, s."HeroBackgroundImage", s.latest_posts_count, s.logo, s.notification_email, s.phone, s.primary_color, s.show_banners, s.show_categories, s.show_facebook, s.show_featured_products, s.show_footer, s.show_hotline, s.show_latest_posts, s.show_nav_cart, s.show_nav_knowledge, s.show_nav_partners, s.show_nav_products, s.show_partners, s.show_telegram, s.show_tiktok, s.show_youtube, s.show_zalo, s.smtp_from_email, s.smtp_from_name, s.smtp_host, s.smtp_password, s.smtp_port, s.smtp_use_ssl, s.smtp_user, s.telegram, s.tiktok, s.updated_at, s.youtube, s.zalo
FROM site_settings AS s
ORDER BY s.id
LIMIT 1
2026-05-14 15:54:36.458 +07:00 [ERR] An exception occurred while iterating over the results of a query for context type 'AquaCMS.Data.AppDbContext'.
Npgsql.PostgresException (0x80004005): 42703: column s.HeroBackgroundImage does not exist

POSITION: 410
   at Npgsql.Internal.NpgsqlConnector.ReadMessageLong(Boolean async, DataRowLoadingMode dataRowLoadingMode, Boolean readingNotifications, Boolean isReadingPrependedMessage)
   at System.Runtime.CompilerServices.PoolingAsyncValueTaskMethodBuilder`1.StateMachineBox`1.System.Threading.Tasks.Sources.IValueTaskSource<TResult>.GetResult(Int16 token)
   at Npgsql.NpgsqlDataReader.NextResult(Boolean async, Boolean isConsuming, CancellationToken cancellationToken)
   at Npgsql.NpgsqlDataReader.NextResult(Boolean async, Boolean isConsuming, CancellationToken cancellationToken)
   at Npgsql.NpgsqlCommand.ExecuteReader(Boolean async, CommandBehavior behavior, CancellationToken cancellationToken)
   at Npgsql.NpgsqlCommand.ExecuteReader(Boolean async, CommandBehavior behavior, CancellationToken cancellationToken)
   at Npgsql.NpgsqlCommand.ExecuteDbDataReaderAsync(CommandBehavior behavior, CancellationToken cancellationToken)
   at Microsoft.EntityFrameworkCore.Storage.RelationalCommand.ExecuteReaderAsync(RelationalCommandParameterObject parameterObject, CancellationToken cancellationToken)
   at Microsoft.EntityFrameworkCore.Storage.RelationalCommand.ExecuteReaderAsync(RelationalCommandParameterObject parameterObject, CancellationToken cancellationToken)
   at Microsoft.EntityFrameworkCore.Query.Internal.SingleQueryingEnumerable`1.AsyncEnumerator.InitializeReaderAsync(AsyncEnumerator enumerator, CancellationToken cancellationToken)
   at Npgsql.EntityFrameworkCore.PostgreSQL.Storage.Internal.NpgsqlExecutionStrategy.ExecuteAsync[TState,TResult](TState state, Func`4 operation, Func`4 verifySucceeded, CancellationToken cancellationToken)
   at Microsoft.EntityFrameworkCore.Query.Internal.SingleQueryingEnumerable`1.AsyncEnumerator.MoveNextAsync()
  Exception data:
    Severity: ERROR
    SqlState: 42703
    MessageText: column s.HeroBackgroundImage does not exist
    Position: 410
    File: parse_relation.c
    Line: 3722
    Routine: errorMissingColumn
Npgsql.PostgresException (0x80004005): 42703: column s.HeroBackgroundImage does not exist

POSITION: 410
   at Npgsql.Internal.NpgsqlConnector.ReadMessageLong(Boolean async, DataRowLoadingMode dataRowLoadingMode, Boolean readingNotifications, Boolean isReadingPrependedMessage)
   at System.Runtime.CompilerServices.PoolingAsyncValueTaskMethodBuilder`1.StateMachineBox`1.System.Threading.Tasks.Sources.IValueTaskSource<TResult>.GetResult(Int16 token)
   at Npgsql.NpgsqlDataReader.NextResult(Boolean async, Boolean isConsuming, CancellationToken cancellationToken)
   at Npgsql.NpgsqlDataReader.NextResult(Boolean async, Boolean isConsuming, CancellationToken cancellationToken)
   at Npgsql.NpgsqlCommand.ExecuteReader(Boolean async, CommandBehavior behavior, CancellationToken cancellationToken)
   at Npgsql.NpgsqlCommand.ExecuteReader(Boolean async, CommandBehavior behavior, CancellationToken cancellationToken)
   at Npgsql.NpgsqlCommand.ExecuteDbDataReaderAsync(CommandBehavior behavior, CancellationToken cancellationToken)
   at Microsoft.EntityFrameworkCore.Storage.RelationalCommand.ExecuteReaderAsync(RelationalCommandParameterObject parameterObject, CancellationToken cancellationToken)
   at Microsoft.EntityFrameworkCore.Storage.RelationalCommand.ExecuteReaderAsync(RelationalCommandParameterObject parameterObject, CancellationToken cancellationToken)
   at Microsoft.EntityFrameworkCore.Query.Internal.SingleQueryingEnumerable`1.AsyncEnumerator.InitializeReaderAsync(AsyncEnumerator enumerator, CancellationToken cancellationToken)
   at Npgsql.EntityFrameworkCore.PostgreSQL.Storage.Internal.NpgsqlExecutionStrategy.ExecuteAsync[TState,TResult](TState state, Func`4 operation, Func`4 verifySucceeded, CancellationToken cancellationToken)
   at Microsoft.EntityFrameworkCore.Query.Internal.SingleQueryingEnumerable`1.AsyncEnumerator.MoveNextAsync()
  Exception data:
    Severity: ERROR
    SqlState: 42703
    MessageText: column s.HeroBackgroundImage does not exist
    Position: 410
    File: parse_relation.c
    Line: 3722
    Routine: errorMissingColumn
2026-05-14 15:54:36.469 +07:00 [ERR] An unhandled exception has occurred while executing the request.
Npgsql.PostgresException (0x80004005): 42703: column s.HeroBackgroundImage does not exist

POSITION: 410
   at Npgsql.Internal.NpgsqlConnector.ReadMessageLong(Boolean async, DataRowLoadingMode dataRowLoadingMode, Boolean readingNotifications, Boolean isReadingPrependedMessage)
   at System.Runtime.CompilerServices.PoolingAsyncValueTaskMethodBuilder`1.StateMachineBox`1.System.Threading.Tasks.Sources.IValueTaskSource<TResult>.GetResult(Int16 token)
   at Npgsql.NpgsqlDataReader.NextResult(Boolean async, Boolean isConsuming, CancellationToken cancellationToken)
   at Npgsql.NpgsqlDataReader.NextResult(Boolean async, Boolean isConsuming, CancellationToken cancellationToken)
   at Npgsql.NpgsqlCommand.ExecuteReader(Boolean async, CommandBehavior behavior, CancellationToken cancellationToken)
   at Npgsql.NpgsqlCommand.ExecuteReader(Boolean async, CommandBehavior behavior, CancellationToken cancellationToken)
   at Npgsql.NpgsqlCommand.ExecuteDbDataReaderAsync(CommandBehavior behavior, CancellationToken cancellationToken)
   at Microsoft.EntityFrameworkCore.Storage.RelationalCommand.ExecuteReaderAsync(RelationalCommandParameterObject parameterObject, CancellationToken cancellationToken)
   at Microsoft.EntityFrameworkCore.Storage.RelationalCommand.ExecuteReaderAsync(RelationalCommandParameterObject parameterObject, CancellationToken cancellationToken)
   at Microsoft.EntityFrameworkCore.Query.Internal.SingleQueryingEnumerable`1.AsyncEnumerator.InitializeReaderAsync(AsyncEnumerator enumerator, CancellationToken cancellationToken)
   at Npgsql.EntityFrameworkCore.PostgreSQL.Storage.Internal.NpgsqlExecutionStrategy.ExecuteAsync[TState,TResult](TState state, Func`4 operation, Func`4 verifySucceeded, CancellationToken cancellationToken)
   at Microsoft.EntityFrameworkCore.Query.Internal.SingleQueryingEnumerable`1.AsyncEnumerator.MoveNextAsync()
   at Microsoft.EntityFrameworkCore.Query.ShapedQueryCompilingExpressionVisitor.SingleOrDefaultAsync[TSource](IAsyncEnumerable`1 asyncEnumerable, CancellationToken cancellationToken)
   at Microsoft.EntityFrameworkCore.Query.ShapedQueryCompilingExpressionVisitor.SingleOrDefaultAsync[TSource](IAsyncEnumerable`1 asyncEnumerable, CancellationToken cancellationToken)
   at AquaCMS.Services.SettingsService.GetSettingsAsync() in E:\sourceCode\catalog\src\AquaCMS\Services\SettingsService.cs:line 36
   at AquaCMS.Controllers.HomeController.Index() in E:\sourceCode\catalog\src\AquaCMS\Controllers\HomeController.cs:line 38
   at Microsoft.AspNetCore.Mvc.Infrastructure.ActionMethodExecutor.TaskOfIActionResultExecutor.Execute(ActionContext actionContext, IActionResultTypeMapper mapper, ObjectMethodExecutor executor, Object controller, Object[] arguments)
   at Microsoft.AspNetCore.Mvc.Infrastructure.ControllerActionInvoker.<InvokeActionMethodAsync>g__Awaited|12_0(ControllerActionInvoker invoker, ValueTask`1 actionResultValueTask)
   at Microsoft.AspNetCore.Mvc.Infrastructure.ControllerActionInvoker.<InvokeNextActionFilterAsync>g__Awaited|10_0(ControllerActionInvoker invoker, Task lastTask, State next, Scope scope, Object state, Boolean isCompleted)
   at Microsoft.AspNetCore.Mvc.Infrastructure.ControllerActionInvoker.Rethrow(ActionExecutedContextSealed context)
   at Microsoft.AspNetCore.Mvc.Infrastructure.ControllerActionInvoker.Next(State& next, Scope& scope, Object& state, Boolean& isCompleted)
   at Microsoft.AspNetCore.Mvc.Infrastructure.ControllerActionInvoker.<InvokeInnerFilterAsync>g__Awaited|13_0(ControllerActionInvoker invoker, Task lastTask, State next, Scope scope, Object state, Boolean isCompleted)
   at Microsoft.AspNetCore.Mvc.Infrastructure.ResourceInvoker.<InvokeNextResourceFilter>g__Awaited|25_0(ResourceInvoker invoker, Task lastTask, State next, Scope scope, Object state, Boolean isCompleted)
   at Microsoft.AspNetCore.Mvc.Infrastructure.ResourceInvoker.Rethrow(ResourceExecutedContextSealed context)
   at Microsoft.AspNetCore.Mvc.Infrastructure.ResourceInvoker.Next(State& next, Scope& scope, Object& state, Boolean& isCompleted)
   at Microsoft.AspNetCore.Mvc.Infrastructure.ResourceInvoker.<InvokeFilterPipelineAsync>g__Awaited|20_0(ResourceInvoker invoker, Task lastTask, State next, Scope scope, Object state, Boolean isCompleted)
   at Microsoft.AspNetCore.Mvc.Infrastructure.ResourceInvoker.<InvokeAsync>g__Awaited|17_0(ResourceInvoker invoker, Task task, IDisposable scope)
   at Microsoft.AspNetCore.Mvc.Infrastructure.ResourceInvoker.<InvokeAsync>g__Awaited|17_0(ResourceInvoker invoker, Task task, IDisposable scope)
   at Microsoft.AspNetCore.Authorization.AuthorizationMiddleware.Invoke(HttpContext context)
   at Microsoft.AspNetCore.Authentication.AuthenticationMiddleware.Invoke(HttpContext context)
   at Microsoft.AspNetCore.Diagnostics.StatusCodePagesMiddleware.Invoke(HttpContext context)
   at AquaCMS.Modules.Core.Middleware.PageViewTrackingMiddleware.InvokeAsync(HttpContext ctx) in E:\sourceCode\catalog\src\AquaCMS\Modules\Core\Middleware\PageViewTrackingMiddleware.cs:line 43
   at Microsoft.AspNetCore.Diagnostics.DeveloperExceptionPageMiddlewareImpl.Invoke(HttpContext context)
  Exception data:
    Severity: ERROR
    SqlState: 42703
    MessageText: column s.HeroBackgroundImage does not exist
    Position: 410
    File: parse_relation.c
    Line: 3722
    Routine: errorMissingColumn
2026-05-14 15:54:36.496 +07:00 [ERR] HTTP GET / responded 500 in 147.7981 ms
2026-05-14 15:55:50.884 +07:00 [ERR] Failed executing DbCommand (22ms) [Parameters=[], CommandType='"Text"', CommandTimeout='30']
SELECT s.id, s.about_content, s.about_image, s.about_title, s.address, s.background_color, s.bank_name, s.bank_number, s.bank_owner, s.chat_auto_reply_message, s.company_name, s.copyright_text, s.default_meta_description, s.default_meta_title, s.default_og_image, s.email, s.email_enabled, s.facebook, s.facebook_pixel_id, s.featured_products_count, s.footer_about_text, s.footer_text, s.google_analytics_id, s."HeroBackgroundImage", s.latest_posts_count, s.logo, s.notification_email, s.phone, s.primary_color, s.show_banners, s.show_categories, s.show_facebook, s.show_featured_products, s.show_footer, s.show_hotline, s.show_latest_posts, s.show_nav_cart, s.show_nav_knowledge, s.show_nav_partners, s.show_nav_products, s.show_partners, s.show_telegram, s.show_tiktok, s.show_youtube, s.show_zalo, s.smtp_from_email, s.smtp_from_name, s.smtp_host, s.smtp_password, s.smtp_port, s.smtp_use_ssl, s.smtp_user, s.telegram, s.tiktok, s.updated_at, s.youtube, s.zalo
FROM site_settings AS s
ORDER BY s.id
LIMIT 1
2026-05-14 15:55:50.955 +07:00 [ERR] An exception occurred while iterating over the results of a query for context type 'AquaCMS.Data.AppDbContext'.
Npgsql.PostgresException (0x80004005): 42703: column s.HeroBackgroundImage does not exist

POSITION: 410
   at Npgsql.Internal.NpgsqlConnector.ReadMessageLong(Boolean async, DataRowLoadingMode dataRowLoadingMode, Boolean readingNotifications, Boolean isReadingPrependedMessage)
   at System.Runtime.CompilerServices.PoolingAsyncValueTaskMethodBuilder`1.StateMachineBox`1.System.Threading.Tasks.Sources.IValueTaskSource<TResult>.GetResult(Int16 token)
   at Npgsql.NpgsqlDataReader.NextResult(Boolean async, Boolean isConsuming, CancellationToken cancellationToken)
   at Npgsql.NpgsqlDataReader.NextResult(Boolean async, Boolean isConsuming, CancellationToken cancellationToken)
   at Npgsql.NpgsqlCommand.ExecuteReader(Boolean async, CommandBehavior behavior, CancellationToken cancellationToken)
   at Npgsql.NpgsqlCommand.ExecuteReader(Boolean async, CommandBehavior behavior, CancellationToken cancellationToken)
   at Npgsql.NpgsqlCommand.ExecuteDbDataReaderAsync(CommandBehavior behavior, CancellationToken cancellationToken)
   at Microsoft.EntityFrameworkCore.Storage.RelationalCommand.ExecuteReaderAsync(RelationalCommandParameterObject parameterObject, CancellationToken cancellationToken)
   at Microsoft.EntityFrameworkCore.Storage.RelationalCommand.ExecuteReaderAsync(RelationalCommandParameterObject parameterObject, CancellationToken cancellationToken)
   at Microsoft.EntityFrameworkCore.Query.Internal.SingleQueryingEnumerable`1.AsyncEnumerator.InitializeReaderAsync(AsyncEnumerator enumerator, CancellationToken cancellationToken)
   at Npgsql.EntityFrameworkCore.PostgreSQL.Storage.Internal.NpgsqlExecutionStrategy.ExecuteAsync[TState,TResult](TState state, Func`4 operation, Func`4 verifySucceeded, CancellationToken cancellationToken)
   at Microsoft.EntityFrameworkCore.Query.Internal.SingleQueryingEnumerable`1.AsyncEnumerator.MoveNextAsync()
  Exception data:
    Severity: ERROR
    SqlState: 42703
    MessageText: column s.HeroBackgroundImage does not exist
    Position: 410
    File: parse_relation.c
    Line: 3722
    Routine: errorMissingColumn
Npgsql.PostgresException (0x80004005): 42703: column s.HeroBackgroundImage does not exist

POSITION: 410
   at Npgsql.Internal.NpgsqlConnector.ReadMessageLong(Boolean async, DataRowLoadingMode dataRowLoadingMode, Boolean readingNotifications, Boolean isReadingPrependedMessage)
   at System.Runtime.CompilerServices.PoolingAsyncValueTaskMethodBuilder`1.StateMachineBox`1.System.Threading.Tasks.Sources.IValueTaskSource<TResult>.GetResult(Int16 token)
   at Npgsql.NpgsqlDataReader.NextResult(Boolean async, Boolean isConsuming, CancellationToken cancellationToken)
   at Npgsql.NpgsqlDataReader.NextResult(Boolean async, Boolean isConsuming, CancellationToken cancellationToken)
   at Npgsql.NpgsqlCommand.ExecuteReader(Boolean async, CommandBehavior behavior, CancellationToken cancellationToken)
   at Npgsql.NpgsqlCommand.ExecuteReader(Boolean async, CommandBehavior behavior, CancellationToken cancellationToken)
   at Npgsql.NpgsqlCommand.ExecuteDbDataReaderAsync(CommandBehavior behavior, CancellationToken cancellationToken)
   at Microsoft.EntityFrameworkCore.Storage.RelationalCommand.ExecuteReaderAsync(RelationalCommandParameterObject parameterObject, CancellationToken cancellationToken)
   at Microsoft.EntityFrameworkCore.Storage.RelationalCommand.ExecuteReaderAsync(RelationalCommandParameterObject parameterObject, CancellationToken cancellationToken)
   at Microsoft.EntityFrameworkCore.Query.Internal.SingleQueryingEnumerable`1.AsyncEnumerator.InitializeReaderAsync(AsyncEnumerator enumerator, CancellationToken cancellationToken)
   at Npgsql.EntityFrameworkCore.PostgreSQL.Storage.Internal.NpgsqlExecutionStrategy.ExecuteAsync[TState,TResult](TState state, Func`4 operation, Func`4 verifySucceeded, CancellationToken cancellationToken)
   at Microsoft.EntityFrameworkCore.Query.Internal.SingleQueryingEnumerable`1.AsyncEnumerator.MoveNextAsync()
  Exception data:
    Severity: ERROR
    SqlState: 42703
    MessageText: column s.HeroBackgroundImage does not exist
    Position: 410
    File: parse_relation.c
    Line: 3722
    Routine: errorMissingColumn
2026-05-14 15:55:50.972 +07:00 [ERR] An unhandled exception has occurred while executing the request.
Npgsql.PostgresException (0x80004005): 42703: column s.HeroBackgroundImage does not exist

POSITION: 410
   at Npgsql.Internal.NpgsqlConnector.ReadMessageLong(Boolean async, DataRowLoadingMode dataRowLoadingMode, Boolean readingNotifications, Boolean isReadingPrependedMessage)
   at System.Runtime.CompilerServices.PoolingAsyncValueTaskMethodBuilder`1.StateMachineBox`1.System.Threading.Tasks.Sources.IValueTaskSource<TResult>.GetResult(Int16 token)
   at Npgsql.NpgsqlDataReader.NextResult(Boolean async, Boolean isConsuming, CancellationToken cancellationToken)
   at Npgsql.NpgsqlDataReader.NextResult(Boolean async, Boolean isConsuming, CancellationToken cancellationToken)
   at Npgsql.NpgsqlCommand.ExecuteReader(Boolean async, CommandBehavior behavior, CancellationToken cancellationToken)
   at Npgsql.NpgsqlCommand.ExecuteReader(Boolean async, CommandBehavior behavior, CancellationToken cancellationToken)
   at Npgsql.NpgsqlCommand.ExecuteDbDataReaderAsync(CommandBehavior behavior, CancellationToken cancellationToken)
   at Microsoft.EntityFrameworkCore.Storage.RelationalCommand.ExecuteReaderAsync(RelationalCommandParameterObject parameterObject, CancellationToken cancellationToken)
   at Microsoft.EntityFrameworkCore.Storage.RelationalCommand.ExecuteReaderAsync(RelationalCommandParameterObject parameterObject, CancellationToken cancellationToken)
   at Microsoft.EntityFrameworkCore.Query.Internal.SingleQueryingEnumerable`1.AsyncEnumerator.InitializeReaderAsync(AsyncEnumerator enumerator, CancellationToken cancellationToken)
   at Npgsql.EntityFrameworkCore.PostgreSQL.Storage.Internal.NpgsqlExecutionStrategy.ExecuteAsync[TState,TResult](TState state, Func`4 operation, Func`4 verifySucceeded, CancellationToken cancellationToken)
   at Microsoft.EntityFrameworkCore.Query.Internal.SingleQueryingEnumerable`1.AsyncEnumerator.MoveNextAsync()
   at Microsoft.EntityFrameworkCore.Query.ShapedQueryCompilingExpressionVisitor.SingleOrDefaultAsync[TSource](IAsyncEnumerable`1 asyncEnumerable, CancellationToken cancellationToken)
   at Microsoft.EntityFrameworkCore.Query.ShapedQueryCompilingExpressionVisitor.SingleOrDefaultAsync[TSource](IAsyncEnumerable`1 asyncEnumerable, CancellationToken cancellationToken)
   at AquaCMS.Services.SettingsService.GetSettingsAsync() in E:\sourceCode\catalog\src\AquaCMS\Services\SettingsService.cs:line 36
   at AquaCMS.Areas.Admin.Controllers.SettingsController.Index() in E:\sourceCode\catalog\src\AquaCMS\Areas\Admin\Controllers\SettingsController.cs:line 41
   at Microsoft.AspNetCore.Mvc.Infrastructure.ActionMethodExecutor.TaskOfIActionResultExecutor.Execute(ActionContext actionContext, IActionResultTypeMapper mapper, ObjectMethodExecutor executor, Object controller, Object[] arguments)
   at Microsoft.AspNetCore.Mvc.Infrastructure.ControllerActionInvoker.<InvokeActionMethodAsync>g__Awaited|12_0(ControllerActionInvoker invoker, ValueTask`1 actionResultValueTask)
   at Microsoft.AspNetCore.Mvc.Infrastructure.ControllerActionInvoker.<InvokeNextActionFilterAsync>g__Awaited|10_0(ControllerActionInvoker invoker, Task lastTask, State next, Scope scope, Object state, Boolean isCompleted)
   at Microsoft.AspNetCore.Mvc.Infrastructure.ControllerActionInvoker.Rethrow(ActionExecutedContextSealed context)
   at Microsoft.AspNetCore.Mvc.Infrastructure.ControllerActionInvoker.Next(State& next, Scope& scope, Object& state, Boolean& isCompleted)
   at Microsoft.AspNetCore.Mvc.Infrastructure.ControllerActionInvoker.<InvokeInnerFilterAsync>g__Awaited|13_0(ControllerActionInvoker invoker, Task lastTask, State next, Scope scope, Object state, Boolean isCompleted)
   at Microsoft.AspNetCore.Mvc.Infrastructure.ResourceInvoker.<InvokeNextResourceFilter>g__Awaited|25_0(ResourceInvoker invoker, Task lastTask, State next, Scope scope, Object state, Boolean isCompleted)
   at Microsoft.AspNetCore.Mvc.Infrastructure.ResourceInvoker.Rethrow(ResourceExecutedContextSealed context)
   at Microsoft.AspNetCore.Mvc.Infrastructure.ResourceInvoker.Next(State& next, Scope& scope, Object& state, Boolean& isCompleted)
   at Microsoft.AspNetCore.Mvc.Infrastructure.ResourceInvoker.<InvokeFilterPipelineAsync>g__Awaited|20_0(ResourceInvoker invoker, Task lastTask, State next, Scope scope, Object state, Boolean isCompleted)
   at Microsoft.AspNetCore.Mvc.Infrastructure.ResourceInvoker.<InvokeAsync>g__Awaited|17_0(ResourceInvoker invoker, Task task, IDisposable scope)
   at Microsoft.AspNetCore.Mvc.Infrastructure.ResourceInvoker.<InvokeAsync>g__Awaited|17_0(ResourceInvoker invoker, Task task, IDisposable scope)
   at Microsoft.AspNetCore.Authorization.AuthorizationMiddleware.Invoke(HttpContext context)
   at Microsoft.AspNetCore.Authentication.AuthenticationMiddleware.Invoke(HttpContext context)
   at Microsoft.AspNetCore.Diagnostics.StatusCodePagesMiddleware.Invoke(HttpContext context)
   at AquaCMS.Modules.Core.Middleware.PageViewTrackingMiddleware.InvokeAsync(HttpContext ctx) in E:\sourceCode\catalog\src\AquaCMS\Modules\Core\Middleware\PageViewTrackingMiddleware.cs:line 43
   at Microsoft.AspNetCore.Diagnostics.DeveloperExceptionPageMiddlewareImpl.Invoke(HttpContext context)
  Exception data:
    Severity: ERROR
    SqlState: 42703
    MessageText: column s.HeroBackgroundImage does not exist
    Position: 410
    File: parse_relation.c
    Line: 3722
    Routine: errorMissingColumn
2026-05-14 15:55:51.014 +07:00 [ERR] HTTP GET /admin/settings responded 500 in 1492.7741 ms
2026-05-14 15:55:53.328 +07:00 [ERR] Failed executing DbCommand (4ms) [Parameters=[], CommandType='"Text"', CommandTimeout='30']
SELECT s.id, s.about_content, s.about_image, s.about_title, s.address, s.background_color, s.bank_name, s.bank_number, s.bank_owner, s.chat_auto_reply_message, s.company_name, s.copyright_text, s.default_meta_description, s.default_meta_title, s.default_og_image, s.email, s.email_enabled, s.facebook, s.facebook_pixel_id, s.featured_products_count, s.footer_about_text, s.footer_text, s.google_analytics_id, s."HeroBackgroundImage", s.latest_posts_count, s.logo, s.notification_email, s.phone, s.primary_color, s.show_banners, s.show_categories, s.show_facebook, s.show_featured_products, s.show_footer, s.show_hotline, s.show_latest_posts, s.show_nav_cart, s.show_nav_knowledge, s.show_nav_partners, s.show_nav_products, s.show_partners, s.show_telegram, s.show_tiktok, s.show_youtube, s.show_zalo, s.smtp_from_email, s.smtp_from_name, s.smtp_host, s.smtp_password, s.smtp_port, s.smtp_use_ssl, s.smtp_user, s.telegram, s.tiktok, s.updated_at, s.youtube, s.zalo
FROM site_settings AS s
ORDER BY s.id
LIMIT 1
2026-05-14 15:55:53.344 +07:00 [ERR] An exception occurred while iterating over the results of a query for context type 'AquaCMS.Data.AppDbContext'.
Npgsql.PostgresException (0x80004005): 42703: column s.HeroBackgroundImage does not exist

POSITION: 410
   at Npgsql.Internal.NpgsqlConnector.ReadMessageLong(Boolean async, DataRowLoadingMode dataRowLoadingMode, Boolean readingNotifications, Boolean isReadingPrependedMessage)
   at System.Runtime.CompilerServices.PoolingAsyncValueTaskMethodBuilder`1.StateMachineBox`1.System.Threading.Tasks.Sources.IValueTaskSource<TResult>.GetResult(Int16 token)
   at Npgsql.NpgsqlDataReader.NextResult(Boolean async, Boolean isConsuming, CancellationToken cancellationToken)
   at Npgsql.NpgsqlDataReader.NextResult(Boolean async, Boolean isConsuming, CancellationToken cancellationToken)
   at Npgsql.NpgsqlCommand.ExecuteReader(Boolean async, CommandBehavior behavior, CancellationToken cancellationToken)
   at Npgsql.NpgsqlCommand.ExecuteReader(Boolean async, CommandBehavior behavior, CancellationToken cancellationToken)
   at Npgsql.NpgsqlCommand.ExecuteDbDataReaderAsync(CommandBehavior behavior, CancellationToken cancellationToken)
   at Microsoft.EntityFrameworkCore.Storage.RelationalCommand.ExecuteReaderAsync(RelationalCommandParameterObject parameterObject, CancellationToken cancellationToken)
   at Microsoft.EntityFrameworkCore.Storage.RelationalCommand.ExecuteReaderAsync(RelationalCommandParameterObject parameterObject, CancellationToken cancellationToken)
   at Microsoft.EntityFrameworkCore.Query.Internal.SingleQueryingEnumerable`1.AsyncEnumerator.InitializeReaderAsync(AsyncEnumerator enumerator, CancellationToken cancellationToken)
   at Npgsql.EntityFrameworkCore.PostgreSQL.Storage.Internal.NpgsqlExecutionStrategy.ExecuteAsync[TState,TResult](TState state, Func`4 operation, Func`4 verifySucceeded, CancellationToken cancellationToken)
   at Microsoft.EntityFrameworkCore.Query.Internal.SingleQueryingEnumerable`1.AsyncEnumerator.MoveNextAsync()
  Exception data:
    Severity: ERROR
    SqlState: 42703
    MessageText: column s.HeroBackgroundImage does not exist
    Position: 410
    File: parse_relation.c
    Line: 3722
    Routine: errorMissingColumn
Npgsql.PostgresException (0x80004005): 42703: column s.HeroBackgroundImage does not exist

POSITION: 410
   at Npgsql.Internal.NpgsqlConnector.ReadMessageLong(Boolean async, DataRowLoadingMode dataRowLoadingMode, Boolean readingNotifications, Boolean isReadingPrependedMessage)
   at System.Runtime.CompilerServices.PoolingAsyncValueTaskMethodBuilder`1.StateMachineBox`1.System.Threading.Tasks.Sources.IValueTaskSource<TResult>.GetResult(Int16 token)
   at Npgsql.NpgsqlDataReader.NextResult(Boolean async, Boolean isConsuming, CancellationToken cancellationToken)
   at Npgsql.NpgsqlDataReader.NextResult(Boolean async, Boolean isConsuming, CancellationToken cancellationToken)
   at Npgsql.NpgsqlCommand.ExecuteReader(Boolean async, CommandBehavior behavior, CancellationToken cancellationToken)
   at Npgsql.NpgsqlCommand.ExecuteReader(Boolean async, CommandBehavior behavior, CancellationToken cancellationToken)
   at Npgsql.NpgsqlCommand.ExecuteDbDataReaderAsync(CommandBehavior behavior, CancellationToken cancellationToken)
   at Microsoft.EntityFrameworkCore.Storage.RelationalCommand.ExecuteReaderAsync(RelationalCommandParameterObject parameterObject, CancellationToken cancellationToken)
   at Microsoft.EntityFrameworkCore.Storage.RelationalCommand.ExecuteReaderAsync(RelationalCommandParameterObject parameterObject, CancellationToken cancellationToken)
   at Microsoft.EntityFrameworkCore.Query.Internal.SingleQueryingEnumerable`1.AsyncEnumerator.InitializeReaderAsync(AsyncEnumerator enumerator, CancellationToken cancellationToken)
   at Npgsql.EntityFrameworkCore.PostgreSQL.Storage.Internal.NpgsqlExecutionStrategy.ExecuteAsync[TState,TResult](TState state, Func`4 operation, Func`4 verifySucceeded, CancellationToken cancellationToken)
   at Microsoft.EntityFrameworkCore.Query.Internal.SingleQueryingEnumerable`1.AsyncEnumerator.MoveNextAsync()
  Exception data:
    Severity: ERROR
    SqlState: 42703
    MessageText: column s.HeroBackgroundImage does not exist
    Position: 410
    File: parse_relation.c
    Line: 3722
    Routine: errorMissingColumn
2026-05-14 15:55:53.354 +07:00 [ERR] An unhandled exception has occurred while executing the request.
Npgsql.PostgresException (0x80004005): 42703: column s.HeroBackgroundImage does not exist

POSITION: 410
   at Npgsql.Internal.NpgsqlConnector.ReadMessageLong(Boolean async, DataRowLoadingMode dataRowLoadingMode, Boolean readingNotifications, Boolean isReadingPrependedMessage)
   at System.Runtime.CompilerServices.PoolingAsyncValueTaskMethodBuilder`1.StateMachineBox`1.System.Threading.Tasks.Sources.IValueTaskSource<TResult>.GetResult(Int16 token)
   at Npgsql.NpgsqlDataReader.NextResult(Boolean async, Boolean isConsuming, CancellationToken cancellationToken)
   at Npgsql.NpgsqlDataReader.NextResult(Boolean async, Boolean isConsuming, CancellationToken cancellationToken)
   at Npgsql.NpgsqlCommand.ExecuteReader(Boolean async, CommandBehavior behavior, CancellationToken cancellationToken)
   at Npgsql.NpgsqlCommand.ExecuteReader(Boolean async, CommandBehavior behavior, CancellationToken cancellationToken)
   at Npgsql.NpgsqlCommand.ExecuteDbDataReaderAsync(CommandBehavior behavior, CancellationToken cancellationToken)
   at Microsoft.EntityFrameworkCore.Storage.RelationalCommand.ExecuteReaderAsync(RelationalCommandParameterObject parameterObject, CancellationToken cancellationToken)
   at Microsoft.EntityFrameworkCore.Storage.RelationalCommand.ExecuteReaderAsync(RelationalCommandParameterObject parameterObject, CancellationToken cancellationToken)
   at Microsoft.EntityFrameworkCore.Query.Internal.SingleQueryingEnumerable`1.AsyncEnumerator.InitializeReaderAsync(AsyncEnumerator enumerator, CancellationToken cancellationToken)
   at Npgsql.EntityFrameworkCore.PostgreSQL.Storage.Internal.NpgsqlExecutionStrategy.ExecuteAsync[TState,TResult](TState state, Func`4 operation, Func`4 verifySucceeded, CancellationToken cancellationToken)
   at Microsoft.EntityFrameworkCore.Query.Internal.SingleQueryingEnumerable`1.AsyncEnumerator.MoveNextAsync()
   at Microsoft.EntityFrameworkCore.Query.ShapedQueryCompilingExpressionVisitor.SingleOrDefaultAsync[TSource](IAsyncEnumerable`1 asyncEnumerable, CancellationToken cancellationToken)
   at Microsoft.EntityFrameworkCore.Query.ShapedQueryCompilingExpressionVisitor.SingleOrDefaultAsync[TSource](IAsyncEnumerable`1 asyncEnumerable, CancellationToken cancellationToken)
   at AquaCMS.Services.SettingsService.GetSettingsAsync() in E:\sourceCode\catalog\src\AquaCMS\Services\SettingsService.cs:line 36
   at AquaCMS.Controllers.HomeController.Index() in E:\sourceCode\catalog\src\AquaCMS\Controllers\HomeController.cs:line 38
   at Microsoft.AspNetCore.Mvc.Infrastructure.ActionMethodExecutor.TaskOfIActionResultExecutor.Execute(ActionContext actionContext, IActionResultTypeMapper mapper, ObjectMethodExecutor executor, Object controller, Object[] arguments)
   at Microsoft.AspNetCore.Mvc.Infrastructure.ControllerActionInvoker.<InvokeActionMethodAsync>g__Awaited|12_0(ControllerActionInvoker invoker, ValueTask`1 actionResultValueTask)
   at Microsoft.AspNetCore.Mvc.Infrastructure.ControllerActionInvoker.<InvokeNextActionFilterAsync>g__Awaited|10_0(ControllerActionInvoker invoker, Task lastTask, State next, Scope scope, Object state, Boolean isCompleted)
   at Microsoft.AspNetCore.Mvc.Infrastructure.ControllerActionInvoker.Rethrow(ActionExecutedContextSealed context)
   at Microsoft.AspNetCore.Mvc.Infrastructure.ControllerActionInvoker.Next(State& next, Scope& scope, Object& state, Boolean& isCompleted)
   at Microsoft.AspNetCore.Mvc.Infrastructure.ControllerActionInvoker.<InvokeInnerFilterAsync>g__Awaited|13_0(ControllerActionInvoker invoker, Task lastTask, State next, Scope scope, Object state, Boolean isCompleted)
   at Microsoft.AspNetCore.Mvc.Infrastructure.ResourceInvoker.<InvokeNextResourceFilter>g__Awaited|25_0(ResourceInvoker invoker, Task lastTask, State next, Scope scope, Object state, Boolean isCompleted)
   at Microsoft.AspNetCore.Mvc.Infrastructure.ResourceInvoker.Rethrow(ResourceExecutedContextSealed context)
   at Microsoft.AspNetCore.Mvc.Infrastructure.ResourceInvoker.Next(State& next, Scope& scope, Object& state, Boolean& isCompleted)
   at Microsoft.AspNetCore.Mvc.Infrastructure.ResourceInvoker.<InvokeFilterPipelineAsync>g__Awaited|20_0(ResourceInvoker invoker, Task lastTask, State next, Scope scope, Object state, Boolean isCompleted)
   at Microsoft.AspNetCore.Mvc.Infrastructure.ResourceInvoker.<InvokeAsync>g__Awaited|17_0(ResourceInvoker invoker, Task task, IDisposable scope)
   at Microsoft.AspNetCore.Mvc.Infrastructure.ResourceInvoker.<InvokeAsync>g__Awaited|17_0(ResourceInvoker invoker, Task task, IDisposable scope)
   at Microsoft.AspNetCore.Authorization.AuthorizationMiddleware.Invoke(HttpContext context)
   at Microsoft.AspNetCore.Authentication.AuthenticationMiddleware.Invoke(HttpContext context)
   at Microsoft.AspNetCore.Diagnostics.StatusCodePagesMiddleware.Invoke(HttpContext context)
   at AquaCMS.Modules.Core.Middleware.PageViewTrackingMiddleware.InvokeAsync(HttpContext ctx) in E:\sourceCode\catalog\src\AquaCMS\Modules\Core\Middleware\PageViewTrackingMiddleware.cs:line 43
   at Microsoft.AspNetCore.Diagnostics.DeveloperExceptionPageMiddlewareImpl.Invoke(HttpContext context)
  Exception data:
    Severity: ERROR
    SqlState: 42703
    MessageText: column s.HeroBackgroundImage does not exist
    Position: 410
    File: parse_relation.c
    Line: 3722
    Routine: errorMissingColumn
2026-05-14 15:55:53.376 +07:00 [ERR] HTTP GET / responded 500 in 126.8384 ms
2026-05-14 15:55:54.584 +07:00 [ERR] Failed executing DbCommand (2ms) [Parameters=[], CommandType='"Text"', CommandTimeout='30']
SELECT s.id, s.about_content, s.about_image, s.about_title, s.address, s.background_color, s.bank_name, s.bank_number, s.bank_owner, s.chat_auto_reply_message, s.company_name, s.copyright_text, s.default_meta_description, s.default_meta_title, s.default_og_image, s.email, s.email_enabled, s.facebook, s.facebook_pixel_id, s.featured_products_count, s.footer_about_text, s.footer_text, s.google_analytics_id, s."HeroBackgroundImage", s.latest_posts_count, s.logo, s.notification_email, s.phone, s.primary_color, s.show_banners, s.show_categories, s.show_facebook, s.show_featured_products, s.show_footer, s.show_hotline, s.show_latest_posts, s.show_nav_cart, s.show_nav_knowledge, s.show_nav_partners, s.show_nav_products, s.show_partners, s.show_telegram, s.show_tiktok, s.show_youtube, s.show_zalo, s.smtp_from_email, s.smtp_from_name, s.smtp_host, s.smtp_password, s.smtp_port, s.smtp_use_ssl, s.smtp_user, s.telegram, s.tiktok, s.updated_at, s.youtube, s.zalo
FROM site_settings AS s
ORDER BY s.id
LIMIT 1
2026-05-14 15:55:54.589 +07:00 [ERR] An exception occurred while iterating over the results of a query for context type 'AquaCMS.Data.AppDbContext'.
Npgsql.PostgresException (0x80004005): 42703: column s.HeroBackgroundImage does not exist

POSITION: 410
   at Npgsql.Internal.NpgsqlConnector.ReadMessageLong(Boolean async, DataRowLoadingMode dataRowLoadingMode, Boolean readingNotifications, Boolean isReadingPrependedMessage)
   at System.Runtime.CompilerServices.PoolingAsyncValueTaskMethodBuilder`1.StateMachineBox`1.System.Threading.Tasks.Sources.IValueTaskSource<TResult>.GetResult(Int16 token)
   at Npgsql.NpgsqlDataReader.NextResult(Boolean async, Boolean isConsuming, CancellationToken cancellationToken)
   at Npgsql.NpgsqlDataReader.NextResult(Boolean async, Boolean isConsuming, CancellationToken cancellationToken)
   at Npgsql.NpgsqlCommand.ExecuteReader(Boolean async, CommandBehavior behavior, CancellationToken cancellationToken)
   at Npgsql.NpgsqlCommand.ExecuteReader(Boolean async, CommandBehavior behavior, CancellationToken cancellationToken)
   at Npgsql.NpgsqlCommand.ExecuteDbDataReaderAsync(CommandBehavior behavior, CancellationToken cancellationToken)
   at Microsoft.EntityFrameworkCore.Storage.RelationalCommand.ExecuteReaderAsync(RelationalCommandParameterObject parameterObject, CancellationToken cancellationToken)
   at Microsoft.EntityFrameworkCore.Storage.RelationalCommand.ExecuteReaderAsync(RelationalCommandParameterObject parameterObject, CancellationToken cancellationToken)
   at Microsoft.EntityFrameworkCore.Query.Internal.SingleQueryingEnumerable`1.AsyncEnumerator.InitializeReaderAsync(AsyncEnumerator enumerator, CancellationToken cancellationToken)
   at Npgsql.EntityFrameworkCore.PostgreSQL.Storage.Internal.NpgsqlExecutionStrategy.ExecuteAsync[TState,TResult](TState state, Func`4 operation, Func`4 verifySucceeded, CancellationToken cancellationToken)
   at Microsoft.EntityFrameworkCore.Query.Internal.SingleQueryingEnumerable`1.AsyncEnumerator.MoveNextAsync()
  Exception data:
    Severity: ERROR
    SqlState: 42703
    MessageText: column s.HeroBackgroundImage does not exist
    Position: 410
    File: parse_relation.c
    Line: 3722
    Routine: errorMissingColumn
Npgsql.PostgresException (0x80004005): 42703: column s.HeroBackgroundImage does not exist

POSITION: 410
   at Npgsql.Internal.NpgsqlConnector.ReadMessageLong(Boolean async, DataRowLoadingMode dataRowLoadingMode, Boolean readingNotifications, Boolean isReadingPrependedMessage)
   at System.Runtime.CompilerServices.PoolingAsyncValueTaskMethodBuilder`1.StateMachineBox`1.System.Threading.Tasks.Sources.IValueTaskSource<TResult>.GetResult(Int16 token)
   at Npgsql.NpgsqlDataReader.NextResult(Boolean async, Boolean isConsuming, CancellationToken cancellationToken)
   at Npgsql.NpgsqlDataReader.NextResult(Boolean async, Boolean isConsuming, CancellationToken cancellationToken)
   at Npgsql.NpgsqlCommand.ExecuteReader(Boolean async, CommandBehavior behavior, CancellationToken cancellationToken)
   at Npgsql.NpgsqlCommand.ExecuteReader(Boolean async, CommandBehavior behavior, CancellationToken cancellationToken)
   at Npgsql.NpgsqlCommand.ExecuteDbDataReaderAsync(CommandBehavior behavior, CancellationToken cancellationToken)
   at Microsoft.EntityFrameworkCore.Storage.RelationalCommand.ExecuteReaderAsync(RelationalCommandParameterObject parameterObject, CancellationToken cancellationToken)
   at Microsoft.EntityFrameworkCore.Storage.RelationalCommand.ExecuteReaderAsync(RelationalCommandParameterObject parameterObject, CancellationToken cancellationToken)
   at Microsoft.EntityFrameworkCore.Query.Internal.SingleQueryingEnumerable`1.AsyncEnumerator.InitializeReaderAsync(AsyncEnumerator enumerator, CancellationToken cancellationToken)
   at Npgsql.EntityFrameworkCore.PostgreSQL.Storage.Internal.NpgsqlExecutionStrategy.ExecuteAsync[TState,TResult](TState state, Func`4 operation, Func`4 verifySucceeded, CancellationToken cancellationToken)
   at Microsoft.EntityFrameworkCore.Query.Internal.SingleQueryingEnumerable`1.AsyncEnumerator.MoveNextAsync()
  Exception data:
    Severity: ERROR
    SqlState: 42703
    MessageText: column s.HeroBackgroundImage does not exist
    Position: 410
    File: parse_relation.c
    Line: 3722
    Routine: errorMissingColumn
2026-05-14 15:55:54.597 +07:00 [ERR] An unhandled exception has occurred while executing the request.
Npgsql.PostgresException (0x80004005): 42703: column s.HeroBackgroundImage does not exist

POSITION: 410
   at Npgsql.Internal.NpgsqlConnector.ReadMessageLong(Boolean async, DataRowLoadingMode dataRowLoadingMode, Boolean readingNotifications, Boolean isReadingPrependedMessage)
   at System.Runtime.CompilerServices.PoolingAsyncValueTaskMethodBuilder`1.StateMachineBox`1.System.Threading.Tasks.Sources.IValueTaskSource<TResult>.GetResult(Int16 token)
   at Npgsql.NpgsqlDataReader.NextResult(Boolean async, Boolean isConsuming, CancellationToken cancellationToken)
   at Npgsql.NpgsqlDataReader.NextResult(Boolean async, Boolean isConsuming, CancellationToken cancellationToken)
   at Npgsql.NpgsqlCommand.ExecuteReader(Boolean async, CommandBehavior behavior, CancellationToken cancellationToken)
   at Npgsql.NpgsqlCommand.ExecuteReader(Boolean async, CommandBehavior behavior, CancellationToken cancellationToken)
   at Npgsql.NpgsqlCommand.ExecuteDbDataReaderAsync(CommandBehavior behavior, CancellationToken cancellationToken)
   at Microsoft.EntityFrameworkCore.Storage.RelationalCommand.ExecuteReaderAsync(RelationalCommandParameterObject parameterObject, CancellationToken cancellationToken)
   at Microsoft.EntityFrameworkCore.Storage.RelationalCommand.ExecuteReaderAsync(RelationalCommandParameterObject parameterObject, CancellationToken cancellationToken)
   at Microsoft.EntityFrameworkCore.Query.Internal.SingleQueryingEnumerable`1.AsyncEnumerator.InitializeReaderAsync(AsyncEnumerator enumerator, CancellationToken cancellationToken)
   at Npgsql.EntityFrameworkCore.PostgreSQL.Storage.Internal.NpgsqlExecutionStrategy.ExecuteAsync[TState,TResult](TState state, Func`4 operation, Func`4 verifySucceeded, CancellationToken cancellationToken)
   at Microsoft.EntityFrameworkCore.Query.Internal.SingleQueryingEnumerable`1.AsyncEnumerator.MoveNextAsync()
   at Microsoft.EntityFrameworkCore.Query.ShapedQueryCompilingExpressionVisitor.SingleOrDefaultAsync[TSource](IAsyncEnumerable`1 asyncEnumerable, CancellationToken cancellationToken)
   at Microsoft.EntityFrameworkCore.Query.ShapedQueryCompilingExpressionVisitor.SingleOrDefaultAsync[TSource](IAsyncEnumerable`1 asyncEnumerable, CancellationToken cancellationToken)
   at AquaCMS.Services.SettingsService.GetSettingsAsync() in E:\sourceCode\catalog\src\AquaCMS\Services\SettingsService.cs:line 36
   at AquaCMS.Controllers.HomeController.Index() in E:\sourceCode\catalog\src\AquaCMS\Controllers\HomeController.cs:line 38
   at Microsoft.AspNetCore.Mvc.Infrastructure.ActionMethodExecutor.TaskOfIActionResultExecutor.Execute(ActionContext actionContext, IActionResultTypeMapper mapper, ObjectMethodExecutor executor, Object controller, Object[] arguments)
   at Microsoft.AspNetCore.Mvc.Infrastructure.ControllerActionInvoker.<InvokeActionMethodAsync>g__Awaited|12_0(ControllerActionInvoker invoker, ValueTask`1 actionResultValueTask)
   at Microsoft.AspNetCore.Mvc.Infrastructure.ControllerActionInvoker.<InvokeNextActionFilterAsync>g__Awaited|10_0(ControllerActionInvoker invoker, Task lastTask, State next, Scope scope, Object state, Boolean isCompleted)
   at Microsoft.AspNetCore.Mvc.Infrastructure.ControllerActionInvoker.Rethrow(ActionExecutedContextSealed context)
   at Microsoft.AspNetCore.Mvc.Infrastructure.ControllerActionInvoker.Next(State& next, Scope& scope, Object& state, Boolean& isCompleted)
   at Microsoft.AspNetCore.Mvc.Infrastructure.ControllerActionInvoker.<InvokeInnerFilterAsync>g__Awaited|13_0(ControllerActionInvoker invoker, Task lastTask, State next, Scope scope, Object state, Boolean isCompleted)
   at Microsoft.AspNetCore.Mvc.Infrastructure.ResourceInvoker.<InvokeNextResourceFilter>g__Awaited|25_0(ResourceInvoker invoker, Task lastTask, State next, Scope scope, Object state, Boolean isCompleted)
   at Microsoft.AspNetCore.Mvc.Infrastructure.ResourceInvoker.Rethrow(ResourceExecutedContextSealed context)
   at Microsoft.AspNetCore.Mvc.Infrastructure.ResourceInvoker.Next(State& next, Scope& scope, Object& state, Boolean& isCompleted)
   at Microsoft.AspNetCore.Mvc.Infrastructure.ResourceInvoker.<InvokeFilterPipelineAsync>g__Awaited|20_0(ResourceInvoker invoker, Task lastTask, State next, Scope scope, Object state, Boolean isCompleted)
   at Microsoft.AspNetCore.Mvc.Infrastructure.ResourceInvoker.<InvokeAsync>g__Awaited|17_0(ResourceInvoker invoker, Task task, IDisposable scope)
   at Microsoft.AspNetCore.Mvc.Infrastructure.ResourceInvoker.<InvokeAsync>g__Awaited|17_0(ResourceInvoker invoker, Task task, IDisposable scope)
   at Microsoft.AspNetCore.Authorization.AuthorizationMiddleware.Invoke(HttpContext context)
   at Microsoft.AspNetCore.Authentication.AuthenticationMiddleware.Invoke(HttpContext context)
   at Microsoft.AspNetCore.Diagnostics.StatusCodePagesMiddleware.Invoke(HttpContext context)
   at AquaCMS.Modules.Core.Middleware.PageViewTrackingMiddleware.InvokeAsync(HttpContext ctx) in E:\sourceCode\catalog\src\AquaCMS\Modules\Core\Middleware\PageViewTrackingMiddleware.cs:line 43
   at Microsoft.AspNetCore.Diagnostics.DeveloperExceptionPageMiddlewareImpl.Invoke(HttpContext context)
  Exception data:
    Severity: ERROR
    SqlState: 42703
    MessageText: column s.HeroBackgroundImage does not exist
    Position: 410
    File: parse_relation.c
    Line: 3722
    Routine: errorMissingColumn
2026-05-14 15:55:54.613 +07:00 [ERR] HTTP GET / responded 500 in 52.2973 ms
2026-05-14 15:55:55.136 +07:00 [ERR] Failed executing DbCommand (2ms) [Parameters=[], CommandType='"Text"', CommandTimeout='30']
SELECT s.id, s.about_content, s.about_image, s.about_title, s.address, s.background_color, s.bank_name, s.bank_number, s.bank_owner, s.chat_auto_reply_message, s.company_name, s.copyright_text, s.default_meta_description, s.default_meta_title, s.default_og_image, s.email, s.email_enabled, s.facebook, s.facebook_pixel_id, s.featured_products_count, s.footer_about_text, s.footer_text, s.google_analytics_id, s."HeroBackgroundImage", s.latest_posts_count, s.logo, s.notification_email, s.phone, s.primary_color, s.show_banners, s.show_categories, s.show_facebook, s.show_featured_products, s.show_footer, s.show_hotline, s.show_latest_posts, s.show_nav_cart, s.show_nav_knowledge, s.show_nav_partners, s.show_nav_products, s.show_partners, s.show_telegram, s.show_tiktok, s.show_youtube, s.show_zalo, s.smtp_from_email, s.smtp_from_name, s.smtp_host, s.smtp_password, s.smtp_port, s.smtp_use_ssl, s.smtp_user, s.telegram, s.tiktok, s.updated_at, s.youtube, s.zalo
FROM site_settings AS s
ORDER BY s.id
LIMIT 1
2026-05-14 15:55:55.140 +07:00 [ERR] An exception occurred while iterating over the results of a query for context type 'AquaCMS.Data.AppDbContext'.
Npgsql.PostgresException (0x80004005): 42703: column s.HeroBackgroundImage does not exist

POSITION: 410
   at Npgsql.Internal.NpgsqlConnector.ReadMessageLong(Boolean async, DataRowLoadingMode dataRowLoadingMode, Boolean readingNotifications, Boolean isReadingPrependedMessage)
   at System.Runtime.CompilerServices.PoolingAsyncValueTaskMethodBuilder`1.StateMachineBox`1.System.Threading.Tasks.Sources.IValueTaskSource<TResult>.GetResult(Int16 token)
   at Npgsql.NpgsqlDataReader.NextResult(Boolean async, Boolean isConsuming, CancellationToken cancellationToken)
   at Npgsql.NpgsqlDataReader.NextResult(Boolean async, Boolean isConsuming, CancellationToken cancellationToken)
   at Npgsql.NpgsqlCommand.ExecuteReader(Boolean async, CommandBehavior behavior, CancellationToken cancellationToken)
   at Npgsql.NpgsqlCommand.ExecuteReader(Boolean async, CommandBehavior behavior, CancellationToken cancellationToken)
   at Npgsql.NpgsqlCommand.ExecuteDbDataReaderAsync(CommandBehavior behavior, CancellationToken cancellationToken)
   at Microsoft.EntityFrameworkCore.Storage.RelationalCommand.ExecuteReaderAsync(RelationalCommandParameterObject parameterObject, CancellationToken cancellationToken)
   at Microsoft.EntityFrameworkCore.Storage.RelationalCommand.ExecuteReaderAsync(RelationalCommandParameterObject parameterObject, CancellationToken cancellationToken)
   at Microsoft.EntityFrameworkCore.Query.Internal.SingleQueryingEnumerable`1.AsyncEnumerator.InitializeReaderAsync(AsyncEnumerator enumerator, CancellationToken cancellationToken)
   at Npgsql.EntityFrameworkCore.PostgreSQL.Storage.Internal.NpgsqlExecutionStrategy.ExecuteAsync[TState,TResult](TState state, Func`4 operation, Func`4 verifySucceeded, CancellationToken cancellationToken)
   at Microsoft.EntityFrameworkCore.Query.Internal.SingleQueryingEnumerable`1.AsyncEnumerator.MoveNextAsync()
  Exception data:
    Severity: ERROR
    SqlState: 42703
    MessageText: column s.HeroBackgroundImage does not exist
    Position: 410
    File: parse_relation.c
    Line: 3722
    Routine: errorMissingColumn
Npgsql.PostgresException (0x80004005): 42703: column s.HeroBackgroundImage does not exist

POSITION: 410
   at Npgsql.Internal.NpgsqlConnector.ReadMessageLong(Boolean async, DataRowLoadingMode dataRowLoadingMode, Boolean readingNotifications, Boolean isReadingPrependedMessage)
   at System.Runtime.CompilerServices.PoolingAsyncValueTaskMethodBuilder`1.StateMachineBox`1.System.Threading.Tasks.Sources.IValueTaskSource<TResult>.GetResult(Int16 token)
   at Npgsql.NpgsqlDataReader.NextResult(Boolean async, Boolean isConsuming, CancellationToken cancellationToken)
   at Npgsql.NpgsqlDataReader.NextResult(Boolean async, Boolean isConsuming, CancellationToken cancellationToken)
   at Npgsql.NpgsqlCommand.ExecuteReader(Boolean async, CommandBehavior behavior, CancellationToken cancellationToken)
   at Npgsql.NpgsqlCommand.ExecuteReader(Boolean async, CommandBehavior behavior, CancellationToken cancellationToken)
   at Npgsql.NpgsqlCommand.ExecuteDbDataReaderAsync(CommandBehavior behavior, CancellationToken cancellationToken)
   at Microsoft.EntityFrameworkCore.Storage.RelationalCommand.ExecuteReaderAsync(RelationalCommandParameterObject parameterObject, CancellationToken cancellationToken)
   at Microsoft.EntityFrameworkCore.Storage.RelationalCommand.ExecuteReaderAsync(RelationalCommandParameterObject parameterObject, CancellationToken cancellationToken)
   at Microsoft.EntityFrameworkCore.Query.Internal.SingleQueryingEnumerable`1.AsyncEnumerator.InitializeReaderAsync(AsyncEnumerator enumerator, CancellationToken cancellationToken)
   at Npgsql.EntityFrameworkCore.PostgreSQL.Storage.Internal.NpgsqlExecutionStrategy.ExecuteAsync[TState,TResult](TState state, Func`4 operation, Func`4 verifySucceeded, CancellationToken cancellationToken)
   at Microsoft.EntityFrameworkCore.Query.Internal.SingleQueryingEnumerable`1.AsyncEnumerator.MoveNextAsync()
  Exception data:
    Severity: ERROR
    SqlState: 42703
    MessageText: column s.HeroBackgroundImage does not exist
    Position: 410
    File: parse_relation.c
    Line: 3722
    Routine: errorMissingColumn
2026-05-14 15:55:55.149 +07:00 [ERR] An unhandled exception has occurred while executing the request.
Npgsql.PostgresException (0x80004005): 42703: column s.HeroBackgroundImage does not exist

POSITION: 410
   at Npgsql.Internal.NpgsqlConnector.ReadMessageLong(Boolean async, DataRowLoadingMode dataRowLoadingMode, Boolean readingNotifications, Boolean isReadingPrependedMessage)
   at System.Runtime.CompilerServices.PoolingAsyncValueTaskMethodBuilder`1.StateMachineBox`1.System.Threading.Tasks.Sources.IValueTaskSource<TResult>.GetResult(Int16 token)
   at Npgsql.NpgsqlDataReader.NextResult(Boolean async, Boolean isConsuming, CancellationToken cancellationToken)
   at Npgsql.NpgsqlDataReader.NextResult(Boolean async, Boolean isConsuming, CancellationToken cancellationToken)
   at Npgsql.NpgsqlCommand.ExecuteReader(Boolean async, CommandBehavior behavior, CancellationToken cancellationToken)
   at Npgsql.NpgsqlCommand.ExecuteReader(Boolean async, CommandBehavior behavior, CancellationToken cancellationToken)
   at Npgsql.NpgsqlCommand.ExecuteDbDataReaderAsync(CommandBehavior behavior, CancellationToken cancellationToken)
   at Microsoft.EntityFrameworkCore.Storage.RelationalCommand.ExecuteReaderAsync(RelationalCommandParameterObject parameterObject, CancellationToken cancellationToken)
   at Microsoft.EntityFrameworkCore.Storage.RelationalCommand.ExecuteReaderAsync(RelationalCommandParameterObject parameterObject, CancellationToken cancellationToken)
   at Microsoft.EntityFrameworkCore.Query.Internal.SingleQueryingEnumerable`1.AsyncEnumerator.InitializeReaderAsync(AsyncEnumerator enumerator, CancellationToken cancellationToken)
   at Npgsql.EntityFrameworkCore.PostgreSQL.Storage.Internal.NpgsqlExecutionStrategy.ExecuteAsync[TState,TResult](TState state, Func`4 operation, Func`4 verifySucceeded, CancellationToken cancellationToken)
   at Microsoft.EntityFrameworkCore.Query.Internal.SingleQueryingEnumerable`1.AsyncEnumerator.MoveNextAsync()
   at Microsoft.EntityFrameworkCore.Query.ShapedQueryCompilingExpressionVisitor.SingleOrDefaultAsync[TSource](IAsyncEnumerable`1 asyncEnumerable, CancellationToken cancellationToken)
   at Microsoft.EntityFrameworkCore.Query.ShapedQueryCompilingExpressionVisitor.SingleOrDefaultAsync[TSource](IAsyncEnumerable`1 asyncEnumerable, CancellationToken cancellationToken)
   at AquaCMS.Services.SettingsService.GetSettingsAsync() in E:\sourceCode\catalog\src\AquaCMS\Services\SettingsService.cs:line 36
   at AquaCMS.Controllers.HomeController.Index() in E:\sourceCode\catalog\src\AquaCMS\Controllers\HomeController.cs:line 38
   at Microsoft.AspNetCore.Mvc.Infrastructure.ActionMethodExecutor.TaskOfIActionResultExecutor.Execute(ActionContext actionContext, IActionResultTypeMapper mapper, ObjectMethodExecutor executor, Object controller, Object[] arguments)
   at Microsoft.AspNetCore.Mvc.Infrastructure.ControllerActionInvoker.<InvokeActionMethodAsync>g__Awaited|12_0(ControllerActionInvoker invoker, ValueTask`1 actionResultValueTask)
   at Microsoft.AspNetCore.Mvc.Infrastructure.ControllerActionInvoker.<InvokeNextActionFilterAsync>g__Awaited|10_0(ControllerActionInvoker invoker, Task lastTask, State next, Scope scope, Object state, Boolean isCompleted)
   at Microsoft.AspNetCore.Mvc.Infrastructure.ControllerActionInvoker.Rethrow(ActionExecutedContextSealed context)
   at Microsoft.AspNetCore.Mvc.Infrastructure.ControllerActionInvoker.Next(State& next, Scope& scope, Object& state, Boolean& isCompleted)
   at Microsoft.AspNetCore.Mvc.Infrastructure.ControllerActionInvoker.<InvokeInnerFilterAsync>g__Awaited|13_0(ControllerActionInvoker invoker, Task lastTask, State next, Scope scope, Object state, Boolean isCompleted)
   at Microsoft.AspNetCore.Mvc.Infrastructure.ResourceInvoker.<InvokeNextResourceFilter>g__Awaited|25_0(ResourceInvoker invoker, Task lastTask, State next, Scope scope, Object state, Boolean isCompleted)
   at Microsoft.AspNetCore.Mvc.Infrastructure.ResourceInvoker.Rethrow(ResourceExecutedContextSealed context)
   at Microsoft.AspNetCore.Mvc.Infrastructure.ResourceInvoker.Next(State& next, Scope& scope, Object& state, Boolean& isCompleted)
   at Microsoft.AspNetCore.Mvc.Infrastructure.ResourceInvoker.<InvokeFilterPipelineAsync>g__Awaited|20_0(ResourceInvoker invoker, Task lastTask, State next, Scope scope, Object state, Boolean isCompleted)
   at Microsoft.AspNetCore.Mvc.Infrastructure.ResourceInvoker.<InvokeAsync>g__Awaited|17_0(ResourceInvoker invoker, Task task, IDisposable scope)
   at Microsoft.AspNetCore.Mvc.Infrastructure.ResourceInvoker.<InvokeAsync>g__Awaited|17_0(ResourceInvoker invoker, Task task, IDisposable scope)
   at Microsoft.AspNetCore.Authorization.AuthorizationMiddleware.Invoke(HttpContext context)
   at Microsoft.AspNetCore.Authentication.AuthenticationMiddleware.Invoke(HttpContext context)
   at Microsoft.AspNetCore.Diagnostics.StatusCodePagesMiddleware.Invoke(HttpContext context)
   at AquaCMS.Modules.Core.Middleware.PageViewTrackingMiddleware.InvokeAsync(HttpContext ctx) in E:\sourceCode\catalog\src\AquaCMS\Modules\Core\Middleware\PageViewTrackingMiddleware.cs:line 43
   at Microsoft.AspNetCore.Diagnostics.DeveloperExceptionPageMiddlewareImpl.Invoke(HttpContext context)
  Exception data:
    Severity: ERROR
    SqlState: 42703
    MessageText: column s.HeroBackgroundImage does not exist
    Position: 410
    File: parse_relation.c
    Line: 3722
    Routine: errorMissingColumn
2026-05-14 15:55:55.168 +07:00 [ERR] HTTP GET / responded 500 in 38.2371 ms
2026-05-14 15:55:55.280 +07:00 [ERR] Failed executing DbCommand (2ms) [Parameters=[], CommandType='"Text"', CommandTimeout='30']
SELECT s.id, s.about_content, s.about_image, s.about_title, s.address, s.background_color, s.bank_name, s.bank_number, s.bank_owner, s.chat_auto_reply_message, s.company_name, s.copyright_text, s.default_meta_description, s.default_meta_title, s.default_og_image, s.email, s.email_enabled, s.facebook, s.facebook_pixel_id, s.featured_products_count, s.footer_about_text, s.footer_text, s.google_analytics_id, s."HeroBackgroundImage", s.latest_posts_count, s.logo, s.notification_email, s.phone, s.primary_color, s.show_banners, s.show_categories, s.show_facebook, s.show_featured_products, s.show_footer, s.show_hotline, s.show_latest_posts, s.show_nav_cart, s.show_nav_knowledge, s.show_nav_partners, s.show_nav_products, s.show_partners, s.show_telegram, s.show_tiktok, s.show_youtube, s.show_zalo, s.smtp_from_email, s.smtp_from_name, s.smtp_host, s.smtp_password, s.smtp_port, s.smtp_use_ssl, s.smtp_user, s.telegram, s.tiktok, s.updated_at, s.youtube, s.zalo
FROM site_settings AS s
ORDER BY s.id
LIMIT 1
2026-05-14 15:55:55.284 +07:00 [ERR] An exception occurred while iterating over the results of a query for context type 'AquaCMS.Data.AppDbContext'.
Npgsql.PostgresException (0x80004005): 42703: column s.HeroBackgroundImage does not exist

POSITION: 410
   at Npgsql.Internal.NpgsqlConnector.ReadMessageLong(Boolean async, DataRowLoadingMode dataRowLoadingMode, Boolean readingNotifications, Boolean isReadingPrependedMessage)
   at System.Runtime.CompilerServices.PoolingAsyncValueTaskMethodBuilder`1.StateMachineBox`1.System.Threading.Tasks.Sources.IValueTaskSource<TResult>.GetResult(Int16 token)
   at Npgsql.NpgsqlDataReader.NextResult(Boolean async, Boolean isConsuming, CancellationToken cancellationToken)
   at Npgsql.NpgsqlDataReader.NextResult(Boolean async, Boolean isConsuming, CancellationToken cancellationToken)
   at Npgsql.NpgsqlCommand.ExecuteReader(Boolean async, CommandBehavior behavior, CancellationToken cancellationToken)
   at Npgsql.NpgsqlCommand.ExecuteReader(Boolean async, CommandBehavior behavior, CancellationToken cancellationToken)
   at Npgsql.NpgsqlCommand.ExecuteDbDataReaderAsync(CommandBehavior behavior, CancellationToken cancellationToken)
   at Microsoft.EntityFrameworkCore.Storage.RelationalCommand.ExecuteReaderAsync(RelationalCommandParameterObject parameterObject, CancellationToken cancellationToken)
   at Microsoft.EntityFrameworkCore.Storage.RelationalCommand.ExecuteReaderAsync(RelationalCommandParameterObject parameterObject, CancellationToken cancellationToken)
   at Microsoft.EntityFrameworkCore.Query.Internal.SingleQueryingEnumerable`1.AsyncEnumerator.InitializeReaderAsync(AsyncEnumerator enumerator, CancellationToken cancellationToken)
   at Npgsql.EntityFrameworkCore.PostgreSQL.Storage.Internal.NpgsqlExecutionStrategy.ExecuteAsync[TState,TResult](TState state, Func`4 operation, Func`4 verifySucceeded, CancellationToken cancellationToken)
   at Microsoft.EntityFrameworkCore.Query.Internal.SingleQueryingEnumerable`1.AsyncEnumerator.MoveNextAsync()
  Exception data:
    Severity: ERROR
    SqlState: 42703
    MessageText: column s.HeroBackgroundImage does not exist
    Position: 410
    File: parse_relation.c
    Line: 3722
    Routine: errorMissingColumn
Npgsql.PostgresException (0x80004005): 42703: column s.HeroBackgroundImage does not exist

POSITION: 410
   at Npgsql.Internal.NpgsqlConnector.ReadMessageLong(Boolean async, DataRowLoadingMode dataRowLoadingMode, Boolean readingNotifications, Boolean isReadingPrependedMessage)
   at System.Runtime.CompilerServices.PoolingAsyncValueTaskMethodBuilder`1.StateMachineBox`1.System.Threading.Tasks.Sources.IValueTaskSource<TResult>.GetResult(Int16 token)
   at Npgsql.NpgsqlDataReader.NextResult(Boolean async, Boolean isConsuming, CancellationToken cancellationToken)
   at Npgsql.NpgsqlDataReader.NextResult(Boolean async, Boolean isConsuming, CancellationToken cancellationToken)
   at Npgsql.NpgsqlCommand.ExecuteReader(Boolean async, CommandBehavior behavior, CancellationToken cancellationToken)
   at Npgsql.NpgsqlCommand.ExecuteReader(Boolean async, CommandBehavior behavior, CancellationToken cancellationToken)
   at Npgsql.NpgsqlCommand.ExecuteDbDataReaderAsync(CommandBehavior behavior, CancellationToken cancellationToken)
   at Microsoft.EntityFrameworkCore.Storage.RelationalCommand.ExecuteReaderAsync(RelationalCommandParameterObject parameterObject, CancellationToken cancellationToken)
   at Microsoft.EntityFrameworkCore.Storage.RelationalCommand.ExecuteReaderAsync(RelationalCommandParameterObject parameterObject, CancellationToken cancellationToken)
   at Microsoft.EntityFrameworkCore.Query.Internal.SingleQueryingEnumerable`1.AsyncEnumerator.InitializeReaderAsync(AsyncEnumerator enumerator, CancellationToken cancellationToken)
   at Npgsql.EntityFrameworkCore.PostgreSQL.Storage.Internal.NpgsqlExecutionStrategy.ExecuteAsync[TState,TResult](TState state, Func`4 operation, Func`4 verifySucceeded, CancellationToken cancellationToken)
   at Microsoft.EntityFrameworkCore.Query.Internal.SingleQueryingEnumerable`1.AsyncEnumerator.MoveNextAsync()
  Exception data:
    Severity: ERROR
    SqlState: 42703
    MessageText: column s.HeroBackgroundImage does not exist
    Position: 410
    File: parse_relation.c
    Line: 3722
    Routine: errorMissingColumn
2026-05-14 15:55:55.292 +07:00 [ERR] An unhandled exception has occurred while executing the request.
Npgsql.PostgresException (0x80004005): 42703: column s.HeroBackgroundImage does not exist

POSITION: 410
   at Npgsql.Internal.NpgsqlConnector.ReadMessageLong(Boolean async, DataRowLoadingMode dataRowLoadingMode, Boolean readingNotifications, Boolean isReadingPrependedMessage)
   at System.Runtime.CompilerServices.PoolingAsyncValueTaskMethodBuilder`1.StateMachineBox`1.System.Threading.Tasks.Sources.IValueTaskSource<TResult>.GetResult(Int16 token)
   at Npgsql.NpgsqlDataReader.NextResult(Boolean async, Boolean isConsuming, CancellationToken cancellationToken)
   at Npgsql.NpgsqlDataReader.NextResult(Boolean async, Boolean isConsuming, CancellationToken cancellationToken)
   at Npgsql.NpgsqlCommand.ExecuteReader(Boolean async, CommandBehavior behavior, CancellationToken cancellationToken)
   at Npgsql.NpgsqlCommand.ExecuteReader(Boolean async, CommandBehavior behavior, CancellationToken cancellationToken)
   at Npgsql.NpgsqlCommand.ExecuteDbDataReaderAsync(CommandBehavior behavior, CancellationToken cancellationToken)
   at Microsoft.EntityFrameworkCore.Storage.RelationalCommand.ExecuteReaderAsync(RelationalCommandParameterObject parameterObject, CancellationToken cancellationToken)
   at Microsoft.EntityFrameworkCore.Storage.RelationalCommand.ExecuteReaderAsync(RelationalCommandParameterObject parameterObject, CancellationToken cancellationToken)
   at Microsoft.EntityFrameworkCore.Query.Internal.SingleQueryingEnumerable`1.AsyncEnumerator.InitializeReaderAsync(AsyncEnumerator enumerator, CancellationToken cancellationToken)
   at Npgsql.EntityFrameworkCore.PostgreSQL.Storage.Internal.NpgsqlExecutionStrategy.ExecuteAsync[TState,TResult](TState state, Func`4 operation, Func`4 verifySucceeded, CancellationToken cancellationToken)
   at Microsoft.EntityFrameworkCore.Query.Internal.SingleQueryingEnumerable`1.AsyncEnumerator.MoveNextAsync()
   at Microsoft.EntityFrameworkCore.Query.ShapedQueryCompilingExpressionVisitor.SingleOrDefaultAsync[TSource](IAsyncEnumerable`1 asyncEnumerable, CancellationToken cancellationToken)
   at Microsoft.EntityFrameworkCore.Query.ShapedQueryCompilingExpressionVisitor.SingleOrDefaultAsync[TSource](IAsyncEnumerable`1 asyncEnumerable, CancellationToken cancellationToken)
   at AquaCMS.Services.SettingsService.GetSettingsAsync() in E:\sourceCode\catalog\src\AquaCMS\Services\SettingsService.cs:line 36
   at AquaCMS.Controllers.HomeController.Index() in E:\sourceCode\catalog\src\AquaCMS\Controllers\HomeController.cs:line 38
   at Microsoft.AspNetCore.Mvc.Infrastructure.ActionMethodExecutor.TaskOfIActionResultExecutor.Execute(ActionContext actionContext, IActionResultTypeMapper mapper, ObjectMethodExecutor executor, Object controller, Object[] arguments)
   at Microsoft.AspNetCore.Mvc.Infrastructure.ControllerActionInvoker.<InvokeActionMethodAsync>g__Awaited|12_0(ControllerActionInvoker invoker, ValueTask`1 actionResultValueTask)
   at Microsoft.AspNetCore.Mvc.Infrastructure.ControllerActionInvoker.<InvokeNextActionFilterAsync>g__Awaited|10_0(ControllerActionInvoker invoker, Task lastTask, State next, Scope scope, Object state, Boolean isCompleted)
   at Microsoft.AspNetCore.Mvc.Infrastructure.ControllerActionInvoker.Rethrow(ActionExecutedContextSealed context)
   at Microsoft.AspNetCore.Mvc.Infrastructure.ControllerActionInvoker.Next(State& next, Scope& scope, Object& state, Boolean& isCompleted)
   at Microsoft.AspNetCore.Mvc.Infrastructure.ControllerActionInvoker.<InvokeInnerFilterAsync>g__Awaited|13_0(ControllerActionInvoker invoker, Task lastTask, State next, Scope scope, Object state, Boolean isCompleted)
   at Microsoft.AspNetCore.Mvc.Infrastructure.ResourceInvoker.<InvokeNextResourceFilter>g__Awaited|25_0(ResourceInvoker invoker, Task lastTask, State next, Scope scope, Object state, Boolean isCompleted)
   at Microsoft.AspNetCore.Mvc.Infrastructure.ResourceInvoker.Rethrow(ResourceExecutedContextSealed context)
   at Microsoft.AspNetCore.Mvc.Infrastructure.ResourceInvoker.Next(State& next, Scope& scope, Object& state, Boolean& isCompleted)
   at Microsoft.AspNetCore.Mvc.Infrastructure.ResourceInvoker.<InvokeFilterPipelineAsync>g__Awaited|20_0(ResourceInvoker invoker, Task lastTask, State next, Scope scope, Object state, Boolean isCompleted)
   at Microsoft.AspNetCore.Mvc.Infrastructure.ResourceInvoker.<InvokeAsync>g__Awaited|17_0(ResourceInvoker invoker, Task task, IDisposable scope)
   at Microsoft.AspNetCore.Mvc.Infrastructure.ResourceInvoker.<InvokeAsync>g__Awaited|17_0(ResourceInvoker invoker, Task task, IDisposable scope)
   at Microsoft.AspNetCore.Authorization.AuthorizationMiddleware.Invoke(HttpContext context)
   at Microsoft.AspNetCore.Authentication.AuthenticationMiddleware.Invoke(HttpContext context)
   at Microsoft.AspNetCore.Diagnostics.StatusCodePagesMiddleware.Invoke(HttpContext context)
   at AquaCMS.Modules.Core.Middleware.PageViewTrackingMiddleware.InvokeAsync(HttpContext ctx) in E:\sourceCode\catalog\src\AquaCMS\Modules\Core\Middleware\PageViewTrackingMiddleware.cs:line 43
   at Microsoft.AspNetCore.Diagnostics.DeveloperExceptionPageMiddlewareImpl.Invoke(HttpContext context)
  Exception data:
    Severity: ERROR
    SqlState: 42703
    MessageText: column s.HeroBackgroundImage does not exist
    Position: 410
    File: parse_relation.c
    Line: 3722
    Routine: errorMissingColumn
2026-05-14 15:55:55.313 +07:00 [ERR] HTTP GET / responded 500 in 36.1715 ms
2026-05-14 15:55:55.551 +07:00 [ERR] Failed executing DbCommand (2ms) [Parameters=[], CommandType='"Text"', CommandTimeout='30']
SELECT s.id, s.about_content, s.about_image, s.about_title, s.address, s.background_color, s.bank_name, s.bank_number, s.bank_owner, s.chat_auto_reply_message, s.company_name, s.copyright_text, s.default_meta_description, s.default_meta_title, s.default_og_image, s.email, s.email_enabled, s.facebook, s.facebook_pixel_id, s.featured_products_count, s.footer_about_text, s.footer_text, s.google_analytics_id, s."HeroBackgroundImage", s.latest_posts_count, s.logo, s.notification_email, s.phone, s.primary_color, s.show_banners, s.show_categories, s.show_facebook, s.show_featured_products, s.show_footer, s.show_hotline, s.show_latest_posts, s.show_nav_cart, s.show_nav_knowledge, s.show_nav_partners, s.show_nav_products, s.show_partners, s.show_telegram, s.show_tiktok, s.show_youtube, s.show_zalo, s.smtp_from_email, s.smtp_from_name, s.smtp_host, s.smtp_password, s.smtp_port, s.smtp_use_ssl, s.smtp_user, s.telegram, s.tiktok, s.updated_at, s.youtube, s.zalo
FROM site_settings AS s
ORDER BY s.id
LIMIT 1
2026-05-14 15:55:55.555 +07:00 [ERR] An exception occurred while iterating over the results of a query for context type 'AquaCMS.Data.AppDbContext'.
Npgsql.PostgresException (0x80004005): 42703: column s.HeroBackgroundImage does not exist

POSITION: 410
   at Npgsql.Internal.NpgsqlConnector.ReadMessageLong(Boolean async, DataRowLoadingMode dataRowLoadingMode, Boolean readingNotifications, Boolean isReadingPrependedMessage)
   at System.Runtime.CompilerServices.PoolingAsyncValueTaskMethodBuilder`1.StateMachineBox`1.System.Threading.Tasks.Sources.IValueTaskSource<TResult>.GetResult(Int16 token)
   at Npgsql.NpgsqlDataReader.NextResult(Boolean async, Boolean isConsuming, CancellationToken cancellationToken)
   at Npgsql.NpgsqlDataReader.NextResult(Boolean async, Boolean isConsuming, CancellationToken cancellationToken)
   at Npgsql.NpgsqlCommand.ExecuteReader(Boolean async, CommandBehavior behavior, CancellationToken cancellationToken)
   at Npgsql.NpgsqlCommand.ExecuteReader(Boolean async, CommandBehavior behavior, CancellationToken cancellationToken)
   at Npgsql.NpgsqlCommand.ExecuteDbDataReaderAsync(CommandBehavior behavior, CancellationToken cancellationToken)
   at Microsoft.EntityFrameworkCore.Storage.RelationalCommand.ExecuteReaderAsync(RelationalCommandParameterObject parameterObject, CancellationToken cancellationToken)
   at Microsoft.EntityFrameworkCore.Storage.RelationalCommand.ExecuteReaderAsync(RelationalCommandParameterObject parameterObject, CancellationToken cancellationToken)
   at Microsoft.EntityFrameworkCore.Query.Internal.SingleQueryingEnumerable`1.AsyncEnumerator.InitializeReaderAsync(AsyncEnumerator enumerator, CancellationToken cancellationToken)
   at Npgsql.EntityFrameworkCore.PostgreSQL.Storage.Internal.NpgsqlExecutionStrategy.ExecuteAsync[TState,TResult](TState state, Func`4 operation, Func`4 verifySucceeded, CancellationToken cancellationToken)
   at Microsoft.EntityFrameworkCore.Query.Internal.SingleQueryingEnumerable`1.AsyncEnumerator.MoveNextAsync()
  Exception data:
    Severity: ERROR
    SqlState: 42703
    MessageText: column s.HeroBackgroundImage does not exist
    Position: 410
    File: parse_relation.c
    Line: 3722
    Routine: errorMissingColumn
Npgsql.PostgresException (0x80004005): 42703: column s.HeroBackgroundImage does not exist

POSITION: 410
   at Npgsql.Internal.NpgsqlConnector.ReadMessageLong(Boolean async, DataRowLoadingMode dataRowLoadingMode, Boolean readingNotifications, Boolean isReadingPrependedMessage)
   at System.Runtime.CompilerServices.PoolingAsyncValueTaskMethodBuilder`1.StateMachineBox`1.System.Threading.Tasks.Sources.IValueTaskSource<TResult>.GetResult(Int16 token)
   at Npgsql.NpgsqlDataReader.NextResult(Boolean async, Boolean isConsuming, CancellationToken cancellationToken)
   at Npgsql.NpgsqlDataReader.NextResult(Boolean async, Boolean isConsuming, CancellationToken cancellationToken)
   at Npgsql.NpgsqlCommand.ExecuteReader(Boolean async, CommandBehavior behavior, CancellationToken cancellationToken)
   at Npgsql.NpgsqlCommand.ExecuteReader(Boolean async, CommandBehavior behavior, CancellationToken cancellationToken)
   at Npgsql.NpgsqlCommand.ExecuteDbDataReaderAsync(CommandBehavior behavior, CancellationToken cancellationToken)
   at Microsoft.EntityFrameworkCore.Storage.RelationalCommand.ExecuteReaderAsync(RelationalCommandParameterObject parameterObject, CancellationToken cancellationToken)
   at Microsoft.EntityFrameworkCore.Storage.RelationalCommand.ExecuteReaderAsync(RelationalCommandParameterObject parameterObject, CancellationToken cancellationToken)
   at Microsoft.EntityFrameworkCore.Query.Internal.SingleQueryingEnumerable`1.AsyncEnumerator.InitializeReaderAsync(AsyncEnumerator enumerator, CancellationToken cancellationToken)
   at Npgsql.EntityFrameworkCore.PostgreSQL.Storage.Internal.NpgsqlExecutionStrategy.ExecuteAsync[TState,TResult](TState state, Func`4 operation, Func`4 verifySucceeded, CancellationToken cancellationToken)
   at Microsoft.EntityFrameworkCore.Query.Internal.SingleQueryingEnumerable`1.AsyncEnumerator.MoveNextAsync()
  Exception data:
    Severity: ERROR
    SqlState: 42703
    MessageText: column s.HeroBackgroundImage does not exist
    Position: 410
    File: parse_relation.c
    Line: 3722
    Routine: errorMissingColumn
2026-05-14 15:55:55.564 +07:00 [ERR] An unhandled exception has occurred while executing the request.
Npgsql.PostgresException (0x80004005): 42703: column s.HeroBackgroundImage does not exist

POSITION: 410
   at Npgsql.Internal.NpgsqlConnector.ReadMessageLong(Boolean async, DataRowLoadingMode dataRowLoadingMode, Boolean readingNotifications, Boolean isReadingPrependedMessage)
   at System.Runtime.CompilerServices.PoolingAsyncValueTaskMethodBuilder`1.StateMachineBox`1.System.Threading.Tasks.Sources.IValueTaskSource<TResult>.GetResult(Int16 token)
   at Npgsql.NpgsqlDataReader.NextResult(Boolean async, Boolean isConsuming, CancellationToken cancellationToken)
   at Npgsql.NpgsqlDataReader.NextResult(Boolean async, Boolean isConsuming, CancellationToken cancellationToken)
   at Npgsql.NpgsqlCommand.ExecuteReader(Boolean async, CommandBehavior behavior, CancellationToken cancellationToken)
   at Npgsql.NpgsqlCommand.ExecuteReader(Boolean async, CommandBehavior behavior, CancellationToken cancellationToken)
   at Npgsql.NpgsqlCommand.ExecuteDbDataReaderAsync(CommandBehavior behavior, CancellationToken cancellationToken)
   at Microsoft.EntityFrameworkCore.Storage.RelationalCommand.ExecuteReaderAsync(RelationalCommandParameterObject parameterObject, CancellationToken cancellationToken)
   at Microsoft.EntityFrameworkCore.Storage.RelationalCommand.ExecuteReaderAsync(RelationalCommandParameterObject parameterObject, CancellationToken cancellationToken)
   at Microsoft.EntityFrameworkCore.Query.Internal.SingleQueryingEnumerable`1.AsyncEnumerator.InitializeReaderAsync(AsyncEnumerator enumerator, CancellationToken cancellationToken)
   at Npgsql.EntityFrameworkCore.PostgreSQL.Storage.Internal.NpgsqlExecutionStrategy.ExecuteAsync[TState,TResult](TState state, Func`4 operation, Func`4 verifySucceeded, CancellationToken cancellationToken)
   at Microsoft.EntityFrameworkCore.Query.Internal.SingleQueryingEnumerable`1.AsyncEnumerator.MoveNextAsync()
   at Microsoft.EntityFrameworkCore.Query.ShapedQueryCompilingExpressionVisitor.SingleOrDefaultAsync[TSource](IAsyncEnumerable`1 asyncEnumerable, CancellationToken cancellationToken)
   at Microsoft.EntityFrameworkCore.Query.ShapedQueryCompilingExpressionVisitor.SingleOrDefaultAsync[TSource](IAsyncEnumerable`1 asyncEnumerable, CancellationToken cancellationToken)
   at AquaCMS.Services.SettingsService.GetSettingsAsync() in E:\sourceCode\catalog\src\AquaCMS\Services\SettingsService.cs:line 36
   at AquaCMS.Controllers.HomeController.Index() in E:\sourceCode\catalog\src\AquaCMS\Controllers\HomeController.cs:line 38
   at Microsoft.AspNetCore.Mvc.Infrastructure.ActionMethodExecutor.TaskOfIActionResultExecutor.Execute(ActionContext actionContext, IActionResultTypeMapper mapper, ObjectMethodExecutor executor, Object controller, Object[] arguments)
   at Microsoft.AspNetCore.Mvc.Infrastructure.ControllerActionInvoker.<InvokeActionMethodAsync>g__Awaited|12_0(ControllerActionInvoker invoker, ValueTask`1 actionResultValueTask)
   at Microsoft.AspNetCore.Mvc.Infrastructure.ControllerActionInvoker.<InvokeNextActionFilterAsync>g__Awaited|10_0(ControllerActionInvoker invoker, Task lastTask, State next, Scope scope, Object state, Boolean isCompleted)
   at Microsoft.AspNetCore.Mvc.Infrastructure.ControllerActionInvoker.Rethrow(ActionExecutedContextSealed context)
   at Microsoft.AspNetCore.Mvc.Infrastructure.ControllerActionInvoker.Next(State& next, Scope& scope, Object& state, Boolean& isCompleted)
   at Microsoft.AspNetCore.Mvc.Infrastructure.ControllerActionInvoker.<InvokeInnerFilterAsync>g__Awaited|13_0(ControllerActionInvoker invoker, Task lastTask, State next, Scope scope, Object state, Boolean isCompleted)
   at Microsoft.AspNetCore.Mvc.Infrastructure.ResourceInvoker.<InvokeNextResourceFilter>g__Awaited|25_0(ResourceInvoker invoker, Task lastTask, State next, Scope scope, Object state, Boolean isCompleted)
   at Microsoft.AspNetCore.Mvc.Infrastructure.ResourceInvoker.Rethrow(ResourceExecutedContextSealed context)
   at Microsoft.AspNetCore.Mvc.Infrastructure.ResourceInvoker.Next(State& next, Scope& scope, Object& state, Boolean& isCompleted)
   at Microsoft.AspNetCore.Mvc.Infrastructure.ResourceInvoker.<InvokeFilterPipelineAsync>g__Awaited|20_0(ResourceInvoker invoker, Task lastTask, State next, Scope scope, Object state, Boolean isCompleted)
   at Microsoft.AspNetCore.Mvc.Infrastructure.ResourceInvoker.<InvokeAsync>g__Awaited|17_0(ResourceInvoker invoker, Task task, IDisposable scope)
   at Microsoft.AspNetCore.Mvc.Infrastructure.ResourceInvoker.<InvokeAsync>g__Awaited|17_0(ResourceInvoker invoker, Task task, IDisposable scope)
   at Microsoft.AspNetCore.Authorization.AuthorizationMiddleware.Invoke(HttpContext context)
   at Microsoft.AspNetCore.Authentication.AuthenticationMiddleware.Invoke(HttpContext context)
   at Microsoft.AspNetCore.Diagnostics.StatusCodePagesMiddleware.Invoke(HttpContext context)
   at AquaCMS.Modules.Core.Middleware.PageViewTrackingMiddleware.InvokeAsync(HttpContext ctx) in E:\sourceCode\catalog\src\AquaCMS\Modules\Core\Middleware\PageViewTrackingMiddleware.cs:line 43
   at Microsoft.AspNetCore.Diagnostics.DeveloperExceptionPageMiddlewareImpl.Invoke(HttpContext context)
  Exception data:
    Severity: ERROR
    SqlState: 42703
    MessageText: column s.HeroBackgroundImage does not exist
    Position: 410
    File: parse_relation.c
    Line: 3722
    Routine: errorMissingColumn
2026-05-14 15:55:55.584 +07:00 [ERR] HTTP GET / responded 500 in 36.8808 ms
2026-05-14 15:55:55.726 +07:00 [ERR] Failed executing DbCommand (2ms) [Parameters=[], CommandType='"Text"', CommandTimeout='30']
SELECT s.id, s.about_content, s.about_image, s.about_title, s.address, s.background_color, s.bank_name, s.bank_number, s.bank_owner, s.chat_auto_reply_message, s.company_name, s.copyright_text, s.default_meta_description, s.default_meta_title, s.default_og_image, s.email, s.email_enabled, s.facebook, s.facebook_pixel_id, s.featured_products_count, s.footer_about_text, s.footer_text, s.google_analytics_id, s."HeroBackgroundImage", s.latest_posts_count, s.logo, s.notification_email, s.phone, s.primary_color, s.show_banners, s.show_categories, s.show_facebook, s.show_featured_products, s.show_footer, s.show_hotline, s.show_latest_posts, s.show_nav_cart, s.show_nav_knowledge, s.show_nav_partners, s.show_nav_products, s.show_partners, s.show_telegram, s.show_tiktok, s.show_youtube, s.show_zalo, s.smtp_from_email, s.smtp_from_name, s.smtp_host, s.smtp_password, s.smtp_port, s.smtp_use_ssl, s.smtp_user, s.telegram, s.tiktok, s.updated_at, s.youtube, s.zalo
FROM site_settings AS s
ORDER BY s.id
LIMIT 1
2026-05-14 15:55:55.730 +07:00 [ERR] An exception occurred while iterating over the results of a query for context type 'AquaCMS.Data.AppDbContext'.
Npgsql.PostgresException (0x80004005): 42703: column s.HeroBackgroundImage does not exist

POSITION: 410
   at Npgsql.Internal.NpgsqlConnector.ReadMessageLong(Boolean async, DataRowLoadingMode dataRowLoadingMode, Boolean readingNotifications, Boolean isReadingPrependedMessage)
   at System.Runtime.CompilerServices.PoolingAsyncValueTaskMethodBuilder`1.StateMachineBox`1.System.Threading.Tasks.Sources.IValueTaskSource<TResult>.GetResult(Int16 token)
   at Npgsql.NpgsqlDataReader.NextResult(Boolean async, Boolean isConsuming, CancellationToken cancellationToken)
   at Npgsql.NpgsqlDataReader.NextResult(Boolean async, Boolean isConsuming, CancellationToken cancellationToken)
   at Npgsql.NpgsqlCommand.ExecuteReader(Boolean async, CommandBehavior behavior, CancellationToken cancellationToken)
   at Npgsql.NpgsqlCommand.ExecuteReader(Boolean async, CommandBehavior behavior, CancellationToken cancellationToken)
   at Npgsql.NpgsqlCommand.ExecuteDbDataReaderAsync(CommandBehavior behavior, CancellationToken cancellationToken)
   at Microsoft.EntityFrameworkCore.Storage.RelationalCommand.ExecuteReaderAsync(RelationalCommandParameterObject parameterObject, CancellationToken cancellationToken)
   at Microsoft.EntityFrameworkCore.Storage.RelationalCommand.ExecuteReaderAsync(RelationalCommandParameterObject parameterObject, CancellationToken cancellationToken)
   at Microsoft.EntityFrameworkCore.Query.Internal.SingleQueryingEnumerable`1.AsyncEnumerator.InitializeReaderAsync(AsyncEnumerator enumerator, CancellationToken cancellationToken)
   at Npgsql.EntityFrameworkCore.PostgreSQL.Storage.Internal.NpgsqlExecutionStrategy.ExecuteAsync[TState,TResult](TState state, Func`4 operation, Func`4 verifySucceeded, CancellationToken cancellationToken)
   at Microsoft.EntityFrameworkCore.Query.Internal.SingleQueryingEnumerable`1.AsyncEnumerator.MoveNextAsync()
  Exception data:
    Severity: ERROR
    SqlState: 42703
    MessageText: column s.HeroBackgroundImage does not exist
    Position: 410
    File: parse_relation.c
    Line: 3722
    Routine: errorMissingColumn
Npgsql.PostgresException (0x80004005): 42703: column s.HeroBackgroundImage does not exist

POSITION: 410
   at Npgsql.Internal.NpgsqlConnector.ReadMessageLong(Boolean async, DataRowLoadingMode dataRowLoadingMode, Boolean readingNotifications, Boolean isReadingPrependedMessage)
   at System.Runtime.CompilerServices.PoolingAsyncValueTaskMethodBuilder`1.StateMachineBox`1.System.Threading.Tasks.Sources.IValueTaskSource<TResult>.GetResult(Int16 token)
   at Npgsql.NpgsqlDataReader.NextResult(Boolean async, Boolean isConsuming, CancellationToken cancellationToken)
   at Npgsql.NpgsqlDataReader.NextResult(Boolean async, Boolean isConsuming, CancellationToken cancellationToken)
   at Npgsql.NpgsqlCommand.ExecuteReader(Boolean async, CommandBehavior behavior, CancellationToken cancellationToken)
   at Npgsql.NpgsqlCommand.ExecuteReader(Boolean async, CommandBehavior behavior, CancellationToken cancellationToken)
   at Npgsql.NpgsqlCommand.ExecuteDbDataReaderAsync(CommandBehavior behavior, CancellationToken cancellationToken)
   at Microsoft.EntityFrameworkCore.Storage.RelationalCommand.ExecuteReaderAsync(RelationalCommandParameterObject parameterObject, CancellationToken cancellationToken)
   at Microsoft.EntityFrameworkCore.Storage.RelationalCommand.ExecuteReaderAsync(RelationalCommandParameterObject parameterObject, CancellationToken cancellationToken)
   at Microsoft.EntityFrameworkCore.Query.Internal.SingleQueryingEnumerable`1.AsyncEnumerator.InitializeReaderAsync(AsyncEnumerator enumerator, CancellationToken cancellationToken)
   at Npgsql.EntityFrameworkCore.PostgreSQL.Storage.Internal.NpgsqlExecutionStrategy.ExecuteAsync[TState,TResult](TState state, Func`4 operation, Func`4 verifySucceeded, CancellationToken cancellationToken)
   at Microsoft.EntityFrameworkCore.Query.Internal.SingleQueryingEnumerable`1.AsyncEnumerator.MoveNextAsync()
  Exception data:
    Severity: ERROR
    SqlState: 42703
    MessageText: column s.HeroBackgroundImage does not exist
    Position: 410
    File: parse_relation.c
    Line: 3722
    Routine: errorMissingColumn
2026-05-14 15:55:55.740 +07:00 [ERR] An unhandled exception has occurred while executing the request.
Npgsql.PostgresException (0x80004005): 42703: column s.HeroBackgroundImage does not exist

POSITION: 410
   at Npgsql.Internal.NpgsqlConnector.ReadMessageLong(Boolean async, DataRowLoadingMode dataRowLoadingMode, Boolean readingNotifications, Boolean isReadingPrependedMessage)
   at System.Runtime.CompilerServices.PoolingAsyncValueTaskMethodBuilder`1.StateMachineBox`1.System.Threading.Tasks.Sources.IValueTaskSource<TResult>.GetResult(Int16 token)
   at Npgsql.NpgsqlDataReader.NextResult(Boolean async, Boolean isConsuming, CancellationToken cancellationToken)
   at Npgsql.NpgsqlDataReader.NextResult(Boolean async, Boolean isConsuming, CancellationToken cancellationToken)
   at Npgsql.NpgsqlCommand.ExecuteReader(Boolean async, CommandBehavior behavior, CancellationToken cancellationToken)
   at Npgsql.NpgsqlCommand.ExecuteReader(Boolean async, CommandBehavior behavior, CancellationToken cancellationToken)
   at Npgsql.NpgsqlCommand.ExecuteDbDataReaderAsync(CommandBehavior behavior, CancellationToken cancellationToken)
   at Microsoft.EntityFrameworkCore.Storage.RelationalCommand.ExecuteReaderAsync(RelationalCommandParameterObject parameterObject, CancellationToken cancellationToken)
   at Microsoft.EntityFrameworkCore.Storage.RelationalCommand.ExecuteReaderAsync(RelationalCommandParameterObject parameterObject, CancellationToken cancellationToken)
   at Microsoft.EntityFrameworkCore.Query.Internal.SingleQueryingEnumerable`1.AsyncEnumerator.InitializeReaderAsync(AsyncEnumerator enumerator, CancellationToken cancellationToken)
   at Npgsql.EntityFrameworkCore.PostgreSQL.Storage.Internal.NpgsqlExecutionStrategy.ExecuteAsync[TState,TResult](TState state, Func`4 operation, Func`4 verifySucceeded, CancellationToken cancellationToken)
   at Microsoft.EntityFrameworkCore.Query.Internal.SingleQueryingEnumerable`1.AsyncEnumerator.MoveNextAsync()
   at Microsoft.EntityFrameworkCore.Query.ShapedQueryCompilingExpressionVisitor.SingleOrDefaultAsync[TSource](IAsyncEnumerable`1 asyncEnumerable, CancellationToken cancellationToken)
   at Microsoft.EntityFrameworkCore.Query.ShapedQueryCompilingExpressionVisitor.SingleOrDefaultAsync[TSource](IAsyncEnumerable`1 asyncEnumerable, CancellationToken cancellationToken)
   at AquaCMS.Services.SettingsService.GetSettingsAsync() in E:\sourceCode\catalog\src\AquaCMS\Services\SettingsService.cs:line 36
   at AquaCMS.Controllers.HomeController.Index() in E:\sourceCode\catalog\src\AquaCMS\Controllers\HomeController.cs:line 38
   at Microsoft.AspNetCore.Mvc.Infrastructure.ActionMethodExecutor.TaskOfIActionResultExecutor.Execute(ActionContext actionContext, IActionResultTypeMapper mapper, ObjectMethodExecutor executor, Object controller, Object[] arguments)
   at Microsoft.AspNetCore.Mvc.Infrastructure.ControllerActionInvoker.<InvokeActionMethodAsync>g__Awaited|12_0(ControllerActionInvoker invoker, ValueTask`1 actionResultValueTask)
   at Microsoft.AspNetCore.Mvc.Infrastructure.ControllerActionInvoker.<InvokeNextActionFilterAsync>g__Awaited|10_0(ControllerActionInvoker invoker, Task lastTask, State next, Scope scope, Object state, Boolean isCompleted)
   at Microsoft.AspNetCore.Mvc.Infrastructure.ControllerActionInvoker.Rethrow(ActionExecutedContextSealed context)
   at Microsoft.AspNetCore.Mvc.Infrastructure.ControllerActionInvoker.Next(State& next, Scope& scope, Object& state, Boolean& isCompleted)
   at Microsoft.AspNetCore.Mvc.Infrastructure.ControllerActionInvoker.<InvokeInnerFilterAsync>g__Awaited|13_0(ControllerActionInvoker invoker, Task lastTask, State next, Scope scope, Object state, Boolean isCompleted)
   at Microsoft.AspNetCore.Mvc.Infrastructure.ResourceInvoker.<InvokeNextResourceFilter>g__Awaited|25_0(ResourceInvoker invoker, Task lastTask, State next, Scope scope, Object state, Boolean isCompleted)
   at Microsoft.AspNetCore.Mvc.Infrastructure.ResourceInvoker.Rethrow(ResourceExecutedContextSealed context)
   at Microsoft.AspNetCore.Mvc.Infrastructure.ResourceInvoker.Next(State& next, Scope& scope, Object& state, Boolean& isCompleted)
   at Microsoft.AspNetCore.Mvc.Infrastructure.ResourceInvoker.<InvokeFilterPipelineAsync>g__Awaited|20_0(ResourceInvoker invoker, Task lastTask, State next, Scope scope, Object state, Boolean isCompleted)
   at Microsoft.AspNetCore.Mvc.Infrastructure.ResourceInvoker.<InvokeAsync>g__Awaited|17_0(ResourceInvoker invoker, Task task, IDisposable scope)
   at Microsoft.AspNetCore.Mvc.Infrastructure.ResourceInvoker.<InvokeAsync>g__Awaited|17_0(ResourceInvoker invoker, Task task, IDisposable scope)
   at Microsoft.AspNetCore.Authorization.AuthorizationMiddleware.Invoke(HttpContext context)
   at Microsoft.AspNetCore.Authentication.AuthenticationMiddleware.Invoke(HttpContext context)
   at Microsoft.AspNetCore.Diagnostics.StatusCodePagesMiddleware.Invoke(HttpContext context)
   at AquaCMS.Modules.Core.Middleware.PageViewTrackingMiddleware.InvokeAsync(HttpContext ctx) in E:\sourceCode\catalog\src\AquaCMS\Modules\Core\Middleware\PageViewTrackingMiddleware.cs:line 43
   at Microsoft.AspNetCore.Diagnostics.DeveloperExceptionPageMiddlewareImpl.Invoke(HttpContext context)
  Exception data:
    Severity: ERROR
    SqlState: 42703
    MessageText: column s.HeroBackgroundImage does not exist
    Position: 410
    File: parse_relation.c
    Line: 3722
    Routine: errorMissingColumn
2026-05-14 15:55:55.758 +07:00 [ERR] HTTP GET / responded 500 in 35.3219 ms
2026-05-14 15:55:55.967 +07:00 [ERR] Failed executing DbCommand (2ms) [Parameters=[], CommandType='"Text"', CommandTimeout='30']
SELECT s.id, s.about_content, s.about_image, s.about_title, s.address, s.background_color, s.bank_name, s.bank_number, s.bank_owner, s.chat_auto_reply_message, s.company_name, s.copyright_text, s.default_meta_description, s.default_meta_title, s.default_og_image, s.email, s.email_enabled, s.facebook, s.facebook_pixel_id, s.featured_products_count, s.footer_about_text, s.footer_text, s.google_analytics_id, s."HeroBackgroundImage", s.latest_posts_count, s.logo, s.notification_email, s.phone, s.primary_color, s.show_banners, s.show_categories, s.show_facebook, s.show_featured_products, s.show_footer, s.show_hotline, s.show_latest_posts, s.show_nav_cart, s.show_nav_knowledge, s.show_nav_partners, s.show_nav_products, s.show_partners, s.show_telegram, s.show_tiktok, s.show_youtube, s.show_zalo, s.smtp_from_email, s.smtp_from_name, s.smtp_host, s.smtp_password, s.smtp_port, s.smtp_use_ssl, s.smtp_user, s.telegram, s.tiktok, s.updated_at, s.youtube, s.zalo
FROM site_settings AS s
ORDER BY s.id
LIMIT 1
2026-05-14 15:55:55.972 +07:00 [ERR] An exception occurred while iterating over the results of a query for context type 'AquaCMS.Data.AppDbContext'.
Npgsql.PostgresException (0x80004005): 42703: column s.HeroBackgroundImage does not exist

POSITION: 410
   at Npgsql.Internal.NpgsqlConnector.ReadMessageLong(Boolean async, DataRowLoadingMode dataRowLoadingMode, Boolean readingNotifications, Boolean isReadingPrependedMessage)
   at System.Runtime.CompilerServices.PoolingAsyncValueTaskMethodBuilder`1.StateMachineBox`1.System.Threading.Tasks.Sources.IValueTaskSource<TResult>.GetResult(Int16 token)
   at Npgsql.NpgsqlDataReader.NextResult(Boolean async, Boolean isConsuming, CancellationToken cancellationToken)
   at Npgsql.NpgsqlDataReader.NextResult(Boolean async, Boolean isConsuming, CancellationToken cancellationToken)
   at Npgsql.NpgsqlCommand.ExecuteReader(Boolean async, CommandBehavior behavior, CancellationToken cancellationToken)
   at Npgsql.NpgsqlCommand.ExecuteReader(Boolean async, CommandBehavior behavior, CancellationToken cancellationToken)
   at Npgsql.NpgsqlCommand.ExecuteDbDataReaderAsync(CommandBehavior behavior, CancellationToken cancellationToken)
   at Microsoft.EntityFrameworkCore.Storage.RelationalCommand.ExecuteReaderAsync(RelationalCommandParameterObject parameterObject, CancellationToken cancellationToken)
   at Microsoft.EntityFrameworkCore.Storage.RelationalCommand.ExecuteReaderAsync(RelationalCommandParameterObject parameterObject, CancellationToken cancellationToken)
   at Microsoft.EntityFrameworkCore.Query.Internal.SingleQueryingEnumerable`1.AsyncEnumerator.InitializeReaderAsync(AsyncEnumerator enumerator, CancellationToken cancellationToken)
   at Npgsql.EntityFrameworkCore.PostgreSQL.Storage.Internal.NpgsqlExecutionStrategy.ExecuteAsync[TState,TResult](TState state, Func`4 operation, Func`4 verifySucceeded, CancellationToken cancellationToken)
   at Microsoft.EntityFrameworkCore.Query.Internal.SingleQueryingEnumerable`1.AsyncEnumerator.MoveNextAsync()
  Exception data:
    Severity: ERROR
    SqlState: 42703
    MessageText: column s.HeroBackgroundImage does not exist
    Position: 410
    File: parse_relation.c
    Line: 3722
    Routine: errorMissingColumn
Npgsql.PostgresException (0x80004005): 42703: column s.HeroBackgroundImage does not exist

POSITION: 410
   at Npgsql.Internal.NpgsqlConnector.ReadMessageLong(Boolean async, DataRowLoadingMode dataRowLoadingMode, Boolean readingNotifications, Boolean isReadingPrependedMessage)
   at System.Runtime.CompilerServices.PoolingAsyncValueTaskMethodBuilder`1.StateMachineBox`1.System.Threading.Tasks.Sources.IValueTaskSource<TResult>.GetResult(Int16 token)
   at Npgsql.NpgsqlDataReader.NextResult(Boolean async, Boolean isConsuming, CancellationToken cancellationToken)
   at Npgsql.NpgsqlDataReader.NextResult(Boolean async, Boolean isConsuming, CancellationToken cancellationToken)
   at Npgsql.NpgsqlCommand.ExecuteReader(Boolean async, CommandBehavior behavior, CancellationToken cancellationToken)
   at Npgsql.NpgsqlCommand.ExecuteReader(Boolean async, CommandBehavior behavior, CancellationToken cancellationToken)
   at Npgsql.NpgsqlCommand.ExecuteDbDataReaderAsync(CommandBehavior behavior, CancellationToken cancellationToken)
   at Microsoft.EntityFrameworkCore.Storage.RelationalCommand.ExecuteReaderAsync(RelationalCommandParameterObject parameterObject, CancellationToken cancellationToken)
   at Microsoft.EntityFrameworkCore.Storage.RelationalCommand.ExecuteReaderAsync(RelationalCommandParameterObject parameterObject, CancellationToken cancellationToken)
   at Microsoft.EntityFrameworkCore.Query.Internal.SingleQueryingEnumerable`1.AsyncEnumerator.InitializeReaderAsync(AsyncEnumerator enumerator, CancellationToken cancellationToken)
   at Npgsql.EntityFrameworkCore.PostgreSQL.Storage.Internal.NpgsqlExecutionStrategy.ExecuteAsync[TState,TResult](TState state, Func`4 operation, Func`4 verifySucceeded, CancellationToken cancellationToken)
   at Microsoft.EntityFrameworkCore.Query.Internal.SingleQueryingEnumerable`1.AsyncEnumerator.MoveNextAsync()
  Exception data:
    Severity: ERROR
    SqlState: 42703
    MessageText: column s.HeroBackgroundImage does not exist
    Position: 410
    File: parse_relation.c
    Line: 3722
    Routine: errorMissingColumn
2026-05-14 15:55:55.981 +07:00 [ERR] An unhandled exception has occurred while executing the request.
Npgsql.PostgresException (0x80004005): 42703: column s.HeroBackgroundImage does not exist

POSITION: 410
   at Npgsql.Internal.NpgsqlConnector.ReadMessageLong(Boolean async, DataRowLoadingMode dataRowLoadingMode, Boolean readingNotifications, Boolean isReadingPrependedMessage)
   at System.Runtime.CompilerServices.PoolingAsyncValueTaskMethodBuilder`1.StateMachineBox`1.System.Threading.Tasks.Sources.IValueTaskSource<TResult>.GetResult(Int16 token)
   at Npgsql.NpgsqlDataReader.NextResult(Boolean async, Boolean isConsuming, CancellationToken cancellationToken)
   at Npgsql.NpgsqlDataReader.NextResult(Boolean async, Boolean isConsuming, CancellationToken cancellationToken)
   at Npgsql.NpgsqlCommand.ExecuteReader(Boolean async, CommandBehavior behavior, CancellationToken cancellationToken)
   at Npgsql.NpgsqlCommand.ExecuteReader(Boolean async, CommandBehavior behavior, CancellationToken cancellationToken)
   at Npgsql.NpgsqlCommand.ExecuteDbDataReaderAsync(CommandBehavior behavior, CancellationToken cancellationToken)
   at Microsoft.EntityFrameworkCore.Storage.RelationalCommand.ExecuteReaderAsync(RelationalCommandParameterObject parameterObject, CancellationToken cancellationToken)
   at Microsoft.EntityFrameworkCore.Storage.RelationalCommand.ExecuteReaderAsync(RelationalCommandParameterObject parameterObject, CancellationToken cancellationToken)
   at Microsoft.EntityFrameworkCore.Query.Internal.SingleQueryingEnumerable`1.AsyncEnumerator.InitializeReaderAsync(AsyncEnumerator enumerator, CancellationToken cancellationToken)
   at Npgsql.EntityFrameworkCore.PostgreSQL.Storage.Internal.NpgsqlExecutionStrategy.ExecuteAsync[TState,TResult](TState state, Func`4 operation, Func`4 verifySucceeded, CancellationToken cancellationToken)
   at Microsoft.EntityFrameworkCore.Query.Internal.SingleQueryingEnumerable`1.AsyncEnumerator.MoveNextAsync()
   at Microsoft.EntityFrameworkCore.Query.ShapedQueryCompilingExpressionVisitor.SingleOrDefaultAsync[TSource](IAsyncEnumerable`1 asyncEnumerable, CancellationToken cancellationToken)
   at Microsoft.EntityFrameworkCore.Query.ShapedQueryCompilingExpressionVisitor.SingleOrDefaultAsync[TSource](IAsyncEnumerable`1 asyncEnumerable, CancellationToken cancellationToken)
   at AquaCMS.Services.SettingsService.GetSettingsAsync() in E:\sourceCode\catalog\src\AquaCMS\Services\SettingsService.cs:line 36
   at AquaCMS.Controllers.HomeController.Index() in E:\sourceCode\catalog\src\AquaCMS\Controllers\HomeController.cs:line 38
   at Microsoft.AspNetCore.Mvc.Infrastructure.ActionMethodExecutor.TaskOfIActionResultExecutor.Execute(ActionContext actionContext, IActionResultTypeMapper mapper, ObjectMethodExecutor executor, Object controller, Object[] arguments)
   at Microsoft.AspNetCore.Mvc.Infrastructure.ControllerActionInvoker.<InvokeActionMethodAsync>g__Awaited|12_0(ControllerActionInvoker invoker, ValueTask`1 actionResultValueTask)
   at Microsoft.AspNetCore.Mvc.Infrastructure.ControllerActionInvoker.<InvokeNextActionFilterAsync>g__Awaited|10_0(ControllerActionInvoker invoker, Task lastTask, State next, Scope scope, Object state, Boolean isCompleted)
   at Microsoft.AspNetCore.Mvc.Infrastructure.ControllerActionInvoker.Rethrow(ActionExecutedContextSealed context)
   at Microsoft.AspNetCore.Mvc.Infrastructure.ControllerActionInvoker.Next(State& next, Scope& scope, Object& state, Boolean& isCompleted)
   at Microsoft.AspNetCore.Mvc.Infrastructure.ControllerActionInvoker.<InvokeInnerFilterAsync>g__Awaited|13_0(ControllerActionInvoker invoker, Task lastTask, State next, Scope scope, Object state, Boolean isCompleted)
   at Microsoft.AspNetCore.Mvc.Infrastructure.ResourceInvoker.<InvokeNextResourceFilter>g__Awaited|25_0(ResourceInvoker invoker, Task lastTask, State next, Scope scope, Object state, Boolean isCompleted)
   at Microsoft.AspNetCore.Mvc.Infrastructure.ResourceInvoker.Rethrow(ResourceExecutedContextSealed context)
   at Microsoft.AspNetCore.Mvc.Infrastructure.ResourceInvoker.Next(State& next, Scope& scope, Object& state, Boolean& isCompleted)
   at Microsoft.AspNetCore.Mvc.Infrastructure.ResourceInvoker.<InvokeFilterPipelineAsync>g__Awaited|20_0(ResourceInvoker invoker, Task lastTask, State next, Scope scope, Object state, Boolean isCompleted)
   at Microsoft.AspNetCore.Mvc.Infrastructure.ResourceInvoker.<InvokeAsync>g__Awaited|17_0(ResourceInvoker invoker, Task task, IDisposable scope)
   at Microsoft.AspNetCore.Mvc.Infrastructure.ResourceInvoker.<InvokeAsync>g__Awaited|17_0(ResourceInvoker invoker, Task task, IDisposable scope)
   at Microsoft.AspNetCore.Authorization.AuthorizationMiddleware.Invoke(HttpContext context)
   at Microsoft.AspNetCore.Authentication.AuthenticationMiddleware.Invoke(HttpContext context)
   at Microsoft.AspNetCore.Diagnostics.StatusCodePagesMiddleware.Invoke(HttpContext context)
   at AquaCMS.Modules.Core.Middleware.PageViewTrackingMiddleware.InvokeAsync(HttpContext ctx) in E:\sourceCode\catalog\src\AquaCMS\Modules\Core\Middleware\PageViewTrackingMiddleware.cs:line 43
   at Microsoft.AspNetCore.Diagnostics.DeveloperExceptionPageMiddlewareImpl.Invoke(HttpContext context)
  Exception data:
    Severity: ERROR
    SqlState: 42703
    MessageText: column s.HeroBackgroundImage does not exist
    Position: 410
    File: parse_relation.c
    Line: 3722
    Routine: errorMissingColumn
2026-05-14 15:55:56.002 +07:00 [ERR] HTTP GET / responded 500 in 37.9631 ms
2026-05-14 15:59:10.255 +07:00 [ERR] Failed executing DbCommand (21ms) [Parameters=[], CommandType='"Text"', CommandTimeout='30']
SELECT s.id, s.about_content, s.about_image, s.about_title, s.address, s.background_color, s.bank_name, s.bank_number, s.bank_owner, s.chat_auto_reply_message, s.company_name, s.copyright_text, s.default_meta_description, s.default_meta_title, s.default_og_image, s.email, s.email_enabled, s.facebook, s.facebook_pixel_id, s.featured_products_count, s.footer_about_text, s.footer_text, s.google_analytics_id, s."HeroBackgroundImage", s.latest_posts_count, s.logo, s.notification_email, s.phone, s.primary_color, s.show_banners, s.show_categories, s.show_facebook, s.show_featured_products, s.show_footer, s.show_hotline, s.show_latest_posts, s.show_nav_cart, s.show_nav_knowledge, s.show_nav_partners, s.show_nav_products, s.show_partners, s.show_telegram, s.show_tiktok, s.show_youtube, s.show_zalo, s.smtp_from_email, s.smtp_from_name, s.smtp_host, s.smtp_password, s.smtp_port, s.smtp_use_ssl, s.smtp_user, s.telegram, s.tiktok, s.updated_at, s.youtube, s.zalo
FROM site_settings AS s
ORDER BY s.id
LIMIT 1
2026-05-14 15:59:10.322 +07:00 [ERR] An exception occurred while iterating over the results of a query for context type 'AquaCMS.Data.AppDbContext'.
Npgsql.PostgresException (0x80004005): 42703: column s.HeroBackgroundImage does not exist

POSITION: 410
   at Npgsql.Internal.NpgsqlConnector.ReadMessageLong(Boolean async, DataRowLoadingMode dataRowLoadingMode, Boolean readingNotifications, Boolean isReadingPrependedMessage)
   at System.Runtime.CompilerServices.PoolingAsyncValueTaskMethodBuilder`1.StateMachineBox`1.System.Threading.Tasks.Sources.IValueTaskSource<TResult>.GetResult(Int16 token)
   at Npgsql.NpgsqlDataReader.NextResult(Boolean async, Boolean isConsuming, CancellationToken cancellationToken)
   at Npgsql.NpgsqlDataReader.NextResult(Boolean async, Boolean isConsuming, CancellationToken cancellationToken)
   at Npgsql.NpgsqlCommand.ExecuteReader(Boolean async, CommandBehavior behavior, CancellationToken cancellationToken)
   at Npgsql.NpgsqlCommand.ExecuteReader(Boolean async, CommandBehavior behavior, CancellationToken cancellationToken)
   at Npgsql.NpgsqlCommand.ExecuteDbDataReaderAsync(CommandBehavior behavior, CancellationToken cancellationToken)
   at Microsoft.EntityFrameworkCore.Storage.RelationalCommand.ExecuteReaderAsync(RelationalCommandParameterObject parameterObject, CancellationToken cancellationToken)
   at Microsoft.EntityFrameworkCore.Storage.RelationalCommand.ExecuteReaderAsync(RelationalCommandParameterObject parameterObject, CancellationToken cancellationToken)
   at Microsoft.EntityFrameworkCore.Query.Internal.SingleQueryingEnumerable`1.AsyncEnumerator.InitializeReaderAsync(AsyncEnumerator enumerator, CancellationToken cancellationToken)
   at Npgsql.EntityFrameworkCore.PostgreSQL.Storage.Internal.NpgsqlExecutionStrategy.ExecuteAsync[TState,TResult](TState state, Func`4 operation, Func`4 verifySucceeded, CancellationToken cancellationToken)
   at Microsoft.EntityFrameworkCore.Query.Internal.SingleQueryingEnumerable`1.AsyncEnumerator.MoveNextAsync()
  Exception data:
    Severity: ERROR
    SqlState: 42703
    MessageText: column s.HeroBackgroundImage does not exist
    Position: 410
    File: parse_relation.c
    Line: 3722
    Routine: errorMissingColumn
Npgsql.PostgresException (0x80004005): 42703: column s.HeroBackgroundImage does not exist

POSITION: 410
   at Npgsql.Internal.NpgsqlConnector.ReadMessageLong(Boolean async, DataRowLoadingMode dataRowLoadingMode, Boolean readingNotifications, Boolean isReadingPrependedMessage)
   at System.Runtime.CompilerServices.PoolingAsyncValueTaskMethodBuilder`1.StateMachineBox`1.System.Threading.Tasks.Sources.IValueTaskSource<TResult>.GetResult(Int16 token)
   at Npgsql.NpgsqlDataReader.NextResult(Boolean async, Boolean isConsuming, CancellationToken cancellationToken)
   at Npgsql.NpgsqlDataReader.NextResult(Boolean async, Boolean isConsuming, CancellationToken cancellationToken)
   at Npgsql.NpgsqlCommand.ExecuteReader(Boolean async, CommandBehavior behavior, CancellationToken cancellationToken)
   at Npgsql.NpgsqlCommand.ExecuteReader(Boolean async, CommandBehavior behavior, CancellationToken cancellationToken)
   at Npgsql.NpgsqlCommand.ExecuteDbDataReaderAsync(CommandBehavior behavior, CancellationToken cancellationToken)
   at Microsoft.EntityFrameworkCore.Storage.RelationalCommand.ExecuteReaderAsync(RelationalCommandParameterObject parameterObject, CancellationToken cancellationToken)
   at Microsoft.EntityFrameworkCore.Storage.RelationalCommand.ExecuteReaderAsync(RelationalCommandParameterObject parameterObject, CancellationToken cancellationToken)
   at Microsoft.EntityFrameworkCore.Query.Internal.SingleQueryingEnumerable`1.AsyncEnumerator.InitializeReaderAsync(AsyncEnumerator enumerator, CancellationToken cancellationToken)
   at Npgsql.EntityFrameworkCore.PostgreSQL.Storage.Internal.NpgsqlExecutionStrategy.ExecuteAsync[TState,TResult](TState state, Func`4 operation, Func`4 verifySucceeded, CancellationToken cancellationToken)
   at Microsoft.EntityFrameworkCore.Query.Internal.SingleQueryingEnumerable`1.AsyncEnumerator.MoveNextAsync()
  Exception data:
    Severity: ERROR
    SqlState: 42703
    MessageText: column s.HeroBackgroundImage does not exist
    Position: 410
    File: parse_relation.c
    Line: 3722
    Routine: errorMissingColumn
2026-05-14 15:59:10.340 +07:00 [ERR] An unhandled exception has occurred while executing the request.
Npgsql.PostgresException (0x80004005): 42703: column s.HeroBackgroundImage does not exist

POSITION: 410
   at Npgsql.Internal.NpgsqlConnector.ReadMessageLong(Boolean async, DataRowLoadingMode dataRowLoadingMode, Boolean readingNotifications, Boolean isReadingPrependedMessage)
   at System.Runtime.CompilerServices.PoolingAsyncValueTaskMethodBuilder`1.StateMachineBox`1.System.Threading.Tasks.Sources.IValueTaskSource<TResult>.GetResult(Int16 token)
   at Npgsql.NpgsqlDataReader.NextResult(Boolean async, Boolean isConsuming, CancellationToken cancellationToken)
   at Npgsql.NpgsqlDataReader.NextResult(Boolean async, Boolean isConsuming, CancellationToken cancellationToken)
   at Npgsql.NpgsqlCommand.ExecuteReader(Boolean async, CommandBehavior behavior, CancellationToken cancellationToken)
   at Npgsql.NpgsqlCommand.ExecuteReader(Boolean async, CommandBehavior behavior, CancellationToken cancellationToken)
   at Npgsql.NpgsqlCommand.ExecuteDbDataReaderAsync(CommandBehavior behavior, CancellationToken cancellationToken)
   at Microsoft.EntityFrameworkCore.Storage.RelationalCommand.ExecuteReaderAsync(RelationalCommandParameterObject parameterObject, CancellationToken cancellationToken)
   at Microsoft.EntityFrameworkCore.Storage.RelationalCommand.ExecuteReaderAsync(RelationalCommandParameterObject parameterObject, CancellationToken cancellationToken)
   at Microsoft.EntityFrameworkCore.Query.Internal.SingleQueryingEnumerable`1.AsyncEnumerator.InitializeReaderAsync(AsyncEnumerator enumerator, CancellationToken cancellationToken)
   at Npgsql.EntityFrameworkCore.PostgreSQL.Storage.Internal.NpgsqlExecutionStrategy.ExecuteAsync[TState,TResult](TState state, Func`4 operation, Func`4 verifySucceeded, CancellationToken cancellationToken)
   at Microsoft.EntityFrameworkCore.Query.Internal.SingleQueryingEnumerable`1.AsyncEnumerator.MoveNextAsync()
   at Microsoft.EntityFrameworkCore.Query.ShapedQueryCompilingExpressionVisitor.SingleOrDefaultAsync[TSource](IAsyncEnumerable`1 asyncEnumerable, CancellationToken cancellationToken)
   at Microsoft.EntityFrameworkCore.Query.ShapedQueryCompilingExpressionVisitor.SingleOrDefaultAsync[TSource](IAsyncEnumerable`1 asyncEnumerable, CancellationToken cancellationToken)
   at AquaCMS.Services.SettingsService.GetSettingsAsync() in E:\sourceCode\catalog\src\AquaCMS\Services\SettingsService.cs:line 36
   at AquaCMS.Areas.Admin.Controllers.SettingsController.Index() in E:\sourceCode\catalog\src\AquaCMS\Areas\Admin\Controllers\SettingsController.cs:line 41
   at Microsoft.AspNetCore.Mvc.Infrastructure.ActionMethodExecutor.TaskOfIActionResultExecutor.Execute(ActionContext actionContext, IActionResultTypeMapper mapper, ObjectMethodExecutor executor, Object controller, Object[] arguments)
   at Microsoft.AspNetCore.Mvc.Infrastructure.ControllerActionInvoker.<InvokeActionMethodAsync>g__Awaited|12_0(ControllerActionInvoker invoker, ValueTask`1 actionResultValueTask)
   at Microsoft.AspNetCore.Mvc.Infrastructure.ControllerActionInvoker.<InvokeNextActionFilterAsync>g__Awaited|10_0(ControllerActionInvoker invoker, Task lastTask, State next, Scope scope, Object state, Boolean isCompleted)
   at Microsoft.AspNetCore.Mvc.Infrastructure.ControllerActionInvoker.Rethrow(ActionExecutedContextSealed context)
   at Microsoft.AspNetCore.Mvc.Infrastructure.ControllerActionInvoker.Next(State& next, Scope& scope, Object& state, Boolean& isCompleted)
   at Microsoft.AspNetCore.Mvc.Infrastructure.ControllerActionInvoker.<InvokeInnerFilterAsync>g__Awaited|13_0(ControllerActionInvoker invoker, Task lastTask, State next, Scope scope, Object state, Boolean isCompleted)
   at Microsoft.AspNetCore.Mvc.Infrastructure.ResourceInvoker.<InvokeNextResourceFilter>g__Awaited|25_0(ResourceInvoker invoker, Task lastTask, State next, Scope scope, Object state, Boolean isCompleted)
   at Microsoft.AspNetCore.Mvc.Infrastructure.ResourceInvoker.Rethrow(ResourceExecutedContextSealed context)
   at Microsoft.AspNetCore.Mvc.Infrastructure.ResourceInvoker.Next(State& next, Scope& scope, Object& state, Boolean& isCompleted)
   at Microsoft.AspNetCore.Mvc.Infrastructure.ResourceInvoker.<InvokeFilterPipelineAsync>g__Awaited|20_0(ResourceInvoker invoker, Task lastTask, State next, Scope scope, Object state, Boolean isCompleted)
   at Microsoft.AspNetCore.Mvc.Infrastructure.ResourceInvoker.<InvokeAsync>g__Awaited|17_0(ResourceInvoker invoker, Task task, IDisposable scope)
   at Microsoft.AspNetCore.Mvc.Infrastructure.ResourceInvoker.<InvokeAsync>g__Awaited|17_0(ResourceInvoker invoker, Task task, IDisposable scope)
   at Microsoft.AspNetCore.Authorization.AuthorizationMiddleware.Invoke(HttpContext context)
   at Microsoft.AspNetCore.Authentication.AuthenticationMiddleware.Invoke(HttpContext context)
   at Microsoft.AspNetCore.Diagnostics.StatusCodePagesMiddleware.Invoke(HttpContext context)
   at AquaCMS.Modules.Core.Middleware.PageViewTrackingMiddleware.InvokeAsync(HttpContext ctx) in E:\sourceCode\catalog\src\AquaCMS\Modules\Core\Middleware\PageViewTrackingMiddleware.cs:line 43
   at Microsoft.AspNetCore.Diagnostics.DeveloperExceptionPageMiddlewareImpl.Invoke(HttpContext context)
  Exception data:
    Severity: ERROR
    SqlState: 42703
    MessageText: column s.HeroBackgroundImage does not exist
    Position: 410
    File: parse_relation.c
    Line: 3722
    Routine: errorMissingColumn
2026-05-14 15:59:10.381 +07:00 [ERR] HTTP GET /admin/settings responded 500 in 1493.3682 ms
2026-05-14 15:59:11.988 +07:00 [ERR] Failed executing DbCommand (4ms) [Parameters=[], CommandType='"Text"', CommandTimeout='30']
SELECT s.id, s.about_content, s.about_image, s.about_title, s.address, s.background_color, s.bank_name, s.bank_number, s.bank_owner, s.chat_auto_reply_message, s.company_name, s.copyright_text, s.default_meta_description, s.default_meta_title, s.default_og_image, s.email, s.email_enabled, s.facebook, s.facebook_pixel_id, s.featured_products_count, s.footer_about_text, s.footer_text, s.google_analytics_id, s."HeroBackgroundImage", s.latest_posts_count, s.logo, s.notification_email, s.phone, s.primary_color, s.show_banners, s.show_categories, s.show_facebook, s.show_featured_products, s.show_footer, s.show_hotline, s.show_latest_posts, s.show_nav_cart, s.show_nav_knowledge, s.show_nav_partners, s.show_nav_products, s.show_partners, s.show_telegram, s.show_tiktok, s.show_youtube, s.show_zalo, s.smtp_from_email, s.smtp_from_name, s.smtp_host, s.smtp_password, s.smtp_port, s.smtp_use_ssl, s.smtp_user, s.telegram, s.tiktok, s.updated_at, s.youtube, s.zalo
FROM site_settings AS s
ORDER BY s.id
LIMIT 1
2026-05-14 15:59:12.006 +07:00 [ERR] An exception occurred while iterating over the results of a query for context type 'AquaCMS.Data.AppDbContext'.
Npgsql.PostgresException (0x80004005): 42703: column s.HeroBackgroundImage does not exist

POSITION: 410
   at Npgsql.Internal.NpgsqlConnector.ReadMessageLong(Boolean async, DataRowLoadingMode dataRowLoadingMode, Boolean readingNotifications, Boolean isReadingPrependedMessage)
   at System.Runtime.CompilerServices.PoolingAsyncValueTaskMethodBuilder`1.StateMachineBox`1.System.Threading.Tasks.Sources.IValueTaskSource<TResult>.GetResult(Int16 token)
   at Npgsql.NpgsqlDataReader.NextResult(Boolean async, Boolean isConsuming, CancellationToken cancellationToken)
   at Npgsql.NpgsqlDataReader.NextResult(Boolean async, Boolean isConsuming, CancellationToken cancellationToken)
   at Npgsql.NpgsqlCommand.ExecuteReader(Boolean async, CommandBehavior behavior, CancellationToken cancellationToken)
   at Npgsql.NpgsqlCommand.ExecuteReader(Boolean async, CommandBehavior behavior, CancellationToken cancellationToken)
   at Npgsql.NpgsqlCommand.ExecuteDbDataReaderAsync(CommandBehavior behavior, CancellationToken cancellationToken)
   at Microsoft.EntityFrameworkCore.Storage.RelationalCommand.ExecuteReaderAsync(RelationalCommandParameterObject parameterObject, CancellationToken cancellationToken)
   at Microsoft.EntityFrameworkCore.Storage.RelationalCommand.ExecuteReaderAsync(RelationalCommandParameterObject parameterObject, CancellationToken cancellationToken)
   at Microsoft.EntityFrameworkCore.Query.Internal.SingleQueryingEnumerable`1.AsyncEnumerator.InitializeReaderAsync(AsyncEnumerator enumerator, CancellationToken cancellationToken)
   at Npgsql.EntityFrameworkCore.PostgreSQL.Storage.Internal.NpgsqlExecutionStrategy.ExecuteAsync[TState,TResult](TState state, Func`4 operation, Func`4 verifySucceeded, CancellationToken cancellationToken)
   at Microsoft.EntityFrameworkCore.Query.Internal.SingleQueryingEnumerable`1.AsyncEnumerator.MoveNextAsync()
  Exception data:
    Severity: ERROR
    SqlState: 42703
    MessageText: column s.HeroBackgroundImage does not exist
    Position: 410
    File: parse_relation.c
    Line: 3722
    Routine: errorMissingColumn
Npgsql.PostgresException (0x80004005): 42703: column s.HeroBackgroundImage does not exist

POSITION: 410
   at Npgsql.Internal.NpgsqlConnector.ReadMessageLong(Boolean async, DataRowLoadingMode dataRowLoadingMode, Boolean readingNotifications, Boolean isReadingPrependedMessage)
   at System.Runtime.CompilerServices.PoolingAsyncValueTaskMethodBuilder`1.StateMachineBox`1.System.Threading.Tasks.Sources.IValueTaskSource<TResult>.GetResult(Int16 token)
   at Npgsql.NpgsqlDataReader.NextResult(Boolean async, Boolean isConsuming, CancellationToken cancellationToken)
   at Npgsql.NpgsqlDataReader.NextResult(Boolean async, Boolean isConsuming, CancellationToken cancellationToken)
   at Npgsql.NpgsqlCommand.ExecuteReader(Boolean async, CommandBehavior behavior, CancellationToken cancellationToken)
   at Npgsql.NpgsqlCommand.ExecuteReader(Boolean async, CommandBehavior behavior, CancellationToken cancellationToken)
   at Npgsql.NpgsqlCommand.ExecuteDbDataReaderAsync(CommandBehavior behavior, CancellationToken cancellationToken)
   at Microsoft.EntityFrameworkCore.Storage.RelationalCommand.ExecuteReaderAsync(RelationalCommandParameterObject parameterObject, CancellationToken cancellationToken)
   at Microsoft.EntityFrameworkCore.Storage.RelationalCommand.ExecuteReaderAsync(RelationalCommandParameterObject parameterObject, CancellationToken cancellationToken)
   at Microsoft.EntityFrameworkCore.Query.Internal.SingleQueryingEnumerable`1.AsyncEnumerator.InitializeReaderAsync(AsyncEnumerator enumerator, CancellationToken cancellationToken)
   at Npgsql.EntityFrameworkCore.PostgreSQL.Storage.Internal.NpgsqlExecutionStrategy.ExecuteAsync[TState,TResult](TState state, Func`4 operation, Func`4 verifySucceeded, CancellationToken cancellationToken)
   at Microsoft.EntityFrameworkCore.Query.Internal.SingleQueryingEnumerable`1.AsyncEnumerator.MoveNextAsync()
  Exception data:
    Severity: ERROR
    SqlState: 42703
    MessageText: column s.HeroBackgroundImage does not exist
    Position: 410
    File: parse_relation.c
    Line: 3722
    Routine: errorMissingColumn
2026-05-14 15:59:12.018 +07:00 [ERR] An unhandled exception has occurred while executing the request.
Npgsql.PostgresException (0x80004005): 42703: column s.HeroBackgroundImage does not exist

POSITION: 410
   at Npgsql.Internal.NpgsqlConnector.ReadMessageLong(Boolean async, DataRowLoadingMode dataRowLoadingMode, Boolean readingNotifications, Boolean isReadingPrependedMessage)
   at System.Runtime.CompilerServices.PoolingAsyncValueTaskMethodBuilder`1.StateMachineBox`1.System.Threading.Tasks.Sources.IValueTaskSource<TResult>.GetResult(Int16 token)
   at Npgsql.NpgsqlDataReader.NextResult(Boolean async, Boolean isConsuming, CancellationToken cancellationToken)
   at Npgsql.NpgsqlDataReader.NextResult(Boolean async, Boolean isConsuming, CancellationToken cancellationToken)
   at Npgsql.NpgsqlCommand.ExecuteReader(Boolean async, CommandBehavior behavior, CancellationToken cancellationToken)
   at Npgsql.NpgsqlCommand.ExecuteReader(Boolean async, CommandBehavior behavior, CancellationToken cancellationToken)
   at Npgsql.NpgsqlCommand.ExecuteDbDataReaderAsync(CommandBehavior behavior, CancellationToken cancellationToken)
   at Microsoft.EntityFrameworkCore.Storage.RelationalCommand.ExecuteReaderAsync(RelationalCommandParameterObject parameterObject, CancellationToken cancellationToken)
   at Microsoft.EntityFrameworkCore.Storage.RelationalCommand.ExecuteReaderAsync(RelationalCommandParameterObject parameterObject, CancellationToken cancellationToken)
   at Microsoft.EntityFrameworkCore.Query.Internal.SingleQueryingEnumerable`1.AsyncEnumerator.InitializeReaderAsync(AsyncEnumerator enumerator, CancellationToken cancellationToken)
   at Npgsql.EntityFrameworkCore.PostgreSQL.Storage.Internal.NpgsqlExecutionStrategy.ExecuteAsync[TState,TResult](TState state, Func`4 operation, Func`4 verifySucceeded, CancellationToken cancellationToken)
   at Microsoft.EntityFrameworkCore.Query.Internal.SingleQueryingEnumerable`1.AsyncEnumerator.MoveNextAsync()
   at Microsoft.EntityFrameworkCore.Query.ShapedQueryCompilingExpressionVisitor.SingleOrDefaultAsync[TSource](IAsyncEnumerable`1 asyncEnumerable, CancellationToken cancellationToken)
   at Microsoft.EntityFrameworkCore.Query.ShapedQueryCompilingExpressionVisitor.SingleOrDefaultAsync[TSource](IAsyncEnumerable`1 asyncEnumerable, CancellationToken cancellationToken)
   at AquaCMS.Services.SettingsService.GetSettingsAsync() in E:\sourceCode\catalog\src\AquaCMS\Services\SettingsService.cs:line 36
   at AquaCMS.Areas.Admin.Controllers.SettingsController.Index() in E:\sourceCode\catalog\src\AquaCMS\Areas\Admin\Controllers\SettingsController.cs:line 41
   at Microsoft.AspNetCore.Mvc.Infrastructure.ActionMethodExecutor.TaskOfIActionResultExecutor.Execute(ActionContext actionContext, IActionResultTypeMapper mapper, ObjectMethodExecutor executor, Object controller, Object[] arguments)
   at Microsoft.AspNetCore.Mvc.Infrastructure.ControllerActionInvoker.<InvokeActionMethodAsync>g__Awaited|12_0(ControllerActionInvoker invoker, ValueTask`1 actionResultValueTask)
   at Microsoft.AspNetCore.Mvc.Infrastructure.ControllerActionInvoker.<InvokeNextActionFilterAsync>g__Awaited|10_0(ControllerActionInvoker invoker, Task lastTask, State next, Scope scope, Object state, Boolean isCompleted)
   at Microsoft.AspNetCore.Mvc.Infrastructure.ControllerActionInvoker.Rethrow(ActionExecutedContextSealed context)
   at Microsoft.AspNetCore.Mvc.Infrastructure.ControllerActionInvoker.Next(State& next, Scope& scope, Object& state, Boolean& isCompleted)
   at Microsoft.AspNetCore.Mvc.Infrastructure.ControllerActionInvoker.<InvokeInnerFilterAsync>g__Awaited|13_0(ControllerActionInvoker invoker, Task lastTask, State next, Scope scope, Object state, Boolean isCompleted)
   at Microsoft.AspNetCore.Mvc.Infrastructure.ResourceInvoker.<InvokeNextResourceFilter>g__Awaited|25_0(ResourceInvoker invoker, Task lastTask, State next, Scope scope, Object state, Boolean isCompleted)
   at Microsoft.AspNetCore.Mvc.Infrastructure.ResourceInvoker.Rethrow(ResourceExecutedContextSealed context)
   at Microsoft.AspNetCore.Mvc.Infrastructure.ResourceInvoker.Next(State& next, Scope& scope, Object& state, Boolean& isCompleted)
   at Microsoft.AspNetCore.Mvc.Infrastructure.ResourceInvoker.<InvokeFilterPipelineAsync>g__Awaited|20_0(ResourceInvoker invoker, Task lastTask, State next, Scope scope, Object state, Boolean isCompleted)
   at Microsoft.AspNetCore.Mvc.Infrastructure.ResourceInvoker.<InvokeAsync>g__Awaited|17_0(ResourceInvoker invoker, Task task, IDisposable scope)
   at Microsoft.AspNetCore.Mvc.Infrastructure.ResourceInvoker.<InvokeAsync>g__Awaited|17_0(ResourceInvoker invoker, Task task, IDisposable scope)
   at Microsoft.AspNetCore.Authorization.AuthorizationMiddleware.Invoke(HttpContext context)
   at Microsoft.AspNetCore.Authentication.AuthenticationMiddleware.Invoke(HttpContext context)
   at Microsoft.AspNetCore.Diagnostics.StatusCodePagesMiddleware.Invoke(HttpContext context)
   at AquaCMS.Modules.Core.Middleware.PageViewTrackingMiddleware.InvokeAsync(HttpContext ctx) in E:\sourceCode\catalog\src\AquaCMS\Modules\Core\Middleware\PageViewTrackingMiddleware.cs:line 43
   at Microsoft.AspNetCore.Diagnostics.DeveloperExceptionPageMiddlewareImpl.Invoke(HttpContext context)
  Exception data:
    Severity: ERROR
    SqlState: 42703
    MessageText: column s.HeroBackgroundImage does not exist
    Position: 410
    File: parse_relation.c
    Line: 3722
    Routine: errorMissingColumn
2026-05-14 15:59:12.042 +07:00 [ERR] HTTP GET /admin/settings responded 500 in 129.9393 ms
2026-05-14 15:59:12.598 +07:00 [ERR] Failed executing DbCommand (3ms) [Parameters=[], CommandType='"Text"', CommandTimeout='30']
SELECT s.id, s.about_content, s.about_image, s.about_title, s.address, s.background_color, s.bank_name, s.bank_number, s.bank_owner, s.chat_auto_reply_message, s.company_name, s.copyright_text, s.default_meta_description, s.default_meta_title, s.default_og_image, s.email, s.email_enabled, s.facebook, s.facebook_pixel_id, s.featured_products_count, s.footer_about_text, s.footer_text, s.google_analytics_id, s."HeroBackgroundImage", s.latest_posts_count, s.logo, s.notification_email, s.phone, s.primary_color, s.show_banners, s.show_categories, s.show_facebook, s.show_featured_products, s.show_footer, s.show_hotline, s.show_latest_posts, s.show_nav_cart, s.show_nav_knowledge, s.show_nav_partners, s.show_nav_products, s.show_partners, s.show_telegram, s.show_tiktok, s.show_youtube, s.show_zalo, s.smtp_from_email, s.smtp_from_name, s.smtp_host, s.smtp_password, s.smtp_port, s.smtp_use_ssl, s.smtp_user, s.telegram, s.tiktok, s.updated_at, s.youtube, s.zalo
FROM site_settings AS s
ORDER BY s.id
LIMIT 1
2026-05-14 15:59:12.602 +07:00 [ERR] An exception occurred while iterating over the results of a query for context type 'AquaCMS.Data.AppDbContext'.
Npgsql.PostgresException (0x80004005): 42703: column s.HeroBackgroundImage does not exist

POSITION: 410
   at Npgsql.Internal.NpgsqlConnector.ReadMessageLong(Boolean async, DataRowLoadingMode dataRowLoadingMode, Boolean readingNotifications, Boolean isReadingPrependedMessage)
   at System.Runtime.CompilerServices.PoolingAsyncValueTaskMethodBuilder`1.StateMachineBox`1.System.Threading.Tasks.Sources.IValueTaskSource<TResult>.GetResult(Int16 token)
   at Npgsql.NpgsqlDataReader.NextResult(Boolean async, Boolean isConsuming, CancellationToken cancellationToken)
   at Npgsql.NpgsqlDataReader.NextResult(Boolean async, Boolean isConsuming, CancellationToken cancellationToken)
   at Npgsql.NpgsqlCommand.ExecuteReader(Boolean async, CommandBehavior behavior, CancellationToken cancellationToken)
   at Npgsql.NpgsqlCommand.ExecuteReader(Boolean async, CommandBehavior behavior, CancellationToken cancellationToken)
   at Npgsql.NpgsqlCommand.ExecuteDbDataReaderAsync(CommandBehavior behavior, CancellationToken cancellationToken)
   at Microsoft.EntityFrameworkCore.Storage.RelationalCommand.ExecuteReaderAsync(RelationalCommandParameterObject parameterObject, CancellationToken cancellationToken)
   at Microsoft.EntityFrameworkCore.Storage.RelationalCommand.ExecuteReaderAsync(RelationalCommandParameterObject parameterObject, CancellationToken cancellationToken)
   at Microsoft.EntityFrameworkCore.Query.Internal.SingleQueryingEnumerable`1.AsyncEnumerator.InitializeReaderAsync(AsyncEnumerator enumerator, CancellationToken cancellationToken)
   at Npgsql.EntityFrameworkCore.PostgreSQL.Storage.Internal.NpgsqlExecutionStrategy.ExecuteAsync[TState,TResult](TState state, Func`4 operation, Func`4 verifySucceeded, CancellationToken cancellationToken)
   at Microsoft.EntityFrameworkCore.Query.Internal.SingleQueryingEnumerable`1.AsyncEnumerator.MoveNextAsync()
  Exception data:
    Severity: ERROR
    SqlState: 42703
    MessageText: column s.HeroBackgroundImage does not exist
    Position: 410
    File: parse_relation.c
    Line: 3722
    Routine: errorMissingColumn
Npgsql.PostgresException (0x80004005): 42703: column s.HeroBackgroundImage does not exist

POSITION: 410
   at Npgsql.Internal.NpgsqlConnector.ReadMessageLong(Boolean async, DataRowLoadingMode dataRowLoadingMode, Boolean readingNotifications, Boolean isReadingPrependedMessage)
   at System.Runtime.CompilerServices.PoolingAsyncValueTaskMethodBuilder`1.StateMachineBox`1.System.Threading.Tasks.Sources.IValueTaskSource<TResult>.GetResult(Int16 token)
   at Npgsql.NpgsqlDataReader.NextResult(Boolean async, Boolean isConsuming, CancellationToken cancellationToken)
   at Npgsql.NpgsqlDataReader.NextResult(Boolean async, Boolean isConsuming, CancellationToken cancellationToken)
   at Npgsql.NpgsqlCommand.ExecuteReader(Boolean async, CommandBehavior behavior, CancellationToken cancellationToken)
   at Npgsql.NpgsqlCommand.ExecuteReader(Boolean async, CommandBehavior behavior, CancellationToken cancellationToken)
   at Npgsql.NpgsqlCommand.ExecuteDbDataReaderAsync(CommandBehavior behavior, CancellationToken cancellationToken)
   at Microsoft.EntityFrameworkCore.Storage.RelationalCommand.ExecuteReaderAsync(RelationalCommandParameterObject parameterObject, CancellationToken cancellationToken)
   at Microsoft.EntityFrameworkCore.Storage.RelationalCommand.ExecuteReaderAsync(RelationalCommandParameterObject parameterObject, CancellationToken cancellationToken)
   at Microsoft.EntityFrameworkCore.Query.Internal.SingleQueryingEnumerable`1.AsyncEnumerator.InitializeReaderAsync(AsyncEnumerator enumerator, CancellationToken cancellationToken)
   at Npgsql.EntityFrameworkCore.PostgreSQL.Storage.Internal.NpgsqlExecutionStrategy.ExecuteAsync[TState,TResult](TState state, Func`4 operation, Func`4 verifySucceeded, CancellationToken cancellationToken)
   at Microsoft.EntityFrameworkCore.Query.Internal.SingleQueryingEnumerable`1.AsyncEnumerator.MoveNextAsync()
  Exception data:
    Severity: ERROR
    SqlState: 42703
    MessageText: column s.HeroBackgroundImage does not exist
    Position: 410
    File: parse_relation.c
    Line: 3722
    Routine: errorMissingColumn
2026-05-14 15:59:12.611 +07:00 [ERR] An unhandled exception has occurred while executing the request.
Npgsql.PostgresException (0x80004005): 42703: column s.HeroBackgroundImage does not exist

POSITION: 410
   at Npgsql.Internal.NpgsqlConnector.ReadMessageLong(Boolean async, DataRowLoadingMode dataRowLoadingMode, Boolean readingNotifications, Boolean isReadingPrependedMessage)
   at System.Runtime.CompilerServices.PoolingAsyncValueTaskMethodBuilder`1.StateMachineBox`1.System.Threading.Tasks.Sources.IValueTaskSource<TResult>.GetResult(Int16 token)
   at Npgsql.NpgsqlDataReader.NextResult(Boolean async, Boolean isConsuming, CancellationToken cancellationToken)
   at Npgsql.NpgsqlDataReader.NextResult(Boolean async, Boolean isConsuming, CancellationToken cancellationToken)
   at Npgsql.NpgsqlCommand.ExecuteReader(Boolean async, CommandBehavior behavior, CancellationToken cancellationToken)
   at Npgsql.NpgsqlCommand.ExecuteReader(Boolean async, CommandBehavior behavior, CancellationToken cancellationToken)
   at Npgsql.NpgsqlCommand.ExecuteDbDataReaderAsync(CommandBehavior behavior, CancellationToken cancellationToken)
   at Microsoft.EntityFrameworkCore.Storage.RelationalCommand.ExecuteReaderAsync(RelationalCommandParameterObject parameterObject, CancellationToken cancellationToken)
   at Microsoft.EntityFrameworkCore.Storage.RelationalCommand.ExecuteReaderAsync(RelationalCommandParameterObject parameterObject, CancellationToken cancellationToken)
   at Microsoft.EntityFrameworkCore.Query.Internal.SingleQueryingEnumerable`1.AsyncEnumerator.InitializeReaderAsync(AsyncEnumerator enumerator, CancellationToken cancellationToken)
   at Npgsql.EntityFrameworkCore.PostgreSQL.Storage.Internal.NpgsqlExecutionStrategy.ExecuteAsync[TState,TResult](TState state, Func`4 operation, Func`4 verifySucceeded, CancellationToken cancellationToken)
   at Microsoft.EntityFrameworkCore.Query.Internal.SingleQueryingEnumerable`1.AsyncEnumerator.MoveNextAsync()
   at Microsoft.EntityFrameworkCore.Query.ShapedQueryCompilingExpressionVisitor.SingleOrDefaultAsync[TSource](IAsyncEnumerable`1 asyncEnumerable, CancellationToken cancellationToken)
   at Microsoft.EntityFrameworkCore.Query.ShapedQueryCompilingExpressionVisitor.SingleOrDefaultAsync[TSource](IAsyncEnumerable`1 asyncEnumerable, CancellationToken cancellationToken)
   at AquaCMS.Services.SettingsService.GetSettingsAsync() in E:\sourceCode\catalog\src\AquaCMS\Services\SettingsService.cs:line 36
   at AquaCMS.Areas.Admin.Controllers.SettingsController.Index() in E:\sourceCode\catalog\src\AquaCMS\Areas\Admin\Controllers\SettingsController.cs:line 41
   at Microsoft.AspNetCore.Mvc.Infrastructure.ActionMethodExecutor.TaskOfIActionResultExecutor.Execute(ActionContext actionContext, IActionResultTypeMapper mapper, ObjectMethodExecutor executor, Object controller, Object[] arguments)
   at Microsoft.AspNetCore.Mvc.Infrastructure.ControllerActionInvoker.<InvokeActionMethodAsync>g__Awaited|12_0(ControllerActionInvoker invoker, ValueTask`1 actionResultValueTask)
   at Microsoft.AspNetCore.Mvc.Infrastructure.ControllerActionInvoker.<InvokeNextActionFilterAsync>g__Awaited|10_0(ControllerActionInvoker invoker, Task lastTask, State next, Scope scope, Object state, Boolean isCompleted)
   at Microsoft.AspNetCore.Mvc.Infrastructure.ControllerActionInvoker.Rethrow(ActionExecutedContextSealed context)
   at Microsoft.AspNetCore.Mvc.Infrastructure.ControllerActionInvoker.Next(State& next, Scope& scope, Object& state, Boolean& isCompleted)
   at Microsoft.AspNetCore.Mvc.Infrastructure.ControllerActionInvoker.<InvokeInnerFilterAsync>g__Awaited|13_0(ControllerActionInvoker invoker, Task lastTask, State next, Scope scope, Object state, Boolean isCompleted)
   at Microsoft.AspNetCore.Mvc.Infrastructure.ResourceInvoker.<InvokeNextResourceFilter>g__Awaited|25_0(ResourceInvoker invoker, Task lastTask, State next, Scope scope, Object state, Boolean isCompleted)
   at Microsoft.AspNetCore.Mvc.Infrastructure.ResourceInvoker.Rethrow(ResourceExecutedContextSealed context)
   at Microsoft.AspNetCore.Mvc.Infrastructure.ResourceInvoker.Next(State& next, Scope& scope, Object& state, Boolean& isCompleted)
   at Microsoft.AspNetCore.Mvc.Infrastructure.ResourceInvoker.<InvokeFilterPipelineAsync>g__Awaited|20_0(ResourceInvoker invoker, Task lastTask, State next, Scope scope, Object state, Boolean isCompleted)
   at Microsoft.AspNetCore.Mvc.Infrastructure.ResourceInvoker.<InvokeAsync>g__Awaited|17_0(ResourceInvoker invoker, Task task, IDisposable scope)
   at Microsoft.AspNetCore.Mvc.Infrastructure.ResourceInvoker.<InvokeAsync>g__Awaited|17_0(ResourceInvoker invoker, Task task, IDisposable scope)
   at Microsoft.AspNetCore.Authorization.AuthorizationMiddleware.Invoke(HttpContext context)
   at Microsoft.AspNetCore.Authentication.AuthenticationMiddleware.Invoke(HttpContext context)
   at Microsoft.AspNetCore.Diagnostics.StatusCodePagesMiddleware.Invoke(HttpContext context)
   at AquaCMS.Modules.Core.Middleware.PageViewTrackingMiddleware.InvokeAsync(HttpContext ctx) in E:\sourceCode\catalog\src\AquaCMS\Modules\Core\Middleware\PageViewTrackingMiddleware.cs:line 43
   at Microsoft.AspNetCore.Diagnostics.DeveloperExceptionPageMiddlewareImpl.Invoke(HttpContext context)
  Exception data:
    Severity: ERROR
    SqlState: 42703
    MessageText: column s.HeroBackgroundImage does not exist
    Position: 410
    File: parse_relation.c
    Line: 3722
    Routine: errorMissingColumn
2026-05-14 15:59:12.630 +07:00 [ERR] HTTP GET /admin/settings responded 500 in 61.2366 ms
2026-05-14 15:59:12.728 +07:00 [ERR] Failed executing DbCommand (2ms) [Parameters=[], CommandType='"Text"', CommandTimeout='30']
SELECT s.id, s.about_content, s.about_image, s.about_title, s.address, s.background_color, s.bank_name, s.bank_number, s.bank_owner, s.chat_auto_reply_message, s.company_name, s.copyright_text, s.default_meta_description, s.default_meta_title, s.default_og_image, s.email, s.email_enabled, s.facebook, s.facebook_pixel_id, s.featured_products_count, s.footer_about_text, s.footer_text, s.google_analytics_id, s."HeroBackgroundImage", s.latest_posts_count, s.logo, s.notification_email, s.phone, s.primary_color, s.show_banners, s.show_categories, s.show_facebook, s.show_featured_products, s.show_footer, s.show_hotline, s.show_latest_posts, s.show_nav_cart, s.show_nav_knowledge, s.show_nav_partners, s.show_nav_products, s.show_partners, s.show_telegram, s.show_tiktok, s.show_youtube, s.show_zalo, s.smtp_from_email, s.smtp_from_name, s.smtp_host, s.smtp_password, s.smtp_port, s.smtp_use_ssl, s.smtp_user, s.telegram, s.tiktok, s.updated_at, s.youtube, s.zalo
FROM site_settings AS s
ORDER BY s.id
LIMIT 1
2026-05-14 15:59:12.733 +07:00 [ERR] An exception occurred while iterating over the results of a query for context type 'AquaCMS.Data.AppDbContext'.
Npgsql.PostgresException (0x80004005): 42703: column s.HeroBackgroundImage does not exist

POSITION: 410
   at Npgsql.Internal.NpgsqlConnector.ReadMessageLong(Boolean async, DataRowLoadingMode dataRowLoadingMode, Boolean readingNotifications, Boolean isReadingPrependedMessage)
   at System.Runtime.CompilerServices.PoolingAsyncValueTaskMethodBuilder`1.StateMachineBox`1.System.Threading.Tasks.Sources.IValueTaskSource<TResult>.GetResult(Int16 token)
   at Npgsql.NpgsqlDataReader.NextResult(Boolean async, Boolean isConsuming, CancellationToken cancellationToken)
   at Npgsql.NpgsqlDataReader.NextResult(Boolean async, Boolean isConsuming, CancellationToken cancellationToken)
   at Npgsql.NpgsqlCommand.ExecuteReader(Boolean async, CommandBehavior behavior, CancellationToken cancellationToken)
   at Npgsql.NpgsqlCommand.ExecuteReader(Boolean async, CommandBehavior behavior, CancellationToken cancellationToken)
   at Npgsql.NpgsqlCommand.ExecuteDbDataReaderAsync(CommandBehavior behavior, CancellationToken cancellationToken)
   at Microsoft.EntityFrameworkCore.Storage.RelationalCommand.ExecuteReaderAsync(RelationalCommandParameterObject parameterObject, CancellationToken cancellationToken)
   at Microsoft.EntityFrameworkCore.Storage.RelationalCommand.ExecuteReaderAsync(RelationalCommandParameterObject parameterObject, CancellationToken cancellationToken)
   at Microsoft.EntityFrameworkCore.Query.Internal.SingleQueryingEnumerable`1.AsyncEnumerator.InitializeReaderAsync(AsyncEnumerator enumerator, CancellationToken cancellationToken)
   at Npgsql.EntityFrameworkCore.PostgreSQL.Storage.Internal.NpgsqlExecutionStrategy.ExecuteAsync[TState,TResult](TState state, Func`4 operation, Func`4 verifySucceeded, CancellationToken cancellationToken)
   at Microsoft.EntityFrameworkCore.Query.Internal.SingleQueryingEnumerable`1.AsyncEnumerator.MoveNextAsync()
  Exception data:
    Severity: ERROR
    SqlState: 42703
    MessageText: column s.HeroBackgroundImage does not exist
    Position: 410
    File: parse_relation.c
    Line: 3722
    Routine: errorMissingColumn
Npgsql.PostgresException (0x80004005): 42703: column s.HeroBackgroundImage does not exist

POSITION: 410
   at Npgsql.Internal.NpgsqlConnector.ReadMessageLong(Boolean async, DataRowLoadingMode dataRowLoadingMode, Boolean readingNotifications, Boolean isReadingPrependedMessage)
   at System.Runtime.CompilerServices.PoolingAsyncValueTaskMethodBuilder`1.StateMachineBox`1.System.Threading.Tasks.Sources.IValueTaskSource<TResult>.GetResult(Int16 token)
   at Npgsql.NpgsqlDataReader.NextResult(Boolean async, Boolean isConsuming, CancellationToken cancellationToken)
   at Npgsql.NpgsqlDataReader.NextResult(Boolean async, Boolean isConsuming, CancellationToken cancellationToken)
   at Npgsql.NpgsqlCommand.ExecuteReader(Boolean async, CommandBehavior behavior, CancellationToken cancellationToken)
   at Npgsql.NpgsqlCommand.ExecuteReader(Boolean async, CommandBehavior behavior, CancellationToken cancellationToken)
   at Npgsql.NpgsqlCommand.ExecuteDbDataReaderAsync(CommandBehavior behavior, CancellationToken cancellationToken)
   at Microsoft.EntityFrameworkCore.Storage.RelationalCommand.ExecuteReaderAsync(RelationalCommandParameterObject parameterObject, CancellationToken cancellationToken)
   at Microsoft.EntityFrameworkCore.Storage.RelationalCommand.ExecuteReaderAsync(RelationalCommandParameterObject parameterObject, CancellationToken cancellationToken)
   at Microsoft.EntityFrameworkCore.Query.Internal.SingleQueryingEnumerable`1.AsyncEnumerator.InitializeReaderAsync(AsyncEnumerator enumerator, CancellationToken cancellationToken)
   at Npgsql.EntityFrameworkCore.PostgreSQL.Storage.Internal.NpgsqlExecutionStrategy.ExecuteAsync[TState,TResult](TState state, Func`4 operation, Func`4 verifySucceeded, CancellationToken cancellationToken)
   at Microsoft.EntityFrameworkCore.Query.Internal.SingleQueryingEnumerable`1.AsyncEnumerator.MoveNextAsync()
  Exception data:
    Severity: ERROR
    SqlState: 42703
    MessageText: column s.HeroBackgroundImage does not exist
    Position: 410
    File: parse_relation.c
    Line: 3722
    Routine: errorMissingColumn
2026-05-14 15:59:12.741 +07:00 [ERR] An unhandled exception has occurred while executing the request.
Npgsql.PostgresException (0x80004005): 42703: column s.HeroBackgroundImage does not exist

POSITION: 410
   at Npgsql.Internal.NpgsqlConnector.ReadMessageLong(Boolean async, DataRowLoadingMode dataRowLoadingMode, Boolean readingNotifications, Boolean isReadingPrependedMessage)
   at System.Runtime.CompilerServices.PoolingAsyncValueTaskMethodBuilder`1.StateMachineBox`1.System.Threading.Tasks.Sources.IValueTaskSource<TResult>.GetResult(Int16 token)
   at Npgsql.NpgsqlDataReader.NextResult(Boolean async, Boolean isConsuming, CancellationToken cancellationToken)
   at Npgsql.NpgsqlDataReader.NextResult(Boolean async, Boolean isConsuming, CancellationToken cancellationToken)
   at Npgsql.NpgsqlCommand.ExecuteReader(Boolean async, CommandBehavior behavior, CancellationToken cancellationToken)
   at Npgsql.NpgsqlCommand.ExecuteReader(Boolean async, CommandBehavior behavior, CancellationToken cancellationToken)
   at Npgsql.NpgsqlCommand.ExecuteDbDataReaderAsync(CommandBehavior behavior, CancellationToken cancellationToken)
   at Microsoft.EntityFrameworkCore.Storage.RelationalCommand.ExecuteReaderAsync(RelationalCommandParameterObject parameterObject, CancellationToken cancellationToken)
   at Microsoft.EntityFrameworkCore.Storage.RelationalCommand.ExecuteReaderAsync(RelationalCommandParameterObject parameterObject, CancellationToken cancellationToken)
   at Microsoft.EntityFrameworkCore.Query.Internal.SingleQueryingEnumerable`1.AsyncEnumerator.InitializeReaderAsync(AsyncEnumerator enumerator, CancellationToken cancellationToken)
   at Npgsql.EntityFrameworkCore.PostgreSQL.Storage.Internal.NpgsqlExecutionStrategy.ExecuteAsync[TState,TResult](TState state, Func`4 operation, Func`4 verifySucceeded, CancellationToken cancellationToken)
   at Microsoft.EntityFrameworkCore.Query.Internal.SingleQueryingEnumerable`1.AsyncEnumerator.MoveNextAsync()
   at Microsoft.EntityFrameworkCore.Query.ShapedQueryCompilingExpressionVisitor.SingleOrDefaultAsync[TSource](IAsyncEnumerable`1 asyncEnumerable, CancellationToken cancellationToken)
   at Microsoft.EntityFrameworkCore.Query.ShapedQueryCompilingExpressionVisitor.SingleOrDefaultAsync[TSource](IAsyncEnumerable`1 asyncEnumerable, CancellationToken cancellationToken)
   at AquaCMS.Services.SettingsService.GetSettingsAsync() in E:\sourceCode\catalog\src\AquaCMS\Services\SettingsService.cs:line 36
   at AquaCMS.Areas.Admin.Controllers.SettingsController.Index() in E:\sourceCode\catalog\src\AquaCMS\Areas\Admin\Controllers\SettingsController.cs:line 41
   at Microsoft.AspNetCore.Mvc.Infrastructure.ActionMethodExecutor.TaskOfIActionResultExecutor.Execute(ActionContext actionContext, IActionResultTypeMapper mapper, ObjectMethodExecutor executor, Object controller, Object[] arguments)
   at Microsoft.AspNetCore.Mvc.Infrastructure.ControllerActionInvoker.<InvokeActionMethodAsync>g__Awaited|12_0(ControllerActionInvoker invoker, ValueTask`1 actionResultValueTask)
   at Microsoft.AspNetCore.Mvc.Infrastructure.ControllerActionInvoker.<InvokeNextActionFilterAsync>g__Awaited|10_0(ControllerActionInvoker invoker, Task lastTask, State next, Scope scope, Object state, Boolean isCompleted)
   at Microsoft.AspNetCore.Mvc.Infrastructure.ControllerActionInvoker.Rethrow(ActionExecutedContextSealed context)
   at Microsoft.AspNetCore.Mvc.Infrastructure.ControllerActionInvoker.Next(State& next, Scope& scope, Object& state, Boolean& isCompleted)
   at Microsoft.AspNetCore.Mvc.Infrastructure.ControllerActionInvoker.<InvokeInnerFilterAsync>g__Awaited|13_0(ControllerActionInvoker invoker, Task lastTask, State next, Scope scope, Object state, Boolean isCompleted)
   at Microsoft.AspNetCore.Mvc.Infrastructure.ResourceInvoker.<InvokeNextResourceFilter>g__Awaited|25_0(ResourceInvoker invoker, Task lastTask, State next, Scope scope, Object state, Boolean isCompleted)
   at Microsoft.AspNetCore.Mvc.Infrastructure.ResourceInvoker.Rethrow(ResourceExecutedContextSealed context)
   at Microsoft.AspNetCore.Mvc.Infrastructure.ResourceInvoker.Next(State& next, Scope& scope, Object& state, Boolean& isCompleted)
   at Microsoft.AspNetCore.Mvc.Infrastructure.ResourceInvoker.<InvokeFilterPipelineAsync>g__Awaited|20_0(ResourceInvoker invoker, Task lastTask, State next, Scope scope, Object state, Boolean isCompleted)
   at Microsoft.AspNetCore.Mvc.Infrastructure.ResourceInvoker.<InvokeAsync>g__Awaited|17_0(ResourceInvoker invoker, Task task, IDisposable scope)
   at Microsoft.AspNetCore.Mvc.Infrastructure.ResourceInvoker.<InvokeAsync>g__Awaited|17_0(ResourceInvoker invoker, Task task, IDisposable scope)
   at Microsoft.AspNetCore.Authorization.AuthorizationMiddleware.Invoke(HttpContext context)
   at Microsoft.AspNetCore.Authentication.AuthenticationMiddleware.Invoke(HttpContext context)
   at Microsoft.AspNetCore.Diagnostics.StatusCodePagesMiddleware.Invoke(HttpContext context)
   at AquaCMS.Modules.Core.Middleware.PageViewTrackingMiddleware.InvokeAsync(HttpContext ctx) in E:\sourceCode\catalog\src\AquaCMS\Modules\Core\Middleware\PageViewTrackingMiddleware.cs:line 43
   at Microsoft.AspNetCore.Diagnostics.DeveloperExceptionPageMiddlewareImpl.Invoke(HttpContext context)
  Exception data:
    Severity: ERROR
    SqlState: 42703
    MessageText: column s.HeroBackgroundImage does not exist
    Position: 410
    File: parse_relation.c
    Line: 3722
    Routine: errorMissingColumn
2026-05-14 15:59:12.758 +07:00 [ERR] HTTP GET /admin/settings responded 500 in 32.5819 ms
2026-05-14 15:59:12.878 +07:00 [ERR] Failed executing DbCommand (2ms) [Parameters=[], CommandType='"Text"', CommandTimeout='30']
SELECT s.id, s.about_content, s.about_image, s.about_title, s.address, s.background_color, s.bank_name, s.bank_number, s.bank_owner, s.chat_auto_reply_message, s.company_name, s.copyright_text, s.default_meta_description, s.default_meta_title, s.default_og_image, s.email, s.email_enabled, s.facebook, s.facebook_pixel_id, s.featured_products_count, s.footer_about_text, s.footer_text, s.google_analytics_id, s."HeroBackgroundImage", s.latest_posts_count, s.logo, s.notification_email, s.phone, s.primary_color, s.show_banners, s.show_categories, s.show_facebook, s.show_featured_products, s.show_footer, s.show_hotline, s.show_latest_posts, s.show_nav_cart, s.show_nav_knowledge, s.show_nav_partners, s.show_nav_products, s.show_partners, s.show_telegram, s.show_tiktok, s.show_youtube, s.show_zalo, s.smtp_from_email, s.smtp_from_name, s.smtp_host, s.smtp_password, s.smtp_port, s.smtp_use_ssl, s.smtp_user, s.telegram, s.tiktok, s.updated_at, s.youtube, s.zalo
FROM site_settings AS s
ORDER BY s.id
LIMIT 1
2026-05-14 15:59:12.881 +07:00 [ERR] An exception occurred while iterating over the results of a query for context type 'AquaCMS.Data.AppDbContext'.
Npgsql.PostgresException (0x80004005): 42703: column s.HeroBackgroundImage does not exist

POSITION: 410
   at Npgsql.Internal.NpgsqlConnector.ReadMessageLong(Boolean async, DataRowLoadingMode dataRowLoadingMode, Boolean readingNotifications, Boolean isReadingPrependedMessage)
   at System.Runtime.CompilerServices.PoolingAsyncValueTaskMethodBuilder`1.StateMachineBox`1.System.Threading.Tasks.Sources.IValueTaskSource<TResult>.GetResult(Int16 token)
   at Npgsql.NpgsqlDataReader.NextResult(Boolean async, Boolean isConsuming, CancellationToken cancellationToken)
   at Npgsql.NpgsqlDataReader.NextResult(Boolean async, Boolean isConsuming, CancellationToken cancellationToken)
   at Npgsql.NpgsqlCommand.ExecuteReader(Boolean async, CommandBehavior behavior, CancellationToken cancellationToken)
   at Npgsql.NpgsqlCommand.ExecuteReader(Boolean async, CommandBehavior behavior, CancellationToken cancellationToken)
   at Npgsql.NpgsqlCommand.ExecuteDbDataReaderAsync(CommandBehavior behavior, CancellationToken cancellationToken)
   at Microsoft.EntityFrameworkCore.Storage.RelationalCommand.ExecuteReaderAsync(RelationalCommandParameterObject parameterObject, CancellationToken cancellationToken)
   at Microsoft.EntityFrameworkCore.Storage.RelationalCommand.ExecuteReaderAsync(RelationalCommandParameterObject parameterObject, CancellationToken cancellationToken)
   at Microsoft.EntityFrameworkCore.Query.Internal.SingleQueryingEnumerable`1.AsyncEnumerator.InitializeReaderAsync(AsyncEnumerator enumerator, CancellationToken cancellationToken)
   at Npgsql.EntityFrameworkCore.PostgreSQL.Storage.Internal.NpgsqlExecutionStrategy.ExecuteAsync[TState,TResult](TState state, Func`4 operation, Func`4 verifySucceeded, CancellationToken cancellationToken)
   at Microsoft.EntityFrameworkCore.Query.Internal.SingleQueryingEnumerable`1.AsyncEnumerator.MoveNextAsync()
  Exception data:
    Severity: ERROR
    SqlState: 42703
    MessageText: column s.HeroBackgroundImage does not exist
    Position: 410
    File: parse_relation.c
    Line: 3722
    Routine: errorMissingColumn
Npgsql.PostgresException (0x80004005): 42703: column s.HeroBackgroundImage does not exist

POSITION: 410
   at Npgsql.Internal.NpgsqlConnector.ReadMessageLong(Boolean async, DataRowLoadingMode dataRowLoadingMode, Boolean readingNotifications, Boolean isReadingPrependedMessage)
   at System.Runtime.CompilerServices.PoolingAsyncValueTaskMethodBuilder`1.StateMachineBox`1.System.Threading.Tasks.Sources.IValueTaskSource<TResult>.GetResult(Int16 token)
   at Npgsql.NpgsqlDataReader.NextResult(Boolean async, Boolean isConsuming, CancellationToken cancellationToken)
   at Npgsql.NpgsqlDataReader.NextResult(Boolean async, Boolean isConsuming, CancellationToken cancellationToken)
   at Npgsql.NpgsqlCommand.ExecuteReader(Boolean async, CommandBehavior behavior, CancellationToken cancellationToken)
   at Npgsql.NpgsqlCommand.ExecuteReader(Boolean async, CommandBehavior behavior, CancellationToken cancellationToken)
   at Npgsql.NpgsqlCommand.ExecuteDbDataReaderAsync(CommandBehavior behavior, CancellationToken cancellationToken)
   at Microsoft.EntityFrameworkCore.Storage.RelationalCommand.ExecuteReaderAsync(RelationalCommandParameterObject parameterObject, CancellationToken cancellationToken)
   at Microsoft.EntityFrameworkCore.Storage.RelationalCommand.ExecuteReaderAsync(RelationalCommandParameterObject parameterObject, CancellationToken cancellationToken)
   at Microsoft.EntityFrameworkCore.Query.Internal.SingleQueryingEnumerable`1.AsyncEnumerator.InitializeReaderAsync(AsyncEnumerator enumerator, CancellationToken cancellationToken)
   at Npgsql.EntityFrameworkCore.PostgreSQL.Storage.Internal.NpgsqlExecutionStrategy.ExecuteAsync[TState,TResult](TState state, Func`4 operation, Func`4 verifySucceeded, CancellationToken cancellationToken)
   at Microsoft.EntityFrameworkCore.Query.Internal.SingleQueryingEnumerable`1.AsyncEnumerator.MoveNextAsync()
  Exception data:
    Severity: ERROR
    SqlState: 42703
    MessageText: column s.HeroBackgroundImage does not exist
    Position: 410
    File: parse_relation.c
    Line: 3722
    Routine: errorMissingColumn
2026-05-14 15:59:12.890 +07:00 [ERR] An unhandled exception has occurred while executing the request.
Npgsql.PostgresException (0x80004005): 42703: column s.HeroBackgroundImage does not exist

POSITION: 410
   at Npgsql.Internal.NpgsqlConnector.ReadMessageLong(Boolean async, DataRowLoadingMode dataRowLoadingMode, Boolean readingNotifications, Boolean isReadingPrependedMessage)
   at System.Runtime.CompilerServices.PoolingAsyncValueTaskMethodBuilder`1.StateMachineBox`1.System.Threading.Tasks.Sources.IValueTaskSource<TResult>.GetResult(Int16 token)
   at Npgsql.NpgsqlDataReader.NextResult(Boolean async, Boolean isConsuming, CancellationToken cancellationToken)
   at Npgsql.NpgsqlDataReader.NextResult(Boolean async, Boolean isConsuming, CancellationToken cancellationToken)
   at Npgsql.NpgsqlCommand.ExecuteReader(Boolean async, CommandBehavior behavior, CancellationToken cancellationToken)
   at Npgsql.NpgsqlCommand.ExecuteReader(Boolean async, CommandBehavior behavior, CancellationToken cancellationToken)
   at Npgsql.NpgsqlCommand.ExecuteDbDataReaderAsync(CommandBehavior behavior, CancellationToken cancellationToken)
   at Microsoft.EntityFrameworkCore.Storage.RelationalCommand.ExecuteReaderAsync(RelationalCommandParameterObject parameterObject, CancellationToken cancellationToken)
   at Microsoft.EntityFrameworkCore.Storage.RelationalCommand.ExecuteReaderAsync(RelationalCommandParameterObject parameterObject, CancellationToken cancellationToken)
   at Microsoft.EntityFrameworkCore.Query.Internal.SingleQueryingEnumerable`1.AsyncEnumerator.InitializeReaderAsync(AsyncEnumerator enumerator, CancellationToken cancellationToken)
   at Npgsql.EntityFrameworkCore.PostgreSQL.Storage.Internal.NpgsqlExecutionStrategy.ExecuteAsync[TState,TResult](TState state, Func`4 operation, Func`4 verifySucceeded, CancellationToken cancellationToken)
   at Microsoft.EntityFrameworkCore.Query.Internal.SingleQueryingEnumerable`1.AsyncEnumerator.MoveNextAsync()
   at Microsoft.EntityFrameworkCore.Query.ShapedQueryCompilingExpressionVisitor.SingleOrDefaultAsync[TSource](IAsyncEnumerable`1 asyncEnumerable, CancellationToken cancellationToken)
   at Microsoft.EntityFrameworkCore.Query.ShapedQueryCompilingExpressionVisitor.SingleOrDefaultAsync[TSource](IAsyncEnumerable`1 asyncEnumerable, CancellationToken cancellationToken)
   at AquaCMS.Services.SettingsService.GetSettingsAsync() in E:\sourceCode\catalog\src\AquaCMS\Services\SettingsService.cs:line 36
   at AquaCMS.Areas.Admin.Controllers.SettingsController.Index() in E:\sourceCode\catalog\src\AquaCMS\Areas\Admin\Controllers\SettingsController.cs:line 41
   at Microsoft.AspNetCore.Mvc.Infrastructure.ActionMethodExecutor.TaskOfIActionResultExecutor.Execute(ActionContext actionContext, IActionResultTypeMapper mapper, ObjectMethodExecutor executor, Object controller, Object[] arguments)
   at Microsoft.AspNetCore.Mvc.Infrastructure.ControllerActionInvoker.<InvokeActionMethodAsync>g__Awaited|12_0(ControllerActionInvoker invoker, ValueTask`1 actionResultValueTask)
   at Microsoft.AspNetCore.Mvc.Infrastructure.ControllerActionInvoker.<InvokeNextActionFilterAsync>g__Awaited|10_0(ControllerActionInvoker invoker, Task lastTask, State next, Scope scope, Object state, Boolean isCompleted)
   at Microsoft.AspNetCore.Mvc.Infrastructure.ControllerActionInvoker.Rethrow(ActionExecutedContextSealed context)
   at Microsoft.AspNetCore.Mvc.Infrastructure.ControllerActionInvoker.Next(State& next, Scope& scope, Object& state, Boolean& isCompleted)
   at Microsoft.AspNetCore.Mvc.Infrastructure.ControllerActionInvoker.<InvokeInnerFilterAsync>g__Awaited|13_0(ControllerActionInvoker invoker, Task lastTask, State next, Scope scope, Object state, Boolean isCompleted)
   at Microsoft.AspNetCore.Mvc.Infrastructure.ResourceInvoker.<InvokeNextResourceFilter>g__Awaited|25_0(ResourceInvoker invoker, Task lastTask, State next, Scope scope, Object state, Boolean isCompleted)
   at Microsoft.AspNetCore.Mvc.Infrastructure.ResourceInvoker.Rethrow(ResourceExecutedContextSealed context)
   at Microsoft.AspNetCore.Mvc.Infrastructure.ResourceInvoker.Next(State& next, Scope& scope, Object& state, Boolean& isCompleted)
   at Microsoft.AspNetCore.Mvc.Infrastructure.ResourceInvoker.<InvokeFilterPipelineAsync>g__Awaited|20_0(ResourceInvoker invoker, Task lastTask, State next, Scope scope, Object state, Boolean isCompleted)
   at Microsoft.AspNetCore.Mvc.Infrastructure.ResourceInvoker.<InvokeAsync>g__Awaited|17_0(ResourceInvoker invoker, Task task, IDisposable scope)
   at Microsoft.AspNetCore.Mvc.Infrastructure.ResourceInvoker.<InvokeAsync>g__Awaited|17_0(ResourceInvoker invoker, Task task, IDisposable scope)
   at Microsoft.AspNetCore.Authorization.AuthorizationMiddleware.Invoke(HttpContext context)
   at Microsoft.AspNetCore.Authentication.AuthenticationMiddleware.Invoke(HttpContext context)
   at Microsoft.AspNetCore.Diagnostics.StatusCodePagesMiddleware.Invoke(HttpContext context)
   at AquaCMS.Modules.Core.Middleware.PageViewTrackingMiddleware.InvokeAsync(HttpContext ctx) in E:\sourceCode\catalog\src\AquaCMS\Modules\Core\Middleware\PageViewTrackingMiddleware.cs:line 43
   at Microsoft.AspNetCore.Diagnostics.DeveloperExceptionPageMiddlewareImpl.Invoke(HttpContext context)
  Exception data:
    Severity: ERROR
    SqlState: 42703
    MessageText: column s.HeroBackgroundImage does not exist
    Position: 410
    File: parse_relation.c
    Line: 3722
    Routine: errorMissingColumn
2026-05-14 15:59:12.908 +07:00 [ERR] HTTP GET /admin/settings responded 500 in 32.8468 ms
2026-05-14 15:59:13.023 +07:00 [ERR] Failed executing DbCommand (2ms) [Parameters=[], CommandType='"Text"', CommandTimeout='30']
SELECT s.id, s.about_content, s.about_image, s.about_title, s.address, s.background_color, s.bank_name, s.bank_number, s.bank_owner, s.chat_auto_reply_message, s.company_name, s.copyright_text, s.default_meta_description, s.default_meta_title, s.default_og_image, s.email, s.email_enabled, s.facebook, s.facebook_pixel_id, s.featured_products_count, s.footer_about_text, s.footer_text, s.google_analytics_id, s."HeroBackgroundImage", s.latest_posts_count, s.logo, s.notification_email, s.phone, s.primary_color, s.show_banners, s.show_categories, s.show_facebook, s.show_featured_products, s.show_footer, s.show_hotline, s.show_latest_posts, s.show_nav_cart, s.show_nav_knowledge, s.show_nav_partners, s.show_nav_products, s.show_partners, s.show_telegram, s.show_tiktok, s.show_youtube, s.show_zalo, s.smtp_from_email, s.smtp_from_name, s.smtp_host, s.smtp_password, s.smtp_port, s.smtp_use_ssl, s.smtp_user, s.telegram, s.tiktok, s.updated_at, s.youtube, s.zalo
FROM site_settings AS s
ORDER BY s.id
LIMIT 1
2026-05-14 15:59:13.028 +07:00 [ERR] An exception occurred while iterating over the results of a query for context type 'AquaCMS.Data.AppDbContext'.
Npgsql.PostgresException (0x80004005): 42703: column s.HeroBackgroundImage does not exist

POSITION: 410
   at Npgsql.Internal.NpgsqlConnector.ReadMessageLong(Boolean async, DataRowLoadingMode dataRowLoadingMode, Boolean readingNotifications, Boolean isReadingPrependedMessage)
   at System.Runtime.CompilerServices.PoolingAsyncValueTaskMethodBuilder`1.StateMachineBox`1.System.Threading.Tasks.Sources.IValueTaskSource<TResult>.GetResult(Int16 token)
   at Npgsql.NpgsqlDataReader.NextResult(Boolean async, Boolean isConsuming, CancellationToken cancellationToken)
   at Npgsql.NpgsqlDataReader.NextResult(Boolean async, Boolean isConsuming, CancellationToken cancellationToken)
   at Npgsql.NpgsqlCommand.ExecuteReader(Boolean async, CommandBehavior behavior, CancellationToken cancellationToken)
   at Npgsql.NpgsqlCommand.ExecuteReader(Boolean async, CommandBehavior behavior, CancellationToken cancellationToken)
   at Npgsql.NpgsqlCommand.ExecuteDbDataReaderAsync(CommandBehavior behavior, CancellationToken cancellationToken)
   at Microsoft.EntityFrameworkCore.Storage.RelationalCommand.ExecuteReaderAsync(RelationalCommandParameterObject parameterObject, CancellationToken cancellationToken)
   at Microsoft.EntityFrameworkCore.Storage.RelationalCommand.ExecuteReaderAsync(RelationalCommandParameterObject parameterObject, CancellationToken cancellationToken)
   at Microsoft.EntityFrameworkCore.Query.Internal.SingleQueryingEnumerable`1.AsyncEnumerator.InitializeReaderAsync(AsyncEnumerator enumerator, CancellationToken cancellationToken)
   at Npgsql.EntityFrameworkCore.PostgreSQL.Storage.Internal.NpgsqlExecutionStrategy.ExecuteAsync[TState,TResult](TState state, Func`4 operation, Func`4 verifySucceeded, CancellationToken cancellationToken)
   at Microsoft.EntityFrameworkCore.Query.Internal.SingleQueryingEnumerable`1.AsyncEnumerator.MoveNextAsync()
  Exception data:
    Severity: ERROR
    SqlState: 42703
    MessageText: column s.HeroBackgroundImage does not exist
    Position: 410
    File: parse_relation.c
    Line: 3722
    Routine: errorMissingColumn
Npgsql.PostgresException (0x80004005): 42703: column s.HeroBackgroundImage does not exist

POSITION: 410
   at Npgsql.Internal.NpgsqlConnector.ReadMessageLong(Boolean async, DataRowLoadingMode dataRowLoadingMode, Boolean readingNotifications, Boolean isReadingPrependedMessage)
   at System.Runtime.CompilerServices.PoolingAsyncValueTaskMethodBuilder`1.StateMachineBox`1.System.Threading.Tasks.Sources.IValueTaskSource<TResult>.GetResult(Int16 token)
   at Npgsql.NpgsqlDataReader.NextResult(Boolean async, Boolean isConsuming, CancellationToken cancellationToken)
   at Npgsql.NpgsqlDataReader.NextResult(Boolean async, Boolean isConsuming, CancellationToken cancellationToken)
   at Npgsql.NpgsqlCommand.ExecuteReader(Boolean async, CommandBehavior behavior, CancellationToken cancellationToken)
   at Npgsql.NpgsqlCommand.ExecuteReader(Boolean async, CommandBehavior behavior, CancellationToken cancellationToken)
   at Npgsql.NpgsqlCommand.ExecuteDbDataReaderAsync(CommandBehavior behavior, CancellationToken cancellationToken)
   at Microsoft.EntityFrameworkCore.Storage.RelationalCommand.ExecuteReaderAsync(RelationalCommandParameterObject parameterObject, CancellationToken cancellationToken)
   at Microsoft.EntityFrameworkCore.Storage.RelationalCommand.ExecuteReaderAsync(RelationalCommandParameterObject parameterObject, CancellationToken cancellationToken)
   at Microsoft.EntityFrameworkCore.Query.Internal.SingleQueryingEnumerable`1.AsyncEnumerator.InitializeReaderAsync(AsyncEnumerator enumerator, CancellationToken cancellationToken)
   at Npgsql.EntityFrameworkCore.PostgreSQL.Storage.Internal.NpgsqlExecutionStrategy.ExecuteAsync[TState,TResult](TState state, Func`4 operation, Func`4 verifySucceeded, CancellationToken cancellationToken)
   at Microsoft.EntityFrameworkCore.Query.Internal.SingleQueryingEnumerable`1.AsyncEnumerator.MoveNextAsync()
  Exception data:
    Severity: ERROR
    SqlState: 42703
    MessageText: column s.HeroBackgroundImage does not exist
    Position: 410
    File: parse_relation.c
    Line: 3722
    Routine: errorMissingColumn
2026-05-14 15:59:13.036 +07:00 [ERR] An unhandled exception has occurred while executing the request.
Npgsql.PostgresException (0x80004005): 42703: column s.HeroBackgroundImage does not exist

POSITION: 410
   at Npgsql.Internal.NpgsqlConnector.ReadMessageLong(Boolean async, DataRowLoadingMode dataRowLoadingMode, Boolean readingNotifications, Boolean isReadingPrependedMessage)
   at System.Runtime.CompilerServices.PoolingAsyncValueTaskMethodBuilder`1.StateMachineBox`1.System.Threading.Tasks.Sources.IValueTaskSource<TResult>.GetResult(Int16 token)
   at Npgsql.NpgsqlDataReader.NextResult(Boolean async, Boolean isConsuming, CancellationToken cancellationToken)
   at Npgsql.NpgsqlDataReader.NextResult(Boolean async, Boolean isConsuming, CancellationToken cancellationToken)
   at Npgsql.NpgsqlCommand.ExecuteReader(Boolean async, CommandBehavior behavior, CancellationToken cancellationToken)
   at Npgsql.NpgsqlCommand.ExecuteReader(Boolean async, CommandBehavior behavior, CancellationToken cancellationToken)
   at Npgsql.NpgsqlCommand.ExecuteDbDataReaderAsync(CommandBehavior behavior, CancellationToken cancellationToken)
   at Microsoft.EntityFrameworkCore.Storage.RelationalCommand.ExecuteReaderAsync(RelationalCommandParameterObject parameterObject, CancellationToken cancellationToken)
   at Microsoft.EntityFrameworkCore.Storage.RelationalCommand.ExecuteReaderAsync(RelationalCommandParameterObject parameterObject, CancellationToken cancellationToken)
   at Microsoft.EntityFrameworkCore.Query.Internal.SingleQueryingEnumerable`1.AsyncEnumerator.InitializeReaderAsync(AsyncEnumerator enumerator, CancellationToken cancellationToken)
   at Npgsql.EntityFrameworkCore.PostgreSQL.Storage.Internal.NpgsqlExecutionStrategy.ExecuteAsync[TState,TResult](TState state, Func`4 operation, Func`4 verifySucceeded, CancellationToken cancellationToken)
   at Microsoft.EntityFrameworkCore.Query.Internal.SingleQueryingEnumerable`1.AsyncEnumerator.MoveNextAsync()
   at Microsoft.EntityFrameworkCore.Query.ShapedQueryCompilingExpressionVisitor.SingleOrDefaultAsync[TSource](IAsyncEnumerable`1 asyncEnumerable, CancellationToken cancellationToken)
   at Microsoft.EntityFrameworkCore.Query.ShapedQueryCompilingExpressionVisitor.SingleOrDefaultAsync[TSource](IAsyncEnumerable`1 asyncEnumerable, CancellationToken cancellationToken)
   at AquaCMS.Services.SettingsService.GetSettingsAsync() in E:\sourceCode\catalog\src\AquaCMS\Services\SettingsService.cs:line 36
   at AquaCMS.Areas.Admin.Controllers.SettingsController.Index() in E:\sourceCode\catalog\src\AquaCMS\Areas\Admin\Controllers\SettingsController.cs:line 41
   at Microsoft.AspNetCore.Mvc.Infrastructure.ActionMethodExecutor.TaskOfIActionResultExecutor.Execute(ActionContext actionContext, IActionResultTypeMapper mapper, ObjectMethodExecutor executor, Object controller, Object[] arguments)
   at Microsoft.AspNetCore.Mvc.Infrastructure.ControllerActionInvoker.<InvokeActionMethodAsync>g__Awaited|12_0(ControllerActionInvoker invoker, ValueTask`1 actionResultValueTask)
   at Microsoft.AspNetCore.Mvc.Infrastructure.ControllerActionInvoker.<InvokeNextActionFilterAsync>g__Awaited|10_0(ControllerActionInvoker invoker, Task lastTask, State next, Scope scope, Object state, Boolean isCompleted)
   at Microsoft.AspNetCore.Mvc.Infrastructure.ControllerActionInvoker.Rethrow(ActionExecutedContextSealed context)
   at Microsoft.AspNetCore.Mvc.Infrastructure.ControllerActionInvoker.Next(State& next, Scope& scope, Object& state, Boolean& isCompleted)
   at Microsoft.AspNetCore.Mvc.Infrastructure.ControllerActionInvoker.<InvokeInnerFilterAsync>g__Awaited|13_0(ControllerActionInvoker invoker, Task lastTask, State next, Scope scope, Object state, Boolean isCompleted)
   at Microsoft.AspNetCore.Mvc.Infrastructure.ResourceInvoker.<InvokeNextResourceFilter>g__Awaited|25_0(ResourceInvoker invoker, Task lastTask, State next, Scope scope, Object state, Boolean isCompleted)
   at Microsoft.AspNetCore.Mvc.Infrastructure.ResourceInvoker.Rethrow(ResourceExecutedContextSealed context)
   at Microsoft.AspNetCore.Mvc.Infrastructure.ResourceInvoker.Next(State& next, Scope& scope, Object& state, Boolean& isCompleted)
   at Microsoft.AspNetCore.Mvc.Infrastructure.ResourceInvoker.<InvokeFilterPipelineAsync>g__Awaited|20_0(ResourceInvoker invoker, Task lastTask, State next, Scope scope, Object state, Boolean isCompleted)
   at Microsoft.AspNetCore.Mvc.Infrastructure.ResourceInvoker.<InvokeAsync>g__Awaited|17_0(ResourceInvoker invoker, Task task, IDisposable scope)
   at Microsoft.AspNetCore.Mvc.Infrastructure.ResourceInvoker.<InvokeAsync>g__Awaited|17_0(ResourceInvoker invoker, Task task, IDisposable scope)
   at Microsoft.AspNetCore.Authorization.AuthorizationMiddleware.Invoke(HttpContext context)
   at Microsoft.AspNetCore.Authentication.AuthenticationMiddleware.Invoke(HttpContext context)
   at Microsoft.AspNetCore.Diagnostics.StatusCodePagesMiddleware.Invoke(HttpContext context)
   at AquaCMS.Modules.Core.Middleware.PageViewTrackingMiddleware.InvokeAsync(HttpContext ctx) in E:\sourceCode\catalog\src\AquaCMS\Modules\Core\Middleware\PageViewTrackingMiddleware.cs:line 43
   at Microsoft.AspNetCore.Diagnostics.DeveloperExceptionPageMiddlewareImpl.Invoke(HttpContext context)
  Exception data:
    Severity: ERROR
    SqlState: 42703
    MessageText: column s.HeroBackgroundImage does not exist
    Position: 410
    File: parse_relation.c
    Line: 3722
    Routine: errorMissingColumn
2026-05-14 15:59:13.052 +07:00 [ERR] HTTP GET /admin/settings responded 500 in 32.3181 ms
2026-05-14 15:59:13.304 +07:00 [ERR] Failed executing DbCommand (2ms) [Parameters=[], CommandType='"Text"', CommandTimeout='30']
SELECT s.id, s.about_content, s.about_image, s.about_title, s.address, s.background_color, s.bank_name, s.bank_number, s.bank_owner, s.chat_auto_reply_message, s.company_name, s.copyright_text, s.default_meta_description, s.default_meta_title, s.default_og_image, s.email, s.email_enabled, s.facebook, s.facebook_pixel_id, s.featured_products_count, s.footer_about_text, s.footer_text, s.google_analytics_id, s."HeroBackgroundImage", s.latest_posts_count, s.logo, s.notification_email, s.phone, s.primary_color, s.show_banners, s.show_categories, s.show_facebook, s.show_featured_products, s.show_footer, s.show_hotline, s.show_latest_posts, s.show_nav_cart, s.show_nav_knowledge, s.show_nav_partners, s.show_nav_products, s.show_partners, s.show_telegram, s.show_tiktok, s.show_youtube, s.show_zalo, s.smtp_from_email, s.smtp_from_name, s.smtp_host, s.smtp_password, s.smtp_port, s.smtp_use_ssl, s.smtp_user, s.telegram, s.tiktok, s.updated_at, s.youtube, s.zalo
FROM site_settings AS s
ORDER BY s.id
LIMIT 1
2026-05-14 15:59:13.308 +07:00 [ERR] An exception occurred while iterating over the results of a query for context type 'AquaCMS.Data.AppDbContext'.
Npgsql.PostgresException (0x80004005): 42703: column s.HeroBackgroundImage does not exist

POSITION: 410
   at Npgsql.Internal.NpgsqlConnector.ReadMessageLong(Boolean async, DataRowLoadingMode dataRowLoadingMode, Boolean readingNotifications, Boolean isReadingPrependedMessage)
   at System.Runtime.CompilerServices.PoolingAsyncValueTaskMethodBuilder`1.StateMachineBox`1.System.Threading.Tasks.Sources.IValueTaskSource<TResult>.GetResult(Int16 token)
   at Npgsql.NpgsqlDataReader.NextResult(Boolean async, Boolean isConsuming, CancellationToken cancellationToken)
   at Npgsql.NpgsqlDataReader.NextResult(Boolean async, Boolean isConsuming, CancellationToken cancellationToken)
   at Npgsql.NpgsqlCommand.ExecuteReader(Boolean async, CommandBehavior behavior, CancellationToken cancellationToken)
   at Npgsql.NpgsqlCommand.ExecuteReader(Boolean async, CommandBehavior behavior, CancellationToken cancellationToken)
   at Npgsql.NpgsqlCommand.ExecuteDbDataReaderAsync(CommandBehavior behavior, CancellationToken cancellationToken)
   at Microsoft.EntityFrameworkCore.Storage.RelationalCommand.ExecuteReaderAsync(RelationalCommandParameterObject parameterObject, CancellationToken cancellationToken)
   at Microsoft.EntityFrameworkCore.Storage.RelationalCommand.ExecuteReaderAsync(RelationalCommandParameterObject parameterObject, CancellationToken cancellationToken)
   at Microsoft.EntityFrameworkCore.Query.Internal.SingleQueryingEnumerable`1.AsyncEnumerator.InitializeReaderAsync(AsyncEnumerator enumerator, CancellationToken cancellationToken)
   at Npgsql.EntityFrameworkCore.PostgreSQL.Storage.Internal.NpgsqlExecutionStrategy.ExecuteAsync[TState,TResult](TState state, Func`4 operation, Func`4 verifySucceeded, CancellationToken cancellationToken)
   at Microsoft.EntityFrameworkCore.Query.Internal.SingleQueryingEnumerable`1.AsyncEnumerator.MoveNextAsync()
  Exception data:
    Severity: ERROR
    SqlState: 42703
    MessageText: column s.HeroBackgroundImage does not exist
    Position: 410
    File: parse_relation.c
    Line: 3722
    Routine: errorMissingColumn
Npgsql.PostgresException (0x80004005): 42703: column s.HeroBackgroundImage does not exist

POSITION: 410
   at Npgsql.Internal.NpgsqlConnector.ReadMessageLong(Boolean async, DataRowLoadingMode dataRowLoadingMode, Boolean readingNotifications, Boolean isReadingPrependedMessage)
   at System.Runtime.CompilerServices.PoolingAsyncValueTaskMethodBuilder`1.StateMachineBox`1.System.Threading.Tasks.Sources.IValueTaskSource<TResult>.GetResult(Int16 token)
   at Npgsql.NpgsqlDataReader.NextResult(Boolean async, Boolean isConsuming, CancellationToken cancellationToken)
   at Npgsql.NpgsqlDataReader.NextResult(Boolean async, Boolean isConsuming, CancellationToken cancellationToken)
   at Npgsql.NpgsqlCommand.ExecuteReader(Boolean async, CommandBehavior behavior, CancellationToken cancellationToken)
   at Npgsql.NpgsqlCommand.ExecuteReader(Boolean async, CommandBehavior behavior, CancellationToken cancellationToken)
   at Npgsql.NpgsqlCommand.ExecuteDbDataReaderAsync(CommandBehavior behavior, CancellationToken cancellationToken)
   at Microsoft.EntityFrameworkCore.Storage.RelationalCommand.ExecuteReaderAsync(RelationalCommandParameterObject parameterObject, CancellationToken cancellationToken)
   at Microsoft.EntityFrameworkCore.Storage.RelationalCommand.ExecuteReaderAsync(RelationalCommandParameterObject parameterObject, CancellationToken cancellationToken)
   at Microsoft.EntityFrameworkCore.Query.Internal.SingleQueryingEnumerable`1.AsyncEnumerator.InitializeReaderAsync(AsyncEnumerator enumerator, CancellationToken cancellationToken)
   at Npgsql.EntityFrameworkCore.PostgreSQL.Storage.Internal.NpgsqlExecutionStrategy.ExecuteAsync[TState,TResult](TState state, Func`4 operation, Func`4 verifySucceeded, CancellationToken cancellationToken)
   at Microsoft.EntityFrameworkCore.Query.Internal.SingleQueryingEnumerable`1.AsyncEnumerator.MoveNextAsync()
  Exception data:
    Severity: ERROR
    SqlState: 42703
    MessageText: column s.HeroBackgroundImage does not exist
    Position: 410
    File: parse_relation.c
    Line: 3722
    Routine: errorMissingColumn
2026-05-14 15:59:13.315 +07:00 [ERR] An unhandled exception has occurred while executing the request.
Npgsql.PostgresException (0x80004005): 42703: column s.HeroBackgroundImage does not exist

POSITION: 410
   at Npgsql.Internal.NpgsqlConnector.ReadMessageLong(Boolean async, DataRowLoadingMode dataRowLoadingMode, Boolean readingNotifications, Boolean isReadingPrependedMessage)
   at System.Runtime.CompilerServices.PoolingAsyncValueTaskMethodBuilder`1.StateMachineBox`1.System.Threading.Tasks.Sources.IValueTaskSource<TResult>.GetResult(Int16 token)
   at Npgsql.NpgsqlDataReader.NextResult(Boolean async, Boolean isConsuming, CancellationToken cancellationToken)
   at Npgsql.NpgsqlDataReader.NextResult(Boolean async, Boolean isConsuming, CancellationToken cancellationToken)
   at Npgsql.NpgsqlCommand.ExecuteReader(Boolean async, CommandBehavior behavior, CancellationToken cancellationToken)
   at Npgsql.NpgsqlCommand.ExecuteReader(Boolean async, CommandBehavior behavior, CancellationToken cancellationToken)
   at Npgsql.NpgsqlCommand.ExecuteDbDataReaderAsync(CommandBehavior behavior, CancellationToken cancellationToken)
   at Microsoft.EntityFrameworkCore.Storage.RelationalCommand.ExecuteReaderAsync(RelationalCommandParameterObject parameterObject, CancellationToken cancellationToken)
   at Microsoft.EntityFrameworkCore.Storage.RelationalCommand.ExecuteReaderAsync(RelationalCommandParameterObject parameterObject, CancellationToken cancellationToken)
   at Microsoft.EntityFrameworkCore.Query.Internal.SingleQueryingEnumerable`1.AsyncEnumerator.InitializeReaderAsync(AsyncEnumerator enumerator, CancellationToken cancellationToken)
   at Npgsql.EntityFrameworkCore.PostgreSQL.Storage.Internal.NpgsqlExecutionStrategy.ExecuteAsync[TState,TResult](TState state, Func`4 operation, Func`4 verifySucceeded, CancellationToken cancellationToken)
   at Microsoft.EntityFrameworkCore.Query.Internal.SingleQueryingEnumerable`1.AsyncEnumerator.MoveNextAsync()
   at Microsoft.EntityFrameworkCore.Query.ShapedQueryCompilingExpressionVisitor.SingleOrDefaultAsync[TSource](IAsyncEnumerable`1 asyncEnumerable, CancellationToken cancellationToken)
   at Microsoft.EntityFrameworkCore.Query.ShapedQueryCompilingExpressionVisitor.SingleOrDefaultAsync[TSource](IAsyncEnumerable`1 asyncEnumerable, CancellationToken cancellationToken)
   at AquaCMS.Services.SettingsService.GetSettingsAsync() in E:\sourceCode\catalog\src\AquaCMS\Services\SettingsService.cs:line 36
   at AquaCMS.Areas.Admin.Controllers.SettingsController.Index() in E:\sourceCode\catalog\src\AquaCMS\Areas\Admin\Controllers\SettingsController.cs:line 41
   at Microsoft.AspNetCore.Mvc.Infrastructure.ActionMethodExecutor.TaskOfIActionResultExecutor.Execute(ActionContext actionContext, IActionResultTypeMapper mapper, ObjectMethodExecutor executor, Object controller, Object[] arguments)
   at Microsoft.AspNetCore.Mvc.Infrastructure.ControllerActionInvoker.<InvokeActionMethodAsync>g__Awaited|12_0(ControllerActionInvoker invoker, ValueTask`1 actionResultValueTask)
   at Microsoft.AspNetCore.Mvc.Infrastructure.ControllerActionInvoker.<InvokeNextActionFilterAsync>g__Awaited|10_0(ControllerActionInvoker invoker, Task lastTask, State next, Scope scope, Object state, Boolean isCompleted)
   at Microsoft.AspNetCore.Mvc.Infrastructure.ControllerActionInvoker.Rethrow(ActionExecutedContextSealed context)
   at Microsoft.AspNetCore.Mvc.Infrastructure.ControllerActionInvoker.Next(State& next, Scope& scope, Object& state, Boolean& isCompleted)
   at Microsoft.AspNetCore.Mvc.Infrastructure.ControllerActionInvoker.<InvokeInnerFilterAsync>g__Awaited|13_0(ControllerActionInvoker invoker, Task lastTask, State next, Scope scope, Object state, Boolean isCompleted)
   at Microsoft.AspNetCore.Mvc.Infrastructure.ResourceInvoker.<InvokeNextResourceFilter>g__Awaited|25_0(ResourceInvoker invoker, Task lastTask, State next, Scope scope, Object state, Boolean isCompleted)
   at Microsoft.AspNetCore.Mvc.Infrastructure.ResourceInvoker.Rethrow(ResourceExecutedContextSealed context)
   at Microsoft.AspNetCore.Mvc.Infrastructure.ResourceInvoker.Next(State& next, Scope& scope, Object& state, Boolean& isCompleted)
   at Microsoft.AspNetCore.Mvc.Infrastructure.ResourceInvoker.<InvokeFilterPipelineAsync>g__Awaited|20_0(ResourceInvoker invoker, Task lastTask, State next, Scope scope, Object state, Boolean isCompleted)
   at Microsoft.AspNetCore.Mvc.Infrastructure.ResourceInvoker.<InvokeAsync>g__Awaited|17_0(ResourceInvoker invoker, Task task, IDisposable scope)
   at Microsoft.AspNetCore.Mvc.Infrastructure.ResourceInvoker.<InvokeAsync>g__Awaited|17_0(ResourceInvoker invoker, Task task, IDisposable scope)
   at Microsoft.AspNetCore.Authorization.AuthorizationMiddleware.Invoke(HttpContext context)
   at Microsoft.AspNetCore.Authentication.AuthenticationMiddleware.Invoke(HttpContext context)
   at Microsoft.AspNetCore.Diagnostics.StatusCodePagesMiddleware.Invoke(HttpContext context)
   at AquaCMS.Modules.Core.Middleware.PageViewTrackingMiddleware.InvokeAsync(HttpContext ctx) in E:\sourceCode\catalog\src\AquaCMS\Modules\Core\Middleware\PageViewTrackingMiddleware.cs:line 43
   at Microsoft.AspNetCore.Diagnostics.DeveloperExceptionPageMiddlewareImpl.Invoke(HttpContext context)
  Exception data:
    Severity: ERROR
    SqlState: 42703
    MessageText: column s.HeroBackgroundImage does not exist
    Position: 410
    File: parse_relation.c
    Line: 3722
    Routine: errorMissingColumn
2026-05-14 15:59:13.330 +07:00 [ERR] HTTP GET /admin/settings responded 500 in 29.6079 ms
2026-05-14 15:59:13.446 +07:00 [ERR] Failed executing DbCommand (1ms) [Parameters=[], CommandType='"Text"', CommandTimeout='30']
SELECT s.id, s.about_content, s.about_image, s.about_title, s.address, s.background_color, s.bank_name, s.bank_number, s.bank_owner, s.chat_auto_reply_message, s.company_name, s.copyright_text, s.default_meta_description, s.default_meta_title, s.default_og_image, s.email, s.email_enabled, s.facebook, s.facebook_pixel_id, s.featured_products_count, s.footer_about_text, s.footer_text, s.google_analytics_id, s."HeroBackgroundImage", s.latest_posts_count, s.logo, s.notification_email, s.phone, s.primary_color, s.show_banners, s.show_categories, s.show_facebook, s.show_featured_products, s.show_footer, s.show_hotline, s.show_latest_posts, s.show_nav_cart, s.show_nav_knowledge, s.show_nav_partners, s.show_nav_products, s.show_partners, s.show_telegram, s.show_tiktok, s.show_youtube, s.show_zalo, s.smtp_from_email, s.smtp_from_name, s.smtp_host, s.smtp_password, s.smtp_port, s.smtp_use_ssl, s.smtp_user, s.telegram, s.tiktok, s.updated_at, s.youtube, s.zalo
FROM site_settings AS s
ORDER BY s.id
LIMIT 1
2026-05-14 15:59:13.450 +07:00 [ERR] An exception occurred while iterating over the results of a query for context type 'AquaCMS.Data.AppDbContext'.
Npgsql.PostgresException (0x80004005): 42703: column s.HeroBackgroundImage does not exist

POSITION: 410
   at Npgsql.Internal.NpgsqlConnector.ReadMessageLong(Boolean async, DataRowLoadingMode dataRowLoadingMode, Boolean readingNotifications, Boolean isReadingPrependedMessage)
   at System.Runtime.CompilerServices.PoolingAsyncValueTaskMethodBuilder`1.StateMachineBox`1.System.Threading.Tasks.Sources.IValueTaskSource<TResult>.GetResult(Int16 token)
   at Npgsql.NpgsqlDataReader.NextResult(Boolean async, Boolean isConsuming, CancellationToken cancellationToken)
   at Npgsql.NpgsqlDataReader.NextResult(Boolean async, Boolean isConsuming, CancellationToken cancellationToken)
   at Npgsql.NpgsqlCommand.ExecuteReader(Boolean async, CommandBehavior behavior, CancellationToken cancellationToken)
   at Npgsql.NpgsqlCommand.ExecuteReader(Boolean async, CommandBehavior behavior, CancellationToken cancellationToken)
   at Npgsql.NpgsqlCommand.ExecuteDbDataReaderAsync(CommandBehavior behavior, CancellationToken cancellationToken)
   at Microsoft.EntityFrameworkCore.Storage.RelationalCommand.ExecuteReaderAsync(RelationalCommandParameterObject parameterObject, CancellationToken cancellationToken)
   at Microsoft.EntityFrameworkCore.Storage.RelationalCommand.ExecuteReaderAsync(RelationalCommandParameterObject parameterObject, CancellationToken cancellationToken)
   at Microsoft.EntityFrameworkCore.Query.Internal.SingleQueryingEnumerable`1.AsyncEnumerator.InitializeReaderAsync(AsyncEnumerator enumerator, CancellationToken cancellationToken)
   at Npgsql.EntityFrameworkCore.PostgreSQL.Storage.Internal.NpgsqlExecutionStrategy.ExecuteAsync[TState,TResult](TState state, Func`4 operation, Func`4 verifySucceeded, CancellationToken cancellationToken)
   at Microsoft.EntityFrameworkCore.Query.Internal.SingleQueryingEnumerable`1.AsyncEnumerator.MoveNextAsync()
  Exception data:
    Severity: ERROR
    SqlState: 42703
    MessageText: column s.HeroBackgroundImage does not exist
    Position: 410
    File: parse_relation.c
    Line: 3722
    Routine: errorMissingColumn
Npgsql.PostgresException (0x80004005): 42703: column s.HeroBackgroundImage does not exist

POSITION: 410
   at Npgsql.Internal.NpgsqlConnector.ReadMessageLong(Boolean async, DataRowLoadingMode dataRowLoadingMode, Boolean readingNotifications, Boolean isReadingPrependedMessage)
   at System.Runtime.CompilerServices.PoolingAsyncValueTaskMethodBuilder`1.StateMachineBox`1.System.Threading.Tasks.Sources.IValueTaskSource<TResult>.GetResult(Int16 token)
   at Npgsql.NpgsqlDataReader.NextResult(Boolean async, Boolean isConsuming, CancellationToken cancellationToken)
   at Npgsql.NpgsqlDataReader.NextResult(Boolean async, Boolean isConsuming, CancellationToken cancellationToken)
   at Npgsql.NpgsqlCommand.ExecuteReader(Boolean async, CommandBehavior behavior, CancellationToken cancellationToken)
   at Npgsql.NpgsqlCommand.ExecuteReader(Boolean async, CommandBehavior behavior, CancellationToken cancellationToken)
   at Npgsql.NpgsqlCommand.ExecuteDbDataReaderAsync(CommandBehavior behavior, CancellationToken cancellationToken)
   at Microsoft.EntityFrameworkCore.Storage.RelationalCommand.ExecuteReaderAsync(RelationalCommandParameterObject parameterObject, CancellationToken cancellationToken)
   at Microsoft.EntityFrameworkCore.Storage.RelationalCommand.ExecuteReaderAsync(RelationalCommandParameterObject parameterObject, CancellationToken cancellationToken)
   at Microsoft.EntityFrameworkCore.Query.Internal.SingleQueryingEnumerable`1.AsyncEnumerator.InitializeReaderAsync(AsyncEnumerator enumerator, CancellationToken cancellationToken)
   at Npgsql.EntityFrameworkCore.PostgreSQL.Storage.Internal.NpgsqlExecutionStrategy.ExecuteAsync[TState,TResult](TState state, Func`4 operation, Func`4 verifySucceeded, CancellationToken cancellationToken)
   at Microsoft.EntityFrameworkCore.Query.Internal.SingleQueryingEnumerable`1.AsyncEnumerator.MoveNextAsync()
  Exception data:
    Severity: ERROR
    SqlState: 42703
    MessageText: column s.HeroBackgroundImage does not exist
    Position: 410
    File: parse_relation.c
    Line: 3722
    Routine: errorMissingColumn
2026-05-14 15:59:13.457 +07:00 [ERR] An unhandled exception has occurred while executing the request.
Npgsql.PostgresException (0x80004005): 42703: column s.HeroBackgroundImage does not exist

POSITION: 410
   at Npgsql.Internal.NpgsqlConnector.ReadMessageLong(Boolean async, DataRowLoadingMode dataRowLoadingMode, Boolean readingNotifications, Boolean isReadingPrependedMessage)
   at System.Runtime.CompilerServices.PoolingAsyncValueTaskMethodBuilder`1.StateMachineBox`1.System.Threading.Tasks.Sources.IValueTaskSource<TResult>.GetResult(Int16 token)
   at Npgsql.NpgsqlDataReader.NextResult(Boolean async, Boolean isConsuming, CancellationToken cancellationToken)
   at Npgsql.NpgsqlDataReader.NextResult(Boolean async, Boolean isConsuming, CancellationToken cancellationToken)
   at Npgsql.NpgsqlCommand.ExecuteReader(Boolean async, CommandBehavior behavior, CancellationToken cancellationToken)
   at Npgsql.NpgsqlCommand.ExecuteReader(Boolean async, CommandBehavior behavior, CancellationToken cancellationToken)
   at Npgsql.NpgsqlCommand.ExecuteDbDataReaderAsync(CommandBehavior behavior, CancellationToken cancellationToken)
   at Microsoft.EntityFrameworkCore.Storage.RelationalCommand.ExecuteReaderAsync(RelationalCommandParameterObject parameterObject, CancellationToken cancellationToken)
   at Microsoft.EntityFrameworkCore.Storage.RelationalCommand.ExecuteReaderAsync(RelationalCommandParameterObject parameterObject, CancellationToken cancellationToken)
   at Microsoft.EntityFrameworkCore.Query.Internal.SingleQueryingEnumerable`1.AsyncEnumerator.InitializeReaderAsync(AsyncEnumerator enumerator, CancellationToken cancellationToken)
   at Npgsql.EntityFrameworkCore.PostgreSQL.Storage.Internal.NpgsqlExecutionStrategy.ExecuteAsync[TState,TResult](TState state, Func`4 operation, Func`4 verifySucceeded, CancellationToken cancellationToken)
   at Microsoft.EntityFrameworkCore.Query.Internal.SingleQueryingEnumerable`1.AsyncEnumerator.MoveNextAsync()
   at Microsoft.EntityFrameworkCore.Query.ShapedQueryCompilingExpressionVisitor.SingleOrDefaultAsync[TSource](IAsyncEnumerable`1 asyncEnumerable, CancellationToken cancellationToken)
   at Microsoft.EntityFrameworkCore.Query.ShapedQueryCompilingExpressionVisitor.SingleOrDefaultAsync[TSource](IAsyncEnumerable`1 asyncEnumerable, CancellationToken cancellationToken)
   at AquaCMS.Services.SettingsService.GetSettingsAsync() in E:\sourceCode\catalog\src\AquaCMS\Services\SettingsService.cs:line 36
   at AquaCMS.Areas.Admin.Controllers.SettingsController.Index() in E:\sourceCode\catalog\src\AquaCMS\Areas\Admin\Controllers\SettingsController.cs:line 41
   at Microsoft.AspNetCore.Mvc.Infrastructure.ActionMethodExecutor.TaskOfIActionResultExecutor.Execute(ActionContext actionContext, IActionResultTypeMapper mapper, ObjectMethodExecutor executor, Object controller, Object[] arguments)
   at Microsoft.AspNetCore.Mvc.Infrastructure.ControllerActionInvoker.<InvokeActionMethodAsync>g__Awaited|12_0(ControllerActionInvoker invoker, ValueTask`1 actionResultValueTask)
   at Microsoft.AspNetCore.Mvc.Infrastructure.ControllerActionInvoker.<InvokeNextActionFilterAsync>g__Awaited|10_0(ControllerActionInvoker invoker, Task lastTask, State next, Scope scope, Object state, Boolean isCompleted)
   at Microsoft.AspNetCore.Mvc.Infrastructure.ControllerActionInvoker.Rethrow(ActionExecutedContextSealed context)
   at Microsoft.AspNetCore.Mvc.Infrastructure.ControllerActionInvoker.Next(State& next, Scope& scope, Object& state, Boolean& isCompleted)
   at Microsoft.AspNetCore.Mvc.Infrastructure.ControllerActionInvoker.<InvokeInnerFilterAsync>g__Awaited|13_0(ControllerActionInvoker invoker, Task lastTask, State next, Scope scope, Object state, Boolean isCompleted)
   at Microsoft.AspNetCore.Mvc.Infrastructure.ResourceInvoker.<InvokeNextResourceFilter>g__Awaited|25_0(ResourceInvoker invoker, Task lastTask, State next, Scope scope, Object state, Boolean isCompleted)
   at Microsoft.AspNetCore.Mvc.Infrastructure.ResourceInvoker.Rethrow(ResourceExecutedContextSealed context)
   at Microsoft.AspNetCore.Mvc.Infrastructure.ResourceInvoker.Next(State& next, Scope& scope, Object& state, Boolean& isCompleted)
   at Microsoft.AspNetCore.Mvc.Infrastructure.ResourceInvoker.<InvokeFilterPipelineAsync>g__Awaited|20_0(ResourceInvoker invoker, Task lastTask, State next, Scope scope, Object state, Boolean isCompleted)
   at Microsoft.AspNetCore.Mvc.Infrastructure.ResourceInvoker.<InvokeAsync>g__Awaited|17_0(ResourceInvoker invoker, Task task, IDisposable scope)
   at Microsoft.AspNetCore.Mvc.Infrastructure.ResourceInvoker.<InvokeAsync>g__Awaited|17_0(ResourceInvoker invoker, Task task, IDisposable scope)
   at Microsoft.AspNetCore.Authorization.AuthorizationMiddleware.Invoke(HttpContext context)
   at Microsoft.AspNetCore.Authentication.AuthenticationMiddleware.Invoke(HttpContext context)
   at Microsoft.AspNetCore.Diagnostics.StatusCodePagesMiddleware.Invoke(HttpContext context)
   at AquaCMS.Modules.Core.Middleware.PageViewTrackingMiddleware.InvokeAsync(HttpContext ctx) in E:\sourceCode\catalog\src\AquaCMS\Modules\Core\Middleware\PageViewTrackingMiddleware.cs:line 43
   at Microsoft.AspNetCore.Diagnostics.DeveloperExceptionPageMiddlewareImpl.Invoke(HttpContext context)
  Exception data:
    Severity: ERROR
    SqlState: 42703
    MessageText: column s.HeroBackgroundImage does not exist
    Position: 410
    File: parse_relation.c
    Line: 3722
    Routine: errorMissingColumn
2026-05-14 15:59:13.475 +07:00 [ERR] HTTP GET /admin/settings responded 500 in 30.7635 ms
2026-05-14 15:59:14.633 +07:00 [ERR] Failed executing DbCommand (2ms) [Parameters=[], CommandType='"Text"', CommandTimeout='30']
SELECT s.id, s.about_content, s.about_image, s.about_title, s.address, s.background_color, s.bank_name, s.bank_number, s.bank_owner, s.chat_auto_reply_message, s.company_name, s.copyright_text, s.default_meta_description, s.default_meta_title, s.default_og_image, s.email, s.email_enabled, s.facebook, s.facebook_pixel_id, s.featured_products_count, s.footer_about_text, s.footer_text, s.google_analytics_id, s."HeroBackgroundImage", s.latest_posts_count, s.logo, s.notification_email, s.phone, s.primary_color, s.show_banners, s.show_categories, s.show_facebook, s.show_featured_products, s.show_footer, s.show_hotline, s.show_latest_posts, s.show_nav_cart, s.show_nav_knowledge, s.show_nav_partners, s.show_nav_products, s.show_partners, s.show_telegram, s.show_tiktok, s.show_youtube, s.show_zalo, s.smtp_from_email, s.smtp_from_name, s.smtp_host, s.smtp_password, s.smtp_port, s.smtp_use_ssl, s.smtp_user, s.telegram, s.tiktok, s.updated_at, s.youtube, s.zalo
FROM site_settings AS s
ORDER BY s.id
LIMIT 1
2026-05-14 15:59:14.637 +07:00 [ERR] An exception occurred while iterating over the results of a query for context type 'AquaCMS.Data.AppDbContext'.
Npgsql.PostgresException (0x80004005): 42703: column s.HeroBackgroundImage does not exist

POSITION: 410
   at Npgsql.Internal.NpgsqlConnector.ReadMessageLong(Boolean async, DataRowLoadingMode dataRowLoadingMode, Boolean readingNotifications, Boolean isReadingPrependedMessage)
   at System.Runtime.CompilerServices.PoolingAsyncValueTaskMethodBuilder`1.StateMachineBox`1.System.Threading.Tasks.Sources.IValueTaskSource<TResult>.GetResult(Int16 token)
   at Npgsql.NpgsqlDataReader.NextResult(Boolean async, Boolean isConsuming, CancellationToken cancellationToken)
   at Npgsql.NpgsqlDataReader.NextResult(Boolean async, Boolean isConsuming, CancellationToken cancellationToken)
   at Npgsql.NpgsqlCommand.ExecuteReader(Boolean async, CommandBehavior behavior, CancellationToken cancellationToken)
   at Npgsql.NpgsqlCommand.ExecuteReader(Boolean async, CommandBehavior behavior, CancellationToken cancellationToken)
   at Npgsql.NpgsqlCommand.ExecuteDbDataReaderAsync(CommandBehavior behavior, CancellationToken cancellationToken)
   at Microsoft.EntityFrameworkCore.Storage.RelationalCommand.ExecuteReaderAsync(RelationalCommandParameterObject parameterObject, CancellationToken cancellationToken)
   at Microsoft.EntityFrameworkCore.Storage.RelationalCommand.ExecuteReaderAsync(RelationalCommandParameterObject parameterObject, CancellationToken cancellationToken)
   at Microsoft.EntityFrameworkCore.Query.Internal.SingleQueryingEnumerable`1.AsyncEnumerator.InitializeReaderAsync(AsyncEnumerator enumerator, CancellationToken cancellationToken)
   at Npgsql.EntityFrameworkCore.PostgreSQL.Storage.Internal.NpgsqlExecutionStrategy.ExecuteAsync[TState,TResult](TState state, Func`4 operation, Func`4 verifySucceeded, CancellationToken cancellationToken)
   at Microsoft.EntityFrameworkCore.Query.Internal.SingleQueryingEnumerable`1.AsyncEnumerator.MoveNextAsync()
  Exception data:
    Severity: ERROR
    SqlState: 42703
    MessageText: column s.HeroBackgroundImage does not exist
    Position: 410
    File: parse_relation.c
    Line: 3722
    Routine: errorMissingColumn
Npgsql.PostgresException (0x80004005): 42703: column s.HeroBackgroundImage does not exist

POSITION: 410
   at Npgsql.Internal.NpgsqlConnector.ReadMessageLong(Boolean async, DataRowLoadingMode dataRowLoadingMode, Boolean readingNotifications, Boolean isReadingPrependedMessage)
   at System.Runtime.CompilerServices.PoolingAsyncValueTaskMethodBuilder`1.StateMachineBox`1.System.Threading.Tasks.Sources.IValueTaskSource<TResult>.GetResult(Int16 token)
   at Npgsql.NpgsqlDataReader.NextResult(Boolean async, Boolean isConsuming, CancellationToken cancellationToken)
   at Npgsql.NpgsqlDataReader.NextResult(Boolean async, Boolean isConsuming, CancellationToken cancellationToken)
   at Npgsql.NpgsqlCommand.ExecuteReader(Boolean async, CommandBehavior behavior, CancellationToken cancellationToken)
   at Npgsql.NpgsqlCommand.ExecuteReader(Boolean async, CommandBehavior behavior, CancellationToken cancellationToken)
   at Npgsql.NpgsqlCommand.ExecuteDbDataReaderAsync(CommandBehavior behavior, CancellationToken cancellationToken)
   at Microsoft.EntityFrameworkCore.Storage.RelationalCommand.ExecuteReaderAsync(RelationalCommandParameterObject parameterObject, CancellationToken cancellationToken)
   at Microsoft.EntityFrameworkCore.Storage.RelationalCommand.ExecuteReaderAsync(RelationalCommandParameterObject parameterObject, CancellationToken cancellationToken)
   at Microsoft.EntityFrameworkCore.Query.Internal.SingleQueryingEnumerable`1.AsyncEnumerator.InitializeReaderAsync(AsyncEnumerator enumerator, CancellationToken cancellationToken)
   at Npgsql.EntityFrameworkCore.PostgreSQL.Storage.Internal.NpgsqlExecutionStrategy.ExecuteAsync[TState,TResult](TState state, Func`4 operation, Func`4 verifySucceeded, CancellationToken cancellationToken)
   at Microsoft.EntityFrameworkCore.Query.Internal.SingleQueryingEnumerable`1.AsyncEnumerator.MoveNextAsync()
  Exception data:
    Severity: ERROR
    SqlState: 42703
    MessageText: column s.HeroBackgroundImage does not exist
    Position: 410
    File: parse_relation.c
    Line: 3722
    Routine: errorMissingColumn
2026-05-14 15:59:14.647 +07:00 [ERR] An unhandled exception has occurred while executing the request.
Npgsql.PostgresException (0x80004005): 42703: column s.HeroBackgroundImage does not exist

POSITION: 410
   at Npgsql.Internal.NpgsqlConnector.ReadMessageLong(Boolean async, DataRowLoadingMode dataRowLoadingMode, Boolean readingNotifications, Boolean isReadingPrependedMessage)
   at System.Runtime.CompilerServices.PoolingAsyncValueTaskMethodBuilder`1.StateMachineBox`1.System.Threading.Tasks.Sources.IValueTaskSource<TResult>.GetResult(Int16 token)
   at Npgsql.NpgsqlDataReader.NextResult(Boolean async, Boolean isConsuming, CancellationToken cancellationToken)
   at Npgsql.NpgsqlDataReader.NextResult(Boolean async, Boolean isConsuming, CancellationToken cancellationToken)
   at Npgsql.NpgsqlCommand.ExecuteReader(Boolean async, CommandBehavior behavior, CancellationToken cancellationToken)
   at Npgsql.NpgsqlCommand.ExecuteReader(Boolean async, CommandBehavior behavior, CancellationToken cancellationToken)
   at Npgsql.NpgsqlCommand.ExecuteDbDataReaderAsync(CommandBehavior behavior, CancellationToken cancellationToken)
   at Microsoft.EntityFrameworkCore.Storage.RelationalCommand.ExecuteReaderAsync(RelationalCommandParameterObject parameterObject, CancellationToken cancellationToken)
   at Microsoft.EntityFrameworkCore.Storage.RelationalCommand.ExecuteReaderAsync(RelationalCommandParameterObject parameterObject, CancellationToken cancellationToken)
   at Microsoft.EntityFrameworkCore.Query.Internal.SingleQueryingEnumerable`1.AsyncEnumerator.InitializeReaderAsync(AsyncEnumerator enumerator, CancellationToken cancellationToken)
   at Npgsql.EntityFrameworkCore.PostgreSQL.Storage.Internal.NpgsqlExecutionStrategy.ExecuteAsync[TState,TResult](TState state, Func`4 operation, Func`4 verifySucceeded, CancellationToken cancellationToken)
   at Microsoft.EntityFrameworkCore.Query.Internal.SingleQueryingEnumerable`1.AsyncEnumerator.MoveNextAsync()
   at Microsoft.EntityFrameworkCore.Query.ShapedQueryCompilingExpressionVisitor.SingleOrDefaultAsync[TSource](IAsyncEnumerable`1 asyncEnumerable, CancellationToken cancellationToken)
   at Microsoft.EntityFrameworkCore.Query.ShapedQueryCompilingExpressionVisitor.SingleOrDefaultAsync[TSource](IAsyncEnumerable`1 asyncEnumerable, CancellationToken cancellationToken)
   at AquaCMS.Services.SettingsService.GetSettingsAsync() in E:\sourceCode\catalog\src\AquaCMS\Services\SettingsService.cs:line 36
   at AquaCMS.Controllers.HomeController.Index() in E:\sourceCode\catalog\src\AquaCMS\Controllers\HomeController.cs:line 38
   at Microsoft.AspNetCore.Mvc.Infrastructure.ActionMethodExecutor.TaskOfIActionResultExecutor.Execute(ActionContext actionContext, IActionResultTypeMapper mapper, ObjectMethodExecutor executor, Object controller, Object[] arguments)
   at Microsoft.AspNetCore.Mvc.Infrastructure.ControllerActionInvoker.<InvokeActionMethodAsync>g__Awaited|12_0(ControllerActionInvoker invoker, ValueTask`1 actionResultValueTask)
   at Microsoft.AspNetCore.Mvc.Infrastructure.ControllerActionInvoker.<InvokeNextActionFilterAsync>g__Awaited|10_0(ControllerActionInvoker invoker, Task lastTask, State next, Scope scope, Object state, Boolean isCompleted)
   at Microsoft.AspNetCore.Mvc.Infrastructure.ControllerActionInvoker.Rethrow(ActionExecutedContextSealed context)
   at Microsoft.AspNetCore.Mvc.Infrastructure.ControllerActionInvoker.Next(State& next, Scope& scope, Object& state, Boolean& isCompleted)
   at Microsoft.AspNetCore.Mvc.Infrastructure.ControllerActionInvoker.<InvokeInnerFilterAsync>g__Awaited|13_0(ControllerActionInvoker invoker, Task lastTask, State next, Scope scope, Object state, Boolean isCompleted)
   at Microsoft.AspNetCore.Mvc.Infrastructure.ResourceInvoker.<InvokeNextResourceFilter>g__Awaited|25_0(ResourceInvoker invoker, Task lastTask, State next, Scope scope, Object state, Boolean isCompleted)
   at Microsoft.AspNetCore.Mvc.Infrastructure.ResourceInvoker.Rethrow(ResourceExecutedContextSealed context)
   at Microsoft.AspNetCore.Mvc.Infrastructure.ResourceInvoker.Next(State& next, Scope& scope, Object& state, Boolean& isCompleted)
   at Microsoft.AspNetCore.Mvc.Infrastructure.ResourceInvoker.<InvokeFilterPipelineAsync>g__Awaited|20_0(ResourceInvoker invoker, Task lastTask, State next, Scope scope, Object state, Boolean isCompleted)
   at Microsoft.AspNetCore.Mvc.Infrastructure.ResourceInvoker.<InvokeAsync>g__Awaited|17_0(ResourceInvoker invoker, Task task, IDisposable scope)
   at Microsoft.AspNetCore.Mvc.Infrastructure.ResourceInvoker.<InvokeAsync>g__Awaited|17_0(ResourceInvoker invoker, Task task, IDisposable scope)
   at Microsoft.AspNetCore.Authorization.AuthorizationMiddleware.Invoke(HttpContext context)
   at Microsoft.AspNetCore.Authentication.AuthenticationMiddleware.Invoke(HttpContext context)
   at Microsoft.AspNetCore.Diagnostics.StatusCodePagesMiddleware.Invoke(HttpContext context)
   at AquaCMS.Modules.Core.Middleware.PageViewTrackingMiddleware.InvokeAsync(HttpContext ctx) in E:\sourceCode\catalog\src\AquaCMS\Modules\Core\Middleware\PageViewTrackingMiddleware.cs:line 43
   at Microsoft.AspNetCore.Diagnostics.DeveloperExceptionPageMiddlewareImpl.Invoke(HttpContext context)
  Exception data:
    Severity: ERROR
    SqlState: 42703
    MessageText: column s.HeroBackgroundImage does not exist
    Position: 410
    File: parse_relation.c
    Line: 3722
    Routine: errorMissingColumn
2026-05-14 15:59:14.668 +07:00 [ERR] HTTP GET / responded 500 in 48.6512 ms
2026-05-14 15:59:15.183 +07:00 [ERR] Failed executing DbCommand (9ms) [Parameters=[], CommandType='"Text"', CommandTimeout='30']
SELECT s.id, s.about_content, s.about_image, s.about_title, s.address, s.background_color, s.bank_name, s.bank_number, s.bank_owner, s.chat_auto_reply_message, s.company_name, s.copyright_text, s.default_meta_description, s.default_meta_title, s.default_og_image, s.email, s.email_enabled, s.facebook, s.facebook_pixel_id, s.featured_products_count, s.footer_about_text, s.footer_text, s.google_analytics_id, s."HeroBackgroundImage", s.latest_posts_count, s.logo, s.notification_email, s.phone, s.primary_color, s.show_banners, s.show_categories, s.show_facebook, s.show_featured_products, s.show_footer, s.show_hotline, s.show_latest_posts, s.show_nav_cart, s.show_nav_knowledge, s.show_nav_partners, s.show_nav_products, s.show_partners, s.show_telegram, s.show_tiktok, s.show_youtube, s.show_zalo, s.smtp_from_email, s.smtp_from_name, s.smtp_host, s.smtp_password, s.smtp_port, s.smtp_use_ssl, s.smtp_user, s.telegram, s.tiktok, s.updated_at, s.youtube, s.zalo
FROM site_settings AS s
ORDER BY s.id
LIMIT 1
2026-05-14 15:59:15.187 +07:00 [ERR] An exception occurred while iterating over the results of a query for context type 'AquaCMS.Data.AppDbContext'.
Npgsql.PostgresException (0x80004005): 42703: column s.HeroBackgroundImage does not exist

POSITION: 410
   at Npgsql.Internal.NpgsqlConnector.ReadMessageLong(Boolean async, DataRowLoadingMode dataRowLoadingMode, Boolean readingNotifications, Boolean isReadingPrependedMessage)
   at System.Runtime.CompilerServices.PoolingAsyncValueTaskMethodBuilder`1.StateMachineBox`1.System.Threading.Tasks.Sources.IValueTaskSource<TResult>.GetResult(Int16 token)
   at Npgsql.NpgsqlDataReader.NextResult(Boolean async, Boolean isConsuming, CancellationToken cancellationToken)
   at Npgsql.NpgsqlDataReader.NextResult(Boolean async, Boolean isConsuming, CancellationToken cancellationToken)
   at Npgsql.NpgsqlCommand.ExecuteReader(Boolean async, CommandBehavior behavior, CancellationToken cancellationToken)
   at Npgsql.NpgsqlCommand.ExecuteReader(Boolean async, CommandBehavior behavior, CancellationToken cancellationToken)
   at Npgsql.NpgsqlCommand.ExecuteDbDataReaderAsync(CommandBehavior behavior, CancellationToken cancellationToken)
   at Microsoft.EntityFrameworkCore.Storage.RelationalCommand.ExecuteReaderAsync(RelationalCommandParameterObject parameterObject, CancellationToken cancellationToken)
   at Microsoft.EntityFrameworkCore.Storage.RelationalCommand.ExecuteReaderAsync(RelationalCommandParameterObject parameterObject, CancellationToken cancellationToken)
   at Microsoft.EntityFrameworkCore.Query.Internal.SingleQueryingEnumerable`1.AsyncEnumerator.InitializeReaderAsync(AsyncEnumerator enumerator, CancellationToken cancellationToken)
   at Npgsql.EntityFrameworkCore.PostgreSQL.Storage.Internal.NpgsqlExecutionStrategy.ExecuteAsync[TState,TResult](TState state, Func`4 operation, Func`4 verifySucceeded, CancellationToken cancellationToken)
   at Microsoft.EntityFrameworkCore.Query.Internal.SingleQueryingEnumerable`1.AsyncEnumerator.MoveNextAsync()
  Exception data:
    Severity: ERROR
    SqlState: 42703
    MessageText: column s.HeroBackgroundImage does not exist
    Position: 410
    File: parse_relation.c
    Line: 3722
    Routine: errorMissingColumn
Npgsql.PostgresException (0x80004005): 42703: column s.HeroBackgroundImage does not exist

POSITION: 410
   at Npgsql.Internal.NpgsqlConnector.ReadMessageLong(Boolean async, DataRowLoadingMode dataRowLoadingMode, Boolean readingNotifications, Boolean isReadingPrependedMessage)
   at System.Runtime.CompilerServices.PoolingAsyncValueTaskMethodBuilder`1.StateMachineBox`1.System.Threading.Tasks.Sources.IValueTaskSource<TResult>.GetResult(Int16 token)
   at Npgsql.NpgsqlDataReader.NextResult(Boolean async, Boolean isConsuming, CancellationToken cancellationToken)
   at Npgsql.NpgsqlDataReader.NextResult(Boolean async, Boolean isConsuming, CancellationToken cancellationToken)
   at Npgsql.NpgsqlCommand.ExecuteReader(Boolean async, CommandBehavior behavior, CancellationToken cancellationToken)
   at Npgsql.NpgsqlCommand.ExecuteReader(Boolean async, CommandBehavior behavior, CancellationToken cancellationToken)
   at Npgsql.NpgsqlCommand.ExecuteDbDataReaderAsync(CommandBehavior behavior, CancellationToken cancellationToken)
   at Microsoft.EntityFrameworkCore.Storage.RelationalCommand.ExecuteReaderAsync(RelationalCommandParameterObject parameterObject, CancellationToken cancellationToken)
   at Microsoft.EntityFrameworkCore.Storage.RelationalCommand.ExecuteReaderAsync(RelationalCommandParameterObject parameterObject, CancellationToken cancellationToken)
   at Microsoft.EntityFrameworkCore.Query.Internal.SingleQueryingEnumerable`1.AsyncEnumerator.InitializeReaderAsync(AsyncEnumerator enumerator, CancellationToken cancellationToken)
   at Npgsql.EntityFrameworkCore.PostgreSQL.Storage.Internal.NpgsqlExecutionStrategy.ExecuteAsync[TState,TResult](TState state, Func`4 operation, Func`4 verifySucceeded, CancellationToken cancellationToken)
   at Microsoft.EntityFrameworkCore.Query.Internal.SingleQueryingEnumerable`1.AsyncEnumerator.MoveNextAsync()
  Exception data:
    Severity: ERROR
    SqlState: 42703
    MessageText: column s.HeroBackgroundImage does not exist
    Position: 410
    File: parse_relation.c
    Line: 3722
    Routine: errorMissingColumn
2026-05-14 15:59:15.195 +07:00 [ERR] An unhandled exception has occurred while executing the request.
Npgsql.PostgresException (0x80004005): 42703: column s.HeroBackgroundImage does not exist

POSITION: 410
   at Npgsql.Internal.NpgsqlConnector.ReadMessageLong(Boolean async, DataRowLoadingMode dataRowLoadingMode, Boolean readingNotifications, Boolean isReadingPrependedMessage)
   at System.Runtime.CompilerServices.PoolingAsyncValueTaskMethodBuilder`1.StateMachineBox`1.System.Threading.Tasks.Sources.IValueTaskSource<TResult>.GetResult(Int16 token)
   at Npgsql.NpgsqlDataReader.NextResult(Boolean async, Boolean isConsuming, CancellationToken cancellationToken)
   at Npgsql.NpgsqlDataReader.NextResult(Boolean async, Boolean isConsuming, CancellationToken cancellationToken)
   at Npgsql.NpgsqlCommand.ExecuteReader(Boolean async, CommandBehavior behavior, CancellationToken cancellationToken)
   at Npgsql.NpgsqlCommand.ExecuteReader(Boolean async, CommandBehavior behavior, CancellationToken cancellationToken)
   at Npgsql.NpgsqlCommand.ExecuteDbDataReaderAsync(CommandBehavior behavior, CancellationToken cancellationToken)
   at Microsoft.EntityFrameworkCore.Storage.RelationalCommand.ExecuteReaderAsync(RelationalCommandParameterObject parameterObject, CancellationToken cancellationToken)
   at Microsoft.EntityFrameworkCore.Storage.RelationalCommand.ExecuteReaderAsync(RelationalCommandParameterObject parameterObject, CancellationToken cancellationToken)
   at Microsoft.EntityFrameworkCore.Query.Internal.SingleQueryingEnumerable`1.AsyncEnumerator.InitializeReaderAsync(AsyncEnumerator enumerator, CancellationToken cancellationToken)
   at Npgsql.EntityFrameworkCore.PostgreSQL.Storage.Internal.NpgsqlExecutionStrategy.ExecuteAsync[TState,TResult](TState state, Func`4 operation, Func`4 verifySucceeded, CancellationToken cancellationToken)
   at Microsoft.EntityFrameworkCore.Query.Internal.SingleQueryingEnumerable`1.AsyncEnumerator.MoveNextAsync()
   at Microsoft.EntityFrameworkCore.Query.ShapedQueryCompilingExpressionVisitor.SingleOrDefaultAsync[TSource](IAsyncEnumerable`1 asyncEnumerable, CancellationToken cancellationToken)
   at Microsoft.EntityFrameworkCore.Query.ShapedQueryCompilingExpressionVisitor.SingleOrDefaultAsync[TSource](IAsyncEnumerable`1 asyncEnumerable, CancellationToken cancellationToken)
   at AquaCMS.Services.SettingsService.GetSettingsAsync() in E:\sourceCode\catalog\src\AquaCMS\Services\SettingsService.cs:line 36
   at AquaCMS.Controllers.HomeController.Index() in E:\sourceCode\catalog\src\AquaCMS\Controllers\HomeController.cs:line 38
   at Microsoft.AspNetCore.Mvc.Infrastructure.ActionMethodExecutor.TaskOfIActionResultExecutor.Execute(ActionContext actionContext, IActionResultTypeMapper mapper, ObjectMethodExecutor executor, Object controller, Object[] arguments)
   at Microsoft.AspNetCore.Mvc.Infrastructure.ControllerActionInvoker.<InvokeActionMethodAsync>g__Awaited|12_0(ControllerActionInvoker invoker, ValueTask`1 actionResultValueTask)
   at Microsoft.AspNetCore.Mvc.Infrastructure.ControllerActionInvoker.<InvokeNextActionFilterAsync>g__Awaited|10_0(ControllerActionInvoker invoker, Task lastTask, State next, Scope scope, Object state, Boolean isCompleted)
   at Microsoft.AspNetCore.Mvc.Infrastructure.ControllerActionInvoker.Rethrow(ActionExecutedContextSealed context)
   at Microsoft.AspNetCore.Mvc.Infrastructure.ControllerActionInvoker.Next(State& next, Scope& scope, Object& state, Boolean& isCompleted)
   at Microsoft.AspNetCore.Mvc.Infrastructure.ControllerActionInvoker.<InvokeInnerFilterAsync>g__Awaited|13_0(ControllerActionInvoker invoker, Task lastTask, State next, Scope scope, Object state, Boolean isCompleted)
   at Microsoft.AspNetCore.Mvc.Infrastructure.ResourceInvoker.<InvokeNextResourceFilter>g__Awaited|25_0(ResourceInvoker invoker, Task lastTask, State next, Scope scope, Object state, Boolean isCompleted)
   at Microsoft.AspNetCore.Mvc.Infrastructure.ResourceInvoker.Rethrow(ResourceExecutedContextSealed context)
   at Microsoft.AspNetCore.Mvc.Infrastructure.ResourceInvoker.Next(State& next, Scope& scope, Object& state, Boolean& isCompleted)
   at Microsoft.AspNetCore.Mvc.Infrastructure.ResourceInvoker.<InvokeFilterPipelineAsync>g__Awaited|20_0(ResourceInvoker invoker, Task lastTask, State next, Scope scope, Object state, Boolean isCompleted)
   at Microsoft.AspNetCore.Mvc.Infrastructure.ResourceInvoker.<InvokeAsync>g__Awaited|17_0(ResourceInvoker invoker, Task task, IDisposable scope)
   at Microsoft.AspNetCore.Mvc.Infrastructure.ResourceInvoker.<InvokeAsync>g__Awaited|17_0(ResourceInvoker invoker, Task task, IDisposable scope)
   at Microsoft.AspNetCore.Authorization.AuthorizationMiddleware.Invoke(HttpContext context)
   at Microsoft.AspNetCore.Authentication.AuthenticationMiddleware.Invoke(HttpContext context)
   at Microsoft.AspNetCore.Diagnostics.StatusCodePagesMiddleware.Invoke(HttpContext context)
   at AquaCMS.Modules.Core.Middleware.PageViewTrackingMiddleware.InvokeAsync(HttpContext ctx) in E:\sourceCode\catalog\src\AquaCMS\Modules\Core\Middleware\PageViewTrackingMiddleware.cs:line 43
   at Microsoft.AspNetCore.Diagnostics.DeveloperExceptionPageMiddlewareImpl.Invoke(HttpContext context)
  Exception data:
    Severity: ERROR
    SqlState: 42703
    MessageText: column s.HeroBackgroundImage does not exist
    Position: 410
    File: parse_relation.c
    Line: 3722
    Routine: errorMissingColumn
2026-05-14 15:59:15.214 +07:00 [ERR] HTTP GET / responded 500 in 41.7447 ms
2026-05-14 15:59:15.326 +07:00 [ERR] Failed executing DbCommand (2ms) [Parameters=[], CommandType='"Text"', CommandTimeout='30']
SELECT s.id, s.about_content, s.about_image, s.about_title, s.address, s.background_color, s.bank_name, s.bank_number, s.bank_owner, s.chat_auto_reply_message, s.company_name, s.copyright_text, s.default_meta_description, s.default_meta_title, s.default_og_image, s.email, s.email_enabled, s.facebook, s.facebook_pixel_id, s.featured_products_count, s.footer_about_text, s.footer_text, s.google_analytics_id, s."HeroBackgroundImage", s.latest_posts_count, s.logo, s.notification_email, s.phone, s.primary_color, s.show_banners, s.show_categories, s.show_facebook, s.show_featured_products, s.show_footer, s.show_hotline, s.show_latest_posts, s.show_nav_cart, s.show_nav_knowledge, s.show_nav_partners, s.show_nav_products, s.show_partners, s.show_telegram, s.show_tiktok, s.show_youtube, s.show_zalo, s.smtp_from_email, s.smtp_from_name, s.smtp_host, s.smtp_password, s.smtp_port, s.smtp_use_ssl, s.smtp_user, s.telegram, s.tiktok, s.updated_at, s.youtube, s.zalo
FROM site_settings AS s
ORDER BY s.id
LIMIT 1
2026-05-14 15:59:15.330 +07:00 [ERR] An exception occurred while iterating over the results of a query for context type 'AquaCMS.Data.AppDbContext'.
Npgsql.PostgresException (0x80004005): 42703: column s.HeroBackgroundImage does not exist

POSITION: 410
   at Npgsql.Internal.NpgsqlConnector.ReadMessageLong(Boolean async, DataRowLoadingMode dataRowLoadingMode, Boolean readingNotifications, Boolean isReadingPrependedMessage)
   at System.Runtime.CompilerServices.PoolingAsyncValueTaskMethodBuilder`1.StateMachineBox`1.System.Threading.Tasks.Sources.IValueTaskSource<TResult>.GetResult(Int16 token)
   at Npgsql.NpgsqlDataReader.NextResult(Boolean async, Boolean isConsuming, CancellationToken cancellationToken)
   at Npgsql.NpgsqlDataReader.NextResult(Boolean async, Boolean isConsuming, CancellationToken cancellationToken)
   at Npgsql.NpgsqlCommand.ExecuteReader(Boolean async, CommandBehavior behavior, CancellationToken cancellationToken)
   at Npgsql.NpgsqlCommand.ExecuteReader(Boolean async, CommandBehavior behavior, CancellationToken cancellationToken)
   at Npgsql.NpgsqlCommand.ExecuteDbDataReaderAsync(CommandBehavior behavior, CancellationToken cancellationToken)
   at Microsoft.EntityFrameworkCore.Storage.RelationalCommand.ExecuteReaderAsync(RelationalCommandParameterObject parameterObject, CancellationToken cancellationToken)
   at Microsoft.EntityFrameworkCore.Storage.RelationalCommand.ExecuteReaderAsync(RelationalCommandParameterObject parameterObject, CancellationToken cancellationToken)
   at Microsoft.EntityFrameworkCore.Query.Internal.SingleQueryingEnumerable`1.AsyncEnumerator.InitializeReaderAsync(AsyncEnumerator enumerator, CancellationToken cancellationToken)
   at Npgsql.EntityFrameworkCore.PostgreSQL.Storage.Internal.NpgsqlExecutionStrategy.ExecuteAsync[TState,TResult](TState state, Func`4 operation, Func`4 verifySucceeded, CancellationToken cancellationToken)
   at Microsoft.EntityFrameworkCore.Query.Internal.SingleQueryingEnumerable`1.AsyncEnumerator.MoveNextAsync()
  Exception data:
    Severity: ERROR
    SqlState: 42703
    MessageText: column s.HeroBackgroundImage does not exist
    Position: 410
    File: parse_relation.c
    Line: 3722
    Routine: errorMissingColumn
Npgsql.PostgresException (0x80004005): 42703: column s.HeroBackgroundImage does not exist

POSITION: 410
   at Npgsql.Internal.NpgsqlConnector.ReadMessageLong(Boolean async, DataRowLoadingMode dataRowLoadingMode, Boolean readingNotifications, Boolean isReadingPrependedMessage)
   at System.Runtime.CompilerServices.PoolingAsyncValueTaskMethodBuilder`1.StateMachineBox`1.System.Threading.Tasks.Sources.IValueTaskSource<TResult>.GetResult(Int16 token)
   at Npgsql.NpgsqlDataReader.NextResult(Boolean async, Boolean isConsuming, CancellationToken cancellationToken)
   at Npgsql.NpgsqlDataReader.NextResult(Boolean async, Boolean isConsuming, CancellationToken cancellationToken)
   at Npgsql.NpgsqlCommand.ExecuteReader(Boolean async, CommandBehavior behavior, CancellationToken cancellationToken)
   at Npgsql.NpgsqlCommand.ExecuteReader(Boolean async, CommandBehavior behavior, CancellationToken cancellationToken)
   at Npgsql.NpgsqlCommand.ExecuteDbDataReaderAsync(CommandBehavior behavior, CancellationToken cancellationToken)
   at Microsoft.EntityFrameworkCore.Storage.RelationalCommand.ExecuteReaderAsync(RelationalCommandParameterObject parameterObject, CancellationToken cancellationToken)
   at Microsoft.EntityFrameworkCore.Storage.RelationalCommand.ExecuteReaderAsync(RelationalCommandParameterObject parameterObject, CancellationToken cancellationToken)
   at Microsoft.EntityFrameworkCore.Query.Internal.SingleQueryingEnumerable`1.AsyncEnumerator.InitializeReaderAsync(AsyncEnumerator enumerator, CancellationToken cancellationToken)
   at Npgsql.EntityFrameworkCore.PostgreSQL.Storage.Internal.NpgsqlExecutionStrategy.ExecuteAsync[TState,TResult](TState state, Func`4 operation, Func`4 verifySucceeded, CancellationToken cancellationToken)
   at Microsoft.EntityFrameworkCore.Query.Internal.SingleQueryingEnumerable`1.AsyncEnumerator.MoveNextAsync()
  Exception data:
    Severity: ERROR
    SqlState: 42703
    MessageText: column s.HeroBackgroundImage does not exist
    Position: 410
    File: parse_relation.c
    Line: 3722
    Routine: errorMissingColumn
2026-05-14 15:59:15.341 +07:00 [ERR] An unhandled exception has occurred while executing the request.
Npgsql.PostgresException (0x80004005): 42703: column s.HeroBackgroundImage does not exist

POSITION: 410
   at Npgsql.Internal.NpgsqlConnector.ReadMessageLong(Boolean async, DataRowLoadingMode dataRowLoadingMode, Boolean readingNotifications, Boolean isReadingPrependedMessage)
   at System.Runtime.CompilerServices.PoolingAsyncValueTaskMethodBuilder`1.StateMachineBox`1.System.Threading.Tasks.Sources.IValueTaskSource<TResult>.GetResult(Int16 token)
   at Npgsql.NpgsqlDataReader.NextResult(Boolean async, Boolean isConsuming, CancellationToken cancellationToken)
   at Npgsql.NpgsqlDataReader.NextResult(Boolean async, Boolean isConsuming, CancellationToken cancellationToken)
   at Npgsql.NpgsqlCommand.ExecuteReader(Boolean async, CommandBehavior behavior, CancellationToken cancellationToken)
   at Npgsql.NpgsqlCommand.ExecuteReader(Boolean async, CommandBehavior behavior, CancellationToken cancellationToken)
   at Npgsql.NpgsqlCommand.ExecuteDbDataReaderAsync(CommandBehavior behavior, CancellationToken cancellationToken)
   at Microsoft.EntityFrameworkCore.Storage.RelationalCommand.ExecuteReaderAsync(RelationalCommandParameterObject parameterObject, CancellationToken cancellationToken)
   at Microsoft.EntityFrameworkCore.Storage.RelationalCommand.ExecuteReaderAsync(RelationalCommandParameterObject parameterObject, CancellationToken cancellationToken)
   at Microsoft.EntityFrameworkCore.Query.Internal.SingleQueryingEnumerable`1.AsyncEnumerator.InitializeReaderAsync(AsyncEnumerator enumerator, CancellationToken cancellationToken)
   at Npgsql.EntityFrameworkCore.PostgreSQL.Storage.Internal.NpgsqlExecutionStrategy.ExecuteAsync[TState,TResult](TState state, Func`4 operation, Func`4 verifySucceeded, CancellationToken cancellationToken)
   at Microsoft.EntityFrameworkCore.Query.Internal.SingleQueryingEnumerable`1.AsyncEnumerator.MoveNextAsync()
   at Microsoft.EntityFrameworkCore.Query.ShapedQueryCompilingExpressionVisitor.SingleOrDefaultAsync[TSource](IAsyncEnumerable`1 asyncEnumerable, CancellationToken cancellationToken)
   at Microsoft.EntityFrameworkCore.Query.ShapedQueryCompilingExpressionVisitor.SingleOrDefaultAsync[TSource](IAsyncEnumerable`1 asyncEnumerable, CancellationToken cancellationToken)
   at AquaCMS.Services.SettingsService.GetSettingsAsync() in E:\sourceCode\catalog\src\AquaCMS\Services\SettingsService.cs:line 36
   at AquaCMS.Controllers.HomeController.Index() in E:\sourceCode\catalog\src\AquaCMS\Controllers\HomeController.cs:line 38
   at Microsoft.AspNetCore.Mvc.Infrastructure.ActionMethodExecutor.TaskOfIActionResultExecutor.Execute(ActionContext actionContext, IActionResultTypeMapper mapper, ObjectMethodExecutor executor, Object controller, Object[] arguments)
   at Microsoft.AspNetCore.Mvc.Infrastructure.ControllerActionInvoker.<InvokeActionMethodAsync>g__Awaited|12_0(ControllerActionInvoker invoker, ValueTask`1 actionResultValueTask)
   at Microsoft.AspNetCore.Mvc.Infrastructure.ControllerActionInvoker.<InvokeNextActionFilterAsync>g__Awaited|10_0(ControllerActionInvoker invoker, Task lastTask, State next, Scope scope, Object state, Boolean isCompleted)
   at Microsoft.AspNetCore.Mvc.Infrastructure.ControllerActionInvoker.Rethrow(ActionExecutedContextSealed context)
   at Microsoft.AspNetCore.Mvc.Infrastructure.ControllerActionInvoker.Next(State& next, Scope& scope, Object& state, Boolean& isCompleted)
   at Microsoft.AspNetCore.Mvc.Infrastructure.ControllerActionInvoker.<InvokeInnerFilterAsync>g__Awaited|13_0(ControllerActionInvoker invoker, Task lastTask, State next, Scope scope, Object state, Boolean isCompleted)
   at Microsoft.AspNetCore.Mvc.Infrastructure.ResourceInvoker.<InvokeNextResourceFilter>g__Awaited|25_0(ResourceInvoker invoker, Task lastTask, State next, Scope scope, Object state, Boolean isCompleted)
   at Microsoft.AspNetCore.Mvc.Infrastructure.ResourceInvoker.Rethrow(ResourceExecutedContextSealed context)
   at Microsoft.AspNetCore.Mvc.Infrastructure.ResourceInvoker.Next(State& next, Scope& scope, Object& state, Boolean& isCompleted)
   at Microsoft.AspNetCore.Mvc.Infrastructure.ResourceInvoker.<InvokeFilterPipelineAsync>g__Awaited|20_0(ResourceInvoker invoker, Task lastTask, State next, Scope scope, Object state, Boolean isCompleted)
   at Microsoft.AspNetCore.Mvc.Infrastructure.ResourceInvoker.<InvokeAsync>g__Awaited|17_0(ResourceInvoker invoker, Task task, IDisposable scope)
   at Microsoft.AspNetCore.Mvc.Infrastructure.ResourceInvoker.<InvokeAsync>g__Awaited|17_0(ResourceInvoker invoker, Task task, IDisposable scope)
   at Microsoft.AspNetCore.Authorization.AuthorizationMiddleware.Invoke(HttpContext context)
   at Microsoft.AspNetCore.Authentication.AuthenticationMiddleware.Invoke(HttpContext context)
   at Microsoft.AspNetCore.Diagnostics.StatusCodePagesMiddleware.Invoke(HttpContext context)
   at AquaCMS.Modules.Core.Middleware.PageViewTrackingMiddleware.InvokeAsync(HttpContext ctx) in E:\sourceCode\catalog\src\AquaCMS\Modules\Core\Middleware\PageViewTrackingMiddleware.cs:line 43
   at Microsoft.AspNetCore.Diagnostics.DeveloperExceptionPageMiddlewareImpl.Invoke(HttpContext context)
  Exception data:
    Severity: ERROR
    SqlState: 42703
    MessageText: column s.HeroBackgroundImage does not exist
    Position: 410
    File: parse_relation.c
    Line: 3722
    Routine: errorMissingColumn
2026-05-14 15:59:15.363 +07:00 [ERR] HTTP GET / responded 500 in 41.3219 ms
2026-05-14 16:00:35.245 +07:00 [ERR] Failed executing DbCommand (28ms) [Parameters=[], CommandType='"Text"', CommandTimeout='30']
SELECT s.id, s.about_content, s.about_image, s.about_title, s.address, s.background_color, s.bank_name, s.bank_number, s.bank_owner, s.chat_auto_reply_message, s.company_name, s.copyright_text, s.default_meta_description, s.default_meta_title, s.default_og_image, s.email, s.email_enabled, s.facebook, s.facebook_pixel_id, s.featured_products_count, s.footer_about_text, s.footer_text, s.google_analytics_id, s."HeroBackgroundImage", s.latest_posts_count, s.logo, s.notification_email, s.phone, s.primary_color, s.show_banners, s.show_categories, s.show_facebook, s.show_featured_products, s.show_footer, s.show_hotline, s.show_latest_posts, s.show_nav_cart, s.show_nav_knowledge, s.show_nav_partners, s.show_nav_products, s.show_partners, s.show_telegram, s.show_tiktok, s.show_youtube, s.show_zalo, s.smtp_from_email, s.smtp_from_name, s.smtp_host, s.smtp_password, s.smtp_port, s.smtp_use_ssl, s.smtp_user, s.telegram, s.tiktok, s.updated_at, s.youtube, s.zalo
FROM site_settings AS s
ORDER BY s.id
LIMIT 1
2026-05-14 16:00:35.308 +07:00 [ERR] An exception occurred while iterating over the results of a query for context type 'AquaCMS.Data.AppDbContext'.
Npgsql.PostgresException (0x80004005): 42703: column s.HeroBackgroundImage does not exist

POSITION: 410
   at Npgsql.Internal.NpgsqlConnector.ReadMessageLong(Boolean async, DataRowLoadingMode dataRowLoadingMode, Boolean readingNotifications, Boolean isReadingPrependedMessage)
   at System.Runtime.CompilerServices.PoolingAsyncValueTaskMethodBuilder`1.StateMachineBox`1.System.Threading.Tasks.Sources.IValueTaskSource<TResult>.GetResult(Int16 token)
   at Npgsql.NpgsqlDataReader.NextResult(Boolean async, Boolean isConsuming, CancellationToken cancellationToken)
   at Npgsql.NpgsqlDataReader.NextResult(Boolean async, Boolean isConsuming, CancellationToken cancellationToken)
   at Npgsql.NpgsqlCommand.ExecuteReader(Boolean async, CommandBehavior behavior, CancellationToken cancellationToken)
   at Npgsql.NpgsqlCommand.ExecuteReader(Boolean async, CommandBehavior behavior, CancellationToken cancellationToken)
   at Npgsql.NpgsqlCommand.ExecuteDbDataReaderAsync(CommandBehavior behavior, CancellationToken cancellationToken)
   at Microsoft.EntityFrameworkCore.Storage.RelationalCommand.ExecuteReaderAsync(RelationalCommandParameterObject parameterObject, CancellationToken cancellationToken)
   at Microsoft.EntityFrameworkCore.Storage.RelationalCommand.ExecuteReaderAsync(RelationalCommandParameterObject parameterObject, CancellationToken cancellationToken)
   at Microsoft.EntityFrameworkCore.Query.Internal.SingleQueryingEnumerable`1.AsyncEnumerator.InitializeReaderAsync(AsyncEnumerator enumerator, CancellationToken cancellationToken)
   at Npgsql.EntityFrameworkCore.PostgreSQL.Storage.Internal.NpgsqlExecutionStrategy.ExecuteAsync[TState,TResult](TState state, Func`4 operation, Func`4 verifySucceeded, CancellationToken cancellationToken)
   at Microsoft.EntityFrameworkCore.Query.Internal.SingleQueryingEnumerable`1.AsyncEnumerator.MoveNextAsync()
  Exception data:
    Severity: ERROR
    SqlState: 42703
    MessageText: column s.HeroBackgroundImage does not exist
    Position: 410
    File: parse_relation.c
    Line: 3722
    Routine: errorMissingColumn
Npgsql.PostgresException (0x80004005): 42703: column s.HeroBackgroundImage does not exist

POSITION: 410
   at Npgsql.Internal.NpgsqlConnector.ReadMessageLong(Boolean async, DataRowLoadingMode dataRowLoadingMode, Boolean readingNotifications, Boolean isReadingPrependedMessage)
   at System.Runtime.CompilerServices.PoolingAsyncValueTaskMethodBuilder`1.StateMachineBox`1.System.Threading.Tasks.Sources.IValueTaskSource<TResult>.GetResult(Int16 token)
   at Npgsql.NpgsqlDataReader.NextResult(Boolean async, Boolean isConsuming, CancellationToken cancellationToken)
   at Npgsql.NpgsqlDataReader.NextResult(Boolean async, Boolean isConsuming, CancellationToken cancellationToken)
   at Npgsql.NpgsqlCommand.ExecuteReader(Boolean async, CommandBehavior behavior, CancellationToken cancellationToken)
   at Npgsql.NpgsqlCommand.ExecuteReader(Boolean async, CommandBehavior behavior, CancellationToken cancellationToken)
   at Npgsql.NpgsqlCommand.ExecuteDbDataReaderAsync(CommandBehavior behavior, CancellationToken cancellationToken)
   at Microsoft.EntityFrameworkCore.Storage.RelationalCommand.ExecuteReaderAsync(RelationalCommandParameterObject parameterObject, CancellationToken cancellationToken)
   at Microsoft.EntityFrameworkCore.Storage.RelationalCommand.ExecuteReaderAsync(RelationalCommandParameterObject parameterObject, CancellationToken cancellationToken)
   at Microsoft.EntityFrameworkCore.Query.Internal.SingleQueryingEnumerable`1.AsyncEnumerator.InitializeReaderAsync(AsyncEnumerator enumerator, CancellationToken cancellationToken)
   at Npgsql.EntityFrameworkCore.PostgreSQL.Storage.Internal.NpgsqlExecutionStrategy.ExecuteAsync[TState,TResult](TState state, Func`4 operation, Func`4 verifySucceeded, CancellationToken cancellationToken)
   at Microsoft.EntityFrameworkCore.Query.Internal.SingleQueryingEnumerable`1.AsyncEnumerator.MoveNextAsync()
  Exception data:
    Severity: ERROR
    SqlState: 42703
    MessageText: column s.HeroBackgroundImage does not exist
    Position: 410
    File: parse_relation.c
    Line: 3722
    Routine: errorMissingColumn
2026-05-14 16:00:35.327 +07:00 [ERR] An unhandled exception has occurred while executing the request.
Npgsql.PostgresException (0x80004005): 42703: column s.HeroBackgroundImage does not exist

POSITION: 410
   at Npgsql.Internal.NpgsqlConnector.ReadMessageLong(Boolean async, DataRowLoadingMode dataRowLoadingMode, Boolean readingNotifications, Boolean isReadingPrependedMessage)
   at System.Runtime.CompilerServices.PoolingAsyncValueTaskMethodBuilder`1.StateMachineBox`1.System.Threading.Tasks.Sources.IValueTaskSource<TResult>.GetResult(Int16 token)
   at Npgsql.NpgsqlDataReader.NextResult(Boolean async, Boolean isConsuming, CancellationToken cancellationToken)
   at Npgsql.NpgsqlDataReader.NextResult(Boolean async, Boolean isConsuming, CancellationToken cancellationToken)
   at Npgsql.NpgsqlCommand.ExecuteReader(Boolean async, CommandBehavior behavior, CancellationToken cancellationToken)
   at Npgsql.NpgsqlCommand.ExecuteReader(Boolean async, CommandBehavior behavior, CancellationToken cancellationToken)
   at Npgsql.NpgsqlCommand.ExecuteDbDataReaderAsync(CommandBehavior behavior, CancellationToken cancellationToken)
   at Microsoft.EntityFrameworkCore.Storage.RelationalCommand.ExecuteReaderAsync(RelationalCommandParameterObject parameterObject, CancellationToken cancellationToken)
   at Microsoft.EntityFrameworkCore.Storage.RelationalCommand.ExecuteReaderAsync(RelationalCommandParameterObject parameterObject, CancellationToken cancellationToken)
   at Microsoft.EntityFrameworkCore.Query.Internal.SingleQueryingEnumerable`1.AsyncEnumerator.InitializeReaderAsync(AsyncEnumerator enumerator, CancellationToken cancellationToken)
   at Npgsql.EntityFrameworkCore.PostgreSQL.Storage.Internal.NpgsqlExecutionStrategy.ExecuteAsync[TState,TResult](TState state, Func`4 operation, Func`4 verifySucceeded, CancellationToken cancellationToken)
   at Microsoft.EntityFrameworkCore.Query.Internal.SingleQueryingEnumerable`1.AsyncEnumerator.MoveNextAsync()
   at Microsoft.EntityFrameworkCore.Query.ShapedQueryCompilingExpressionVisitor.SingleOrDefaultAsync[TSource](IAsyncEnumerable`1 asyncEnumerable, CancellationToken cancellationToken)
   at Microsoft.EntityFrameworkCore.Query.ShapedQueryCompilingExpressionVisitor.SingleOrDefaultAsync[TSource](IAsyncEnumerable`1 asyncEnumerable, CancellationToken cancellationToken)
   at AquaCMS.Services.SettingsService.GetSettingsAsync() in E:\sourceCode\catalog\src\AquaCMS\Services\SettingsService.cs:line 36
   at AquaCMS.Controllers.HomeController.Index() in E:\sourceCode\catalog\src\AquaCMS\Controllers\HomeController.cs:line 38
   at Microsoft.AspNetCore.Mvc.Infrastructure.ActionMethodExecutor.TaskOfIActionResultExecutor.Execute(ActionContext actionContext, IActionResultTypeMapper mapper, ObjectMethodExecutor executor, Object controller, Object[] arguments)
   at Microsoft.AspNetCore.Mvc.Infrastructure.ControllerActionInvoker.<InvokeActionMethodAsync>g__Awaited|12_0(ControllerActionInvoker invoker, ValueTask`1 actionResultValueTask)
   at Microsoft.AspNetCore.Mvc.Infrastructure.ControllerActionInvoker.<InvokeNextActionFilterAsync>g__Awaited|10_0(ControllerActionInvoker invoker, Task lastTask, State next, Scope scope, Object state, Boolean isCompleted)
   at Microsoft.AspNetCore.Mvc.Infrastructure.ControllerActionInvoker.Rethrow(ActionExecutedContextSealed context)
   at Microsoft.AspNetCore.Mvc.Infrastructure.ControllerActionInvoker.Next(State& next, Scope& scope, Object& state, Boolean& isCompleted)
   at Microsoft.AspNetCore.Mvc.Infrastructure.ControllerActionInvoker.<InvokeInnerFilterAsync>g__Awaited|13_0(ControllerActionInvoker invoker, Task lastTask, State next, Scope scope, Object state, Boolean isCompleted)
   at Microsoft.AspNetCore.Mvc.Infrastructure.ResourceInvoker.<InvokeNextResourceFilter>g__Awaited|25_0(ResourceInvoker invoker, Task lastTask, State next, Scope scope, Object state, Boolean isCompleted)
   at Microsoft.AspNetCore.Mvc.Infrastructure.ResourceInvoker.Rethrow(ResourceExecutedContextSealed context)
   at Microsoft.AspNetCore.Mvc.Infrastructure.ResourceInvoker.Next(State& next, Scope& scope, Object& state, Boolean& isCompleted)
   at Microsoft.AspNetCore.Mvc.Infrastructure.ResourceInvoker.<InvokeFilterPipelineAsync>g__Awaited|20_0(ResourceInvoker invoker, Task lastTask, State next, Scope scope, Object state, Boolean isCompleted)
   at Microsoft.AspNetCore.Mvc.Infrastructure.ResourceInvoker.<InvokeAsync>g__Awaited|17_0(ResourceInvoker invoker, Task task, IDisposable scope)
   at Microsoft.AspNetCore.Mvc.Infrastructure.ResourceInvoker.<InvokeAsync>g__Awaited|17_0(ResourceInvoker invoker, Task task, IDisposable scope)
   at Microsoft.AspNetCore.Authorization.AuthorizationMiddleware.Invoke(HttpContext context)
   at Microsoft.AspNetCore.Authentication.AuthenticationMiddleware.Invoke(HttpContext context)
   at Microsoft.AspNetCore.Diagnostics.StatusCodePagesMiddleware.Invoke(HttpContext context)
   at AquaCMS.Modules.Core.Middleware.PageViewTrackingMiddleware.InvokeAsync(HttpContext ctx) in E:\sourceCode\catalog\src\AquaCMS\Modules\Core\Middleware\PageViewTrackingMiddleware.cs:line 43
   at Microsoft.AspNetCore.Diagnostics.DeveloperExceptionPageMiddlewareImpl.Invoke(HttpContext context)
  Exception data:
    Severity: ERROR
    SqlState: 42703
    MessageText: column s.HeroBackgroundImage does not exist
    Position: 410
    File: parse_relation.c
    Line: 3722
    Routine: errorMissingColumn
2026-05-14 16:00:35.368 +07:00 [ERR] HTTP GET / responded 500 in 1316.1323 ms
2026-05-14 16:00:36.982 +07:00 [ERR] Failed executing DbCommand (3ms) [Parameters=[], CommandType='"Text"', CommandTimeout='30']
SELECT s.id, s.about_content, s.about_image, s.about_title, s.address, s.background_color, s.bank_name, s.bank_number, s.bank_owner, s.chat_auto_reply_message, s.company_name, s.copyright_text, s.default_meta_description, s.default_meta_title, s.default_og_image, s.email, s.email_enabled, s.facebook, s.facebook_pixel_id, s.featured_products_count, s.footer_about_text, s.footer_text, s.google_analytics_id, s."HeroBackgroundImage", s.latest_posts_count, s.logo, s.notification_email, s.phone, s.primary_color, s.show_banners, s.show_categories, s.show_facebook, s.show_featured_products, s.show_footer, s.show_hotline, s.show_latest_posts, s.show_nav_cart, s.show_nav_knowledge, s.show_nav_partners, s.show_nav_products, s.show_partners, s.show_telegram, s.show_tiktok, s.show_youtube, s.show_zalo, s.smtp_from_email, s.smtp_from_name, s.smtp_host, s.smtp_password, s.smtp_port, s.smtp_use_ssl, s.smtp_user, s.telegram, s.tiktok, s.updated_at, s.youtube, s.zalo
FROM site_settings AS s
ORDER BY s.id
LIMIT 1
2026-05-14 16:00:36.988 +07:00 [ERR] An exception occurred while iterating over the results of a query for context type 'AquaCMS.Data.AppDbContext'.
Npgsql.PostgresException (0x80004005): 42703: column s.HeroBackgroundImage does not exist

POSITION: 410
   at Npgsql.Internal.NpgsqlConnector.ReadMessageLong(Boolean async, DataRowLoadingMode dataRowLoadingMode, Boolean readingNotifications, Boolean isReadingPrependedMessage)
   at System.Runtime.CompilerServices.PoolingAsyncValueTaskMethodBuilder`1.StateMachineBox`1.System.Threading.Tasks.Sources.IValueTaskSource<TResult>.GetResult(Int16 token)
   at Npgsql.NpgsqlDataReader.NextResult(Boolean async, Boolean isConsuming, CancellationToken cancellationToken)
   at Npgsql.NpgsqlDataReader.NextResult(Boolean async, Boolean isConsuming, CancellationToken cancellationToken)
   at Npgsql.NpgsqlCommand.ExecuteReader(Boolean async, CommandBehavior behavior, CancellationToken cancellationToken)
   at Npgsql.NpgsqlCommand.ExecuteReader(Boolean async, CommandBehavior behavior, CancellationToken cancellationToken)
   at Npgsql.NpgsqlCommand.ExecuteDbDataReaderAsync(CommandBehavior behavior, CancellationToken cancellationToken)
   at Microsoft.EntityFrameworkCore.Storage.RelationalCommand.ExecuteReaderAsync(RelationalCommandParameterObject parameterObject, CancellationToken cancellationToken)
   at Microsoft.EntityFrameworkCore.Storage.RelationalCommand.ExecuteReaderAsync(RelationalCommandParameterObject parameterObject, CancellationToken cancellationToken)
   at Microsoft.EntityFrameworkCore.Query.Internal.SingleQueryingEnumerable`1.AsyncEnumerator.InitializeReaderAsync(AsyncEnumerator enumerator, CancellationToken cancellationToken)
   at Npgsql.EntityFrameworkCore.PostgreSQL.Storage.Internal.NpgsqlExecutionStrategy.ExecuteAsync[TState,TResult](TState state, Func`4 operation, Func`4 verifySucceeded, CancellationToken cancellationToken)
   at Microsoft.EntityFrameworkCore.Query.Internal.SingleQueryingEnumerable`1.AsyncEnumerator.MoveNextAsync()
  Exception data:
    Severity: ERROR
    SqlState: 42703
    MessageText: column s.HeroBackgroundImage does not exist
    Position: 410
    File: parse_relation.c
    Line: 3722
    Routine: errorMissingColumn
Npgsql.PostgresException (0x80004005): 42703: column s.HeroBackgroundImage does not exist

POSITION: 410
   at Npgsql.Internal.NpgsqlConnector.ReadMessageLong(Boolean async, DataRowLoadingMode dataRowLoadingMode, Boolean readingNotifications, Boolean isReadingPrependedMessage)
   at System.Runtime.CompilerServices.PoolingAsyncValueTaskMethodBuilder`1.StateMachineBox`1.System.Threading.Tasks.Sources.IValueTaskSource<TResult>.GetResult(Int16 token)
   at Npgsql.NpgsqlDataReader.NextResult(Boolean async, Boolean isConsuming, CancellationToken cancellationToken)
   at Npgsql.NpgsqlDataReader.NextResult(Boolean async, Boolean isConsuming, CancellationToken cancellationToken)
   at Npgsql.NpgsqlCommand.ExecuteReader(Boolean async, CommandBehavior behavior, CancellationToken cancellationToken)
   at Npgsql.NpgsqlCommand.ExecuteReader(Boolean async, CommandBehavior behavior, CancellationToken cancellationToken)
   at Npgsql.NpgsqlCommand.ExecuteDbDataReaderAsync(CommandBehavior behavior, CancellationToken cancellationToken)
   at Microsoft.EntityFrameworkCore.Storage.RelationalCommand.ExecuteReaderAsync(RelationalCommandParameterObject parameterObject, CancellationToken cancellationToken)
   at Microsoft.EntityFrameworkCore.Storage.RelationalCommand.ExecuteReaderAsync(RelationalCommandParameterObject parameterObject, CancellationToken cancellationToken)
   at Microsoft.EntityFrameworkCore.Query.Internal.SingleQueryingEnumerable`1.AsyncEnumerator.InitializeReaderAsync(AsyncEnumerator enumerator, CancellationToken cancellationToken)
   at Npgsql.EntityFrameworkCore.PostgreSQL.Storage.Internal.NpgsqlExecutionStrategy.ExecuteAsync[TState,TResult](TState state, Func`4 operation, Func`4 verifySucceeded, CancellationToken cancellationToken)
   at Microsoft.EntityFrameworkCore.Query.Internal.SingleQueryingEnumerable`1.AsyncEnumerator.MoveNextAsync()
  Exception data:
    Severity: ERROR
    SqlState: 42703
    MessageText: column s.HeroBackgroundImage does not exist
    Position: 410
    File: parse_relation.c
    Line: 3722
    Routine: errorMissingColumn
2026-05-14 16:00:37.007 +07:00 [ERR] An unhandled exception has occurred while executing the request.
Npgsql.PostgresException (0x80004005): 42703: column s.HeroBackgroundImage does not exist

POSITION: 410
   at Npgsql.Internal.NpgsqlConnector.ReadMessageLong(Boolean async, DataRowLoadingMode dataRowLoadingMode, Boolean readingNotifications, Boolean isReadingPrependedMessage)
   at System.Runtime.CompilerServices.PoolingAsyncValueTaskMethodBuilder`1.StateMachineBox`1.System.Threading.Tasks.Sources.IValueTaskSource<TResult>.GetResult(Int16 token)
   at Npgsql.NpgsqlDataReader.NextResult(Boolean async, Boolean isConsuming, CancellationToken cancellationToken)
   at Npgsql.NpgsqlDataReader.NextResult(Boolean async, Boolean isConsuming, CancellationToken cancellationToken)
   at Npgsql.NpgsqlCommand.ExecuteReader(Boolean async, CommandBehavior behavior, CancellationToken cancellationToken)
   at Npgsql.NpgsqlCommand.ExecuteReader(Boolean async, CommandBehavior behavior, CancellationToken cancellationToken)
   at Npgsql.NpgsqlCommand.ExecuteDbDataReaderAsync(CommandBehavior behavior, CancellationToken cancellationToken)
   at Microsoft.EntityFrameworkCore.Storage.RelationalCommand.ExecuteReaderAsync(RelationalCommandParameterObject parameterObject, CancellationToken cancellationToken)
   at Microsoft.EntityFrameworkCore.Storage.RelationalCommand.ExecuteReaderAsync(RelationalCommandParameterObject parameterObject, CancellationToken cancellationToken)
   at Microsoft.EntityFrameworkCore.Query.Internal.SingleQueryingEnumerable`1.AsyncEnumerator.InitializeReaderAsync(AsyncEnumerator enumerator, CancellationToken cancellationToken)
   at Npgsql.EntityFrameworkCore.PostgreSQL.Storage.Internal.NpgsqlExecutionStrategy.ExecuteAsync[TState,TResult](TState state, Func`4 operation, Func`4 verifySucceeded, CancellationToken cancellationToken)
   at Microsoft.EntityFrameworkCore.Query.Internal.SingleQueryingEnumerable`1.AsyncEnumerator.MoveNextAsync()
   at Microsoft.EntityFrameworkCore.Query.ShapedQueryCompilingExpressionVisitor.SingleOrDefaultAsync[TSource](IAsyncEnumerable`1 asyncEnumerable, CancellationToken cancellationToken)
   at Microsoft.EntityFrameworkCore.Query.ShapedQueryCompilingExpressionVisitor.SingleOrDefaultAsync[TSource](IAsyncEnumerable`1 asyncEnumerable, CancellationToken cancellationToken)
   at AquaCMS.Services.SettingsService.GetSettingsAsync() in E:\sourceCode\catalog\src\AquaCMS\Services\SettingsService.cs:line 36
   at AspNetCoreGeneratedDocument.Areas_Admin_Views_Shared__AdminLayout.ExecuteAsync() in E:\sourceCode\catalog\src\AquaCMS\Areas\Admin\Views\Shared\_AdminLayout.cshtml:line 4
   at Microsoft.AspNetCore.Mvc.Razor.RazorView.RenderPageCoreAsync(IRazorPage page, ViewContext context)
   at Microsoft.AspNetCore.Mvc.Razor.RazorView.RenderPageAsync(IRazorPage page, ViewContext context, Boolean invokeViewStarts)
   at Microsoft.AspNetCore.Mvc.Razor.RazorView.RenderLayoutAsync(ViewContext context, ViewBufferTextWriter bodyWriter)
   at Microsoft.AspNetCore.Mvc.Razor.RazorView.RenderAsync(ViewContext context)
   at Microsoft.AspNetCore.Mvc.ViewFeatures.ViewExecutor.ExecuteAsync(ViewContext viewContext, String contentType, Nullable`1 statusCode)
   at Microsoft.AspNetCore.Mvc.ViewFeatures.ViewExecutor.ExecuteAsync(ViewContext viewContext, String contentType, Nullable`1 statusCode)
   at Microsoft.AspNetCore.Mvc.ViewFeatures.ViewExecutor.ExecuteAsync(ActionContext actionContext, IView view, ViewDataDictionary viewData, ITempDataDictionary tempData, String contentType, Nullable`1 statusCode)
   at Microsoft.AspNetCore.Mvc.ViewFeatures.ViewResultExecutor.ExecuteAsync(ActionContext context, ViewResult result)
   at Microsoft.AspNetCore.Mvc.ViewResult.ExecuteResultAsync(ActionContext context)
   at Microsoft.AspNetCore.Mvc.Infrastructure.ResourceInvoker.<InvokeNextResultFilterAsync>g__Awaited|30_0[TFilter,TFilterAsync](ResourceInvoker invoker, Task lastTask, State next, Scope scope, Object state, Boolean isCompleted)
   at Microsoft.AspNetCore.Mvc.Infrastructure.ResourceInvoker.Rethrow(ResultExecutedContextSealed context)
   at Microsoft.AspNetCore.Mvc.Infrastructure.ResourceInvoker.ResultNext[TFilter,TFilterAsync](State& next, Scope& scope, Object& state, Boolean& isCompleted)
   at Microsoft.AspNetCore.Mvc.Infrastructure.ResourceInvoker.<InvokeResultFilters>g__Awaited|28_0(ResourceInvoker invoker, Task lastTask, State next, Scope scope, Object state, Boolean isCompleted)
   at Microsoft.AspNetCore.Mvc.Infrastructure.ResourceInvoker.<InvokeNextResourceFilter>g__Awaited|25_0(ResourceInvoker invoker, Task lastTask, State next, Scope scope, Object state, Boolean isCompleted)
   at Microsoft.AspNetCore.Mvc.Infrastructure.ResourceInvoker.Rethrow(ResourceExecutedContextSealed context)
   at Microsoft.AspNetCore.Mvc.Infrastructure.ResourceInvoker.Next(State& next, Scope& scope, Object& state, Boolean& isCompleted)
   at Microsoft.AspNetCore.Mvc.Infrastructure.ResourceInvoker.<InvokeFilterPipelineAsync>g__Awaited|20_0(ResourceInvoker invoker, Task lastTask, State next, Scope scope, Object state, Boolean isCompleted)
   at Microsoft.AspNetCore.Mvc.Infrastructure.ResourceInvoker.<InvokeAsync>g__Awaited|17_0(ResourceInvoker invoker, Task task, IDisposable scope)
   at Microsoft.AspNetCore.Mvc.Infrastructure.ResourceInvoker.<InvokeAsync>g__Awaited|17_0(ResourceInvoker invoker, Task task, IDisposable scope)
   at Microsoft.AspNetCore.Authorization.AuthorizationMiddleware.Invoke(HttpContext context)
   at Microsoft.AspNetCore.Authentication.AuthenticationMiddleware.Invoke(HttpContext context)
   at Microsoft.AspNetCore.Diagnostics.StatusCodePagesMiddleware.Invoke(HttpContext context)
   at AquaCMS.Modules.Core.Middleware.PageViewTrackingMiddleware.InvokeAsync(HttpContext ctx) in E:\sourceCode\catalog\src\AquaCMS\Modules\Core\Middleware\PageViewTrackingMiddleware.cs:line 43
   at Microsoft.AspNetCore.Diagnostics.DeveloperExceptionPageMiddlewareImpl.Invoke(HttpContext context)
  Exception data:
    Severity: ERROR
    SqlState: 42703
    MessageText: column s.HeroBackgroundImage does not exist
    Position: 410
    File: parse_relation.c
    Line: 3722
    Routine: errorMissingColumn
2026-05-14 16:00:37.053 +07:00 [ERR] HTTP GET /admin/profile responded 500 in 354.0534 ms
2026-05-14 16:00:37.811 +07:00 [ERR] Failed executing DbCommand (2ms) [Parameters=[], CommandType='"Text"', CommandTimeout='30']
SELECT s.id, s.about_content, s.about_image, s.about_title, s.address, s.background_color, s.bank_name, s.bank_number, s.bank_owner, s.chat_auto_reply_message, s.company_name, s.copyright_text, s.default_meta_description, s.default_meta_title, s.default_og_image, s.email, s.email_enabled, s.facebook, s.facebook_pixel_id, s.featured_products_count, s.footer_about_text, s.footer_text, s.google_analytics_id, s."HeroBackgroundImage", s.latest_posts_count, s.logo, s.notification_email, s.phone, s.primary_color, s.show_banners, s.show_categories, s.show_facebook, s.show_featured_products, s.show_footer, s.show_hotline, s.show_latest_posts, s.show_nav_cart, s.show_nav_knowledge, s.show_nav_partners, s.show_nav_products, s.show_partners, s.show_telegram, s.show_tiktok, s.show_youtube, s.show_zalo, s.smtp_from_email, s.smtp_from_name, s.smtp_host, s.smtp_password, s.smtp_port, s.smtp_use_ssl, s.smtp_user, s.telegram, s.tiktok, s.updated_at, s.youtube, s.zalo
FROM site_settings AS s
ORDER BY s.id
LIMIT 1
2026-05-14 16:00:37.815 +07:00 [ERR] An exception occurred while iterating over the results of a query for context type 'AquaCMS.Data.AppDbContext'.
Npgsql.PostgresException (0x80004005): 42703: column s.HeroBackgroundImage does not exist

POSITION: 410
   at Npgsql.Internal.NpgsqlConnector.ReadMessageLong(Boolean async, DataRowLoadingMode dataRowLoadingMode, Boolean readingNotifications, Boolean isReadingPrependedMessage)
   at System.Runtime.CompilerServices.PoolingAsyncValueTaskMethodBuilder`1.StateMachineBox`1.System.Threading.Tasks.Sources.IValueTaskSource<TResult>.GetResult(Int16 token)
   at Npgsql.NpgsqlDataReader.NextResult(Boolean async, Boolean isConsuming, CancellationToken cancellationToken)
   at Npgsql.NpgsqlDataReader.NextResult(Boolean async, Boolean isConsuming, CancellationToken cancellationToken)
   at Npgsql.NpgsqlCommand.ExecuteReader(Boolean async, CommandBehavior behavior, CancellationToken cancellationToken)
   at Npgsql.NpgsqlCommand.ExecuteReader(Boolean async, CommandBehavior behavior, CancellationToken cancellationToken)
   at Npgsql.NpgsqlCommand.ExecuteDbDataReaderAsync(CommandBehavior behavior, CancellationToken cancellationToken)
   at Microsoft.EntityFrameworkCore.Storage.RelationalCommand.ExecuteReaderAsync(RelationalCommandParameterObject parameterObject, CancellationToken cancellationToken)
   at Microsoft.EntityFrameworkCore.Storage.RelationalCommand.ExecuteReaderAsync(RelationalCommandParameterObject parameterObject, CancellationToken cancellationToken)
   at Microsoft.EntityFrameworkCore.Query.Internal.SingleQueryingEnumerable`1.AsyncEnumerator.InitializeReaderAsync(AsyncEnumerator enumerator, CancellationToken cancellationToken)
   at Npgsql.EntityFrameworkCore.PostgreSQL.Storage.Internal.NpgsqlExecutionStrategy.ExecuteAsync[TState,TResult](TState state, Func`4 operation, Func`4 verifySucceeded, CancellationToken cancellationToken)
   at Microsoft.EntityFrameworkCore.Query.Internal.SingleQueryingEnumerable`1.AsyncEnumerator.MoveNextAsync()
  Exception data:
    Severity: ERROR
    SqlState: 42703
    MessageText: column s.HeroBackgroundImage does not exist
    Position: 410
    File: parse_relation.c
    Line: 3722
    Routine: errorMissingColumn
Npgsql.PostgresException (0x80004005): 42703: column s.HeroBackgroundImage does not exist

POSITION: 410
   at Npgsql.Internal.NpgsqlConnector.ReadMessageLong(Boolean async, DataRowLoadingMode dataRowLoadingMode, Boolean readingNotifications, Boolean isReadingPrependedMessage)
   at System.Runtime.CompilerServices.PoolingAsyncValueTaskMethodBuilder`1.StateMachineBox`1.System.Threading.Tasks.Sources.IValueTaskSource<TResult>.GetResult(Int16 token)
   at Npgsql.NpgsqlDataReader.NextResult(Boolean async, Boolean isConsuming, CancellationToken cancellationToken)
   at Npgsql.NpgsqlDataReader.NextResult(Boolean async, Boolean isConsuming, CancellationToken cancellationToken)
   at Npgsql.NpgsqlCommand.ExecuteReader(Boolean async, CommandBehavior behavior, CancellationToken cancellationToken)
   at Npgsql.NpgsqlCommand.ExecuteReader(Boolean async, CommandBehavior behavior, CancellationToken cancellationToken)
   at Npgsql.NpgsqlCommand.ExecuteDbDataReaderAsync(CommandBehavior behavior, CancellationToken cancellationToken)
   at Microsoft.EntityFrameworkCore.Storage.RelationalCommand.ExecuteReaderAsync(RelationalCommandParameterObject parameterObject, CancellationToken cancellationToken)
   at Microsoft.EntityFrameworkCore.Storage.RelationalCommand.ExecuteReaderAsync(RelationalCommandParameterObject parameterObject, CancellationToken cancellationToken)
   at Microsoft.EntityFrameworkCore.Query.Internal.SingleQueryingEnumerable`1.AsyncEnumerator.InitializeReaderAsync(AsyncEnumerator enumerator, CancellationToken cancellationToken)
   at Npgsql.EntityFrameworkCore.PostgreSQL.Storage.Internal.NpgsqlExecutionStrategy.ExecuteAsync[TState,TResult](TState state, Func`4 operation, Func`4 verifySucceeded, CancellationToken cancellationToken)
   at Microsoft.EntityFrameworkCore.Query.Internal.SingleQueryingEnumerable`1.AsyncEnumerator.MoveNextAsync()
  Exception data:
    Severity: ERROR
    SqlState: 42703
    MessageText: column s.HeroBackgroundImage does not exist
    Position: 410
    File: parse_relation.c
    Line: 3722
    Routine: errorMissingColumn
2026-05-14 16:00:37.825 +07:00 [ERR] An unhandled exception has occurred while executing the request.
Npgsql.PostgresException (0x80004005): 42703: column s.HeroBackgroundImage does not exist

POSITION: 410
   at Npgsql.Internal.NpgsqlConnector.ReadMessageLong(Boolean async, DataRowLoadingMode dataRowLoadingMode, Boolean readingNotifications, Boolean isReadingPrependedMessage)
   at System.Runtime.CompilerServices.PoolingAsyncValueTaskMethodBuilder`1.StateMachineBox`1.System.Threading.Tasks.Sources.IValueTaskSource<TResult>.GetResult(Int16 token)
   at Npgsql.NpgsqlDataReader.NextResult(Boolean async, Boolean isConsuming, CancellationToken cancellationToken)
   at Npgsql.NpgsqlDataReader.NextResult(Boolean async, Boolean isConsuming, CancellationToken cancellationToken)
   at Npgsql.NpgsqlCommand.ExecuteReader(Boolean async, CommandBehavior behavior, CancellationToken cancellationToken)
   at Npgsql.NpgsqlCommand.ExecuteReader(Boolean async, CommandBehavior behavior, CancellationToken cancellationToken)
   at Npgsql.NpgsqlCommand.ExecuteDbDataReaderAsync(CommandBehavior behavior, CancellationToken cancellationToken)
   at Microsoft.EntityFrameworkCore.Storage.RelationalCommand.ExecuteReaderAsync(RelationalCommandParameterObject parameterObject, CancellationToken cancellationToken)
   at Microsoft.EntityFrameworkCore.Storage.RelationalCommand.ExecuteReaderAsync(RelationalCommandParameterObject parameterObject, CancellationToken cancellationToken)
   at Microsoft.EntityFrameworkCore.Query.Internal.SingleQueryingEnumerable`1.AsyncEnumerator.InitializeReaderAsync(AsyncEnumerator enumerator, CancellationToken cancellationToken)
   at Npgsql.EntityFrameworkCore.PostgreSQL.Storage.Internal.NpgsqlExecutionStrategy.ExecuteAsync[TState,TResult](TState state, Func`4 operation, Func`4 verifySucceeded, CancellationToken cancellationToken)
   at Microsoft.EntityFrameworkCore.Query.Internal.SingleQueryingEnumerable`1.AsyncEnumerator.MoveNextAsync()
   at Microsoft.EntityFrameworkCore.Query.ShapedQueryCompilingExpressionVisitor.SingleOrDefaultAsync[TSource](IAsyncEnumerable`1 asyncEnumerable, CancellationToken cancellationToken)
   at Microsoft.EntityFrameworkCore.Query.ShapedQueryCompilingExpressionVisitor.SingleOrDefaultAsync[TSource](IAsyncEnumerable`1 asyncEnumerable, CancellationToken cancellationToken)
   at AquaCMS.Services.SettingsService.GetSettingsAsync() in E:\sourceCode\catalog\src\AquaCMS\Services\SettingsService.cs:line 36
   at AspNetCoreGeneratedDocument.Areas_Admin_Views_Shared__AdminLayout.ExecuteAsync() in E:\sourceCode\catalog\src\AquaCMS\Areas\Admin\Views\Shared\_AdminLayout.cshtml:line 4
   at Microsoft.AspNetCore.Mvc.Razor.RazorView.RenderPageCoreAsync(IRazorPage page, ViewContext context)
   at Microsoft.AspNetCore.Mvc.Razor.RazorView.RenderPageAsync(IRazorPage page, ViewContext context, Boolean invokeViewStarts)
   at Microsoft.AspNetCore.Mvc.Razor.RazorView.RenderLayoutAsync(ViewContext context, ViewBufferTextWriter bodyWriter)
   at Microsoft.AspNetCore.Mvc.Razor.RazorView.RenderAsync(ViewContext context)
   at Microsoft.AspNetCore.Mvc.ViewFeatures.ViewExecutor.ExecuteAsync(ViewContext viewContext, String contentType, Nullable`1 statusCode)
   at Microsoft.AspNetCore.Mvc.ViewFeatures.ViewExecutor.ExecuteAsync(ViewContext viewContext, String contentType, Nullable`1 statusCode)
   at Microsoft.AspNetCore.Mvc.ViewFeatures.ViewExecutor.ExecuteAsync(ActionContext actionContext, IView view, ViewDataDictionary viewData, ITempDataDictionary tempData, String contentType, Nullable`1 statusCode)
   at Microsoft.AspNetCore.Mvc.ViewFeatures.ViewResultExecutor.ExecuteAsync(ActionContext context, ViewResult result)
   at Microsoft.AspNetCore.Mvc.ViewResult.ExecuteResultAsync(ActionContext context)
   at Microsoft.AspNetCore.Mvc.Infrastructure.ResourceInvoker.<InvokeNextResultFilterAsync>g__Awaited|30_0[TFilter,TFilterAsync](ResourceInvoker invoker, Task lastTask, State next, Scope scope, Object state, Boolean isCompleted)
   at Microsoft.AspNetCore.Mvc.Infrastructure.ResourceInvoker.Rethrow(ResultExecutedContextSealed context)
   at Microsoft.AspNetCore.Mvc.Infrastructure.ResourceInvoker.ResultNext[TFilter,TFilterAsync](State& next, Scope& scope, Object& state, Boolean& isCompleted)
   at Microsoft.AspNetCore.Mvc.Infrastructure.ResourceInvoker.<InvokeResultFilters>g__Awaited|28_0(ResourceInvoker invoker, Task lastTask, State next, Scope scope, Object state, Boolean isCompleted)
   at Microsoft.AspNetCore.Mvc.Infrastructure.ResourceInvoker.<InvokeNextResourceFilter>g__Awaited|25_0(ResourceInvoker invoker, Task lastTask, State next, Scope scope, Object state, Boolean isCompleted)
   at Microsoft.AspNetCore.Mvc.Infrastructure.ResourceInvoker.Rethrow(ResourceExecutedContextSealed context)
   at Microsoft.AspNetCore.Mvc.Infrastructure.ResourceInvoker.Next(State& next, Scope& scope, Object& state, Boolean& isCompleted)
   at Microsoft.AspNetCore.Mvc.Infrastructure.ResourceInvoker.<InvokeFilterPipelineAsync>g__Awaited|20_0(ResourceInvoker invoker, Task lastTask, State next, Scope scope, Object state, Boolean isCompleted)
   at Microsoft.AspNetCore.Mvc.Infrastructure.ResourceInvoker.<InvokeAsync>g__Awaited|17_0(ResourceInvoker invoker, Task task, IDisposable scope)
   at Microsoft.AspNetCore.Mvc.Infrastructure.ResourceInvoker.<InvokeAsync>g__Awaited|17_0(ResourceInvoker invoker, Task task, IDisposable scope)
   at Microsoft.AspNetCore.Authorization.AuthorizationMiddleware.Invoke(HttpContext context)
   at Microsoft.AspNetCore.Authentication.AuthenticationMiddleware.Invoke(HttpContext context)
   at Microsoft.AspNetCore.Diagnostics.StatusCodePagesMiddleware.Invoke(HttpContext context)
   at AquaCMS.Modules.Core.Middleware.PageViewTrackingMiddleware.InvokeAsync(HttpContext ctx) in E:\sourceCode\catalog\src\AquaCMS\Modules\Core\Middleware\PageViewTrackingMiddleware.cs:line 43
   at Microsoft.AspNetCore.Diagnostics.DeveloperExceptionPageMiddlewareImpl.Invoke(HttpContext context)
  Exception data:
    Severity: ERROR
    SqlState: 42703
    MessageText: column s.HeroBackgroundImage does not exist
    Position: 410
    File: parse_relation.c
    Line: 3722
    Routine: errorMissingColumn
2026-05-14 16:00:37.848 +07:00 [ERR] HTTP GET /admin/profile responded 500 in 71.2058 ms
2026-05-14 16:00:38.351 +07:00 [ERR] Failed executing DbCommand (2ms) [Parameters=[], CommandType='"Text"', CommandTimeout='30']
SELECT s.id, s.about_content, s.about_image, s.about_title, s.address, s.background_color, s.bank_name, s.bank_number, s.bank_owner, s.chat_auto_reply_message, s.company_name, s.copyright_text, s.default_meta_description, s.default_meta_title, s.default_og_image, s.email, s.email_enabled, s.facebook, s.facebook_pixel_id, s.featured_products_count, s.footer_about_text, s.footer_text, s.google_analytics_id, s."HeroBackgroundImage", s.latest_posts_count, s.logo, s.notification_email, s.phone, s.primary_color, s.show_banners, s.show_categories, s.show_facebook, s.show_featured_products, s.show_footer, s.show_hotline, s.show_latest_posts, s.show_nav_cart, s.show_nav_knowledge, s.show_nav_partners, s.show_nav_products, s.show_partners, s.show_telegram, s.show_tiktok, s.show_youtube, s.show_zalo, s.smtp_from_email, s.smtp_from_name, s.smtp_host, s.smtp_password, s.smtp_port, s.smtp_use_ssl, s.smtp_user, s.telegram, s.tiktok, s.updated_at, s.youtube, s.zalo
FROM site_settings AS s
ORDER BY s.id
LIMIT 1
2026-05-14 16:00:38.355 +07:00 [ERR] An exception occurred while iterating over the results of a query for context type 'AquaCMS.Data.AppDbContext'.
Npgsql.PostgresException (0x80004005): 42703: column s.HeroBackgroundImage does not exist

POSITION: 410
   at Npgsql.Internal.NpgsqlConnector.ReadMessageLong(Boolean async, DataRowLoadingMode dataRowLoadingMode, Boolean readingNotifications, Boolean isReadingPrependedMessage)
   at System.Runtime.CompilerServices.PoolingAsyncValueTaskMethodBuilder`1.StateMachineBox`1.System.Threading.Tasks.Sources.IValueTaskSource<TResult>.GetResult(Int16 token)
   at Npgsql.NpgsqlDataReader.NextResult(Boolean async, Boolean isConsuming, CancellationToken cancellationToken)
   at Npgsql.NpgsqlDataReader.NextResult(Boolean async, Boolean isConsuming, CancellationToken cancellationToken)
   at Npgsql.NpgsqlCommand.ExecuteReader(Boolean async, CommandBehavior behavior, CancellationToken cancellationToken)
   at Npgsql.NpgsqlCommand.ExecuteReader(Boolean async, CommandBehavior behavior, CancellationToken cancellationToken)
   at Npgsql.NpgsqlCommand.ExecuteDbDataReaderAsync(CommandBehavior behavior, CancellationToken cancellationToken)
   at Microsoft.EntityFrameworkCore.Storage.RelationalCommand.ExecuteReaderAsync(RelationalCommandParameterObject parameterObject, CancellationToken cancellationToken)
   at Microsoft.EntityFrameworkCore.Storage.RelationalCommand.ExecuteReaderAsync(RelationalCommandParameterObject parameterObject, CancellationToken cancellationToken)
   at Microsoft.EntityFrameworkCore.Query.Internal.SingleQueryingEnumerable`1.AsyncEnumerator.InitializeReaderAsync(AsyncEnumerator enumerator, CancellationToken cancellationToken)
   at Npgsql.EntityFrameworkCore.PostgreSQL.Storage.Internal.NpgsqlExecutionStrategy.ExecuteAsync[TState,TResult](TState state, Func`4 operation, Func`4 verifySucceeded, CancellationToken cancellationToken)
   at Microsoft.EntityFrameworkCore.Query.Internal.SingleQueryingEnumerable`1.AsyncEnumerator.MoveNextAsync()
  Exception data:
    Severity: ERROR
    SqlState: 42703
    MessageText: column s.HeroBackgroundImage does not exist
    Position: 410
    File: parse_relation.c
    Line: 3722
    Routine: errorMissingColumn
Npgsql.PostgresException (0x80004005): 42703: column s.HeroBackgroundImage does not exist

POSITION: 410
   at Npgsql.Internal.NpgsqlConnector.ReadMessageLong(Boolean async, DataRowLoadingMode dataRowLoadingMode, Boolean readingNotifications, Boolean isReadingPrependedMessage)
   at System.Runtime.CompilerServices.PoolingAsyncValueTaskMethodBuilder`1.StateMachineBox`1.System.Threading.Tasks.Sources.IValueTaskSource<TResult>.GetResult(Int16 token)
   at Npgsql.NpgsqlDataReader.NextResult(Boolean async, Boolean isConsuming, CancellationToken cancellationToken)
   at Npgsql.NpgsqlDataReader.NextResult(Boolean async, Boolean isConsuming, CancellationToken cancellationToken)
   at Npgsql.NpgsqlCommand.ExecuteReader(Boolean async, CommandBehavior behavior, CancellationToken cancellationToken)
   at Npgsql.NpgsqlCommand.ExecuteReader(Boolean async, CommandBehavior behavior, CancellationToken cancellationToken)
   at Npgsql.NpgsqlCommand.ExecuteDbDataReaderAsync(CommandBehavior behavior, CancellationToken cancellationToken)
   at Microsoft.EntityFrameworkCore.Storage.RelationalCommand.ExecuteReaderAsync(RelationalCommandParameterObject parameterObject, CancellationToken cancellationToken)
   at Microsoft.EntityFrameworkCore.Storage.RelationalCommand.ExecuteReaderAsync(RelationalCommandParameterObject parameterObject, CancellationToken cancellationToken)
   at Microsoft.EntityFrameworkCore.Query.Internal.SingleQueryingEnumerable`1.AsyncEnumerator.InitializeReaderAsync(AsyncEnumerator enumerator, CancellationToken cancellationToken)
   at Npgsql.EntityFrameworkCore.PostgreSQL.Storage.Internal.NpgsqlExecutionStrategy.ExecuteAsync[TState,TResult](TState state, Func`4 operation, Func`4 verifySucceeded, CancellationToken cancellationToken)
   at Microsoft.EntityFrameworkCore.Query.Internal.SingleQueryingEnumerable`1.AsyncEnumerator.MoveNextAsync()
  Exception data:
    Severity: ERROR
    SqlState: 42703
    MessageText: column s.HeroBackgroundImage does not exist
    Position: 410
    File: parse_relation.c
    Line: 3722
    Routine: errorMissingColumn
2026-05-14 16:00:38.364 +07:00 [ERR] An unhandled exception has occurred while executing the request.
Npgsql.PostgresException (0x80004005): 42703: column s.HeroBackgroundImage does not exist

POSITION: 410
   at Npgsql.Internal.NpgsqlConnector.ReadMessageLong(Boolean async, DataRowLoadingMode dataRowLoadingMode, Boolean readingNotifications, Boolean isReadingPrependedMessage)
   at System.Runtime.CompilerServices.PoolingAsyncValueTaskMethodBuilder`1.StateMachineBox`1.System.Threading.Tasks.Sources.IValueTaskSource<TResult>.GetResult(Int16 token)
   at Npgsql.NpgsqlDataReader.NextResult(Boolean async, Boolean isConsuming, CancellationToken cancellationToken)
   at Npgsql.NpgsqlDataReader.NextResult(Boolean async, Boolean isConsuming, CancellationToken cancellationToken)
   at Npgsql.NpgsqlCommand.ExecuteReader(Boolean async, CommandBehavior behavior, CancellationToken cancellationToken)
   at Npgsql.NpgsqlCommand.ExecuteReader(Boolean async, CommandBehavior behavior, CancellationToken cancellationToken)
   at Npgsql.NpgsqlCommand.ExecuteDbDataReaderAsync(CommandBehavior behavior, CancellationToken cancellationToken)
   at Microsoft.EntityFrameworkCore.Storage.RelationalCommand.ExecuteReaderAsync(RelationalCommandParameterObject parameterObject, CancellationToken cancellationToken)
   at Microsoft.EntityFrameworkCore.Storage.RelationalCommand.ExecuteReaderAsync(RelationalCommandParameterObject parameterObject, CancellationToken cancellationToken)
   at Microsoft.EntityFrameworkCore.Query.Internal.SingleQueryingEnumerable`1.AsyncEnumerator.InitializeReaderAsync(AsyncEnumerator enumerator, CancellationToken cancellationToken)
   at Npgsql.EntityFrameworkCore.PostgreSQL.Storage.Internal.NpgsqlExecutionStrategy.ExecuteAsync[TState,TResult](TState state, Func`4 operation, Func`4 verifySucceeded, CancellationToken cancellationToken)
   at Microsoft.EntityFrameworkCore.Query.Internal.SingleQueryingEnumerable`1.AsyncEnumerator.MoveNextAsync()
   at Microsoft.EntityFrameworkCore.Query.ShapedQueryCompilingExpressionVisitor.SingleOrDefaultAsync[TSource](IAsyncEnumerable`1 asyncEnumerable, CancellationToken cancellationToken)
   at Microsoft.EntityFrameworkCore.Query.ShapedQueryCompilingExpressionVisitor.SingleOrDefaultAsync[TSource](IAsyncEnumerable`1 asyncEnumerable, CancellationToken cancellationToken)
   at AquaCMS.Services.SettingsService.GetSettingsAsync() in E:\sourceCode\catalog\src\AquaCMS\Services\SettingsService.cs:line 36
   at AspNetCoreGeneratedDocument.Areas_Admin_Views_Shared__AdminLayout.ExecuteAsync() in E:\sourceCode\catalog\src\AquaCMS\Areas\Admin\Views\Shared\_AdminLayout.cshtml:line 4
   at Microsoft.AspNetCore.Mvc.Razor.RazorView.RenderPageCoreAsync(IRazorPage page, ViewContext context)
   at Microsoft.AspNetCore.Mvc.Razor.RazorView.RenderPageAsync(IRazorPage page, ViewContext context, Boolean invokeViewStarts)
   at Microsoft.AspNetCore.Mvc.Razor.RazorView.RenderLayoutAsync(ViewContext context, ViewBufferTextWriter bodyWriter)
   at Microsoft.AspNetCore.Mvc.Razor.RazorView.RenderAsync(ViewContext context)
   at Microsoft.AspNetCore.Mvc.ViewFeatures.ViewExecutor.ExecuteAsync(ViewContext viewContext, String contentType, Nullable`1 statusCode)
   at Microsoft.AspNetCore.Mvc.ViewFeatures.ViewExecutor.ExecuteAsync(ViewContext viewContext, String contentType, Nullable`1 statusCode)
   at Microsoft.AspNetCore.Mvc.ViewFeatures.ViewExecutor.ExecuteAsync(ActionContext actionContext, IView view, ViewDataDictionary viewData, ITempDataDictionary tempData, String contentType, Nullable`1 statusCode)
   at Microsoft.AspNetCore.Mvc.ViewFeatures.ViewResultExecutor.ExecuteAsync(ActionContext context, ViewResult result)
   at Microsoft.AspNetCore.Mvc.ViewResult.ExecuteResultAsync(ActionContext context)
   at Microsoft.AspNetCore.Mvc.Infrastructure.ResourceInvoker.<InvokeNextResultFilterAsync>g__Awaited|30_0[TFilter,TFilterAsync](ResourceInvoker invoker, Task lastTask, State next, Scope scope, Object state, Boolean isCompleted)
   at Microsoft.AspNetCore.Mvc.Infrastructure.ResourceInvoker.Rethrow(ResultExecutedContextSealed context)
   at Microsoft.AspNetCore.Mvc.Infrastructure.ResourceInvoker.ResultNext[TFilter,TFilterAsync](State& next, Scope& scope, Object& state, Boolean& isCompleted)
   at Microsoft.AspNetCore.Mvc.Infrastructure.ResourceInvoker.<InvokeResultFilters>g__Awaited|28_0(ResourceInvoker invoker, Task lastTask, State next, Scope scope, Object state, Boolean isCompleted)
   at Microsoft.AspNetCore.Mvc.Infrastructure.ResourceInvoker.<InvokeNextResourceFilter>g__Awaited|25_0(ResourceInvoker invoker, Task lastTask, State next, Scope scope, Object state, Boolean isCompleted)
   at Microsoft.AspNetCore.Mvc.Infrastructure.ResourceInvoker.Rethrow(ResourceExecutedContextSealed context)
   at Microsoft.AspNetCore.Mvc.Infrastructure.ResourceInvoker.Next(State& next, Scope& scope, Object& state, Boolean& isCompleted)
   at Microsoft.AspNetCore.Mvc.Infrastructure.ResourceInvoker.<InvokeFilterPipelineAsync>g__Awaited|20_0(ResourceInvoker invoker, Task lastTask, State next, Scope scope, Object state, Boolean isCompleted)
   at Microsoft.AspNetCore.Mvc.Infrastructure.ResourceInvoker.<InvokeAsync>g__Awaited|17_0(ResourceInvoker invoker, Task task, IDisposable scope)
   at Microsoft.AspNetCore.Mvc.Infrastructure.ResourceInvoker.<InvokeAsync>g__Awaited|17_0(ResourceInvoker invoker, Task task, IDisposable scope)
   at Microsoft.AspNetCore.Authorization.AuthorizationMiddleware.Invoke(HttpContext context)
   at Microsoft.AspNetCore.Authentication.AuthenticationMiddleware.Invoke(HttpContext context)
   at Microsoft.AspNetCore.Diagnostics.StatusCodePagesMiddleware.Invoke(HttpContext context)
   at AquaCMS.Modules.Core.Middleware.PageViewTrackingMiddleware.InvokeAsync(HttpContext ctx) in E:\sourceCode\catalog\src\AquaCMS\Modules\Core\Middleware\PageViewTrackingMiddleware.cs:line 43
   at Microsoft.AspNetCore.Diagnostics.DeveloperExceptionPageMiddlewareImpl.Invoke(HttpContext context)
  Exception data:
    Severity: ERROR
    SqlState: 42703
    MessageText: column s.HeroBackgroundImage does not exist
    Position: 410
    File: parse_relation.c
    Line: 3722
    Routine: errorMissingColumn
2026-05-14 16:00:38.387 +07:00 [ERR] HTTP GET /admin/profile responded 500 in 44.3230 ms
2026-05-14 16:00:38.522 +07:00 [ERR] Failed executing DbCommand (2ms) [Parameters=[], CommandType='"Text"', CommandTimeout='30']
SELECT s.id, s.about_content, s.about_image, s.about_title, s.address, s.background_color, s.bank_name, s.bank_number, s.bank_owner, s.chat_auto_reply_message, s.company_name, s.copyright_text, s.default_meta_description, s.default_meta_title, s.default_og_image, s.email, s.email_enabled, s.facebook, s.facebook_pixel_id, s.featured_products_count, s.footer_about_text, s.footer_text, s.google_analytics_id, s."HeroBackgroundImage", s.latest_posts_count, s.logo, s.notification_email, s.phone, s.primary_color, s.show_banners, s.show_categories, s.show_facebook, s.show_featured_products, s.show_footer, s.show_hotline, s.show_latest_posts, s.show_nav_cart, s.show_nav_knowledge, s.show_nav_partners, s.show_nav_products, s.show_partners, s.show_telegram, s.show_tiktok, s.show_youtube, s.show_zalo, s.smtp_from_email, s.smtp_from_name, s.smtp_host, s.smtp_password, s.smtp_port, s.smtp_use_ssl, s.smtp_user, s.telegram, s.tiktok, s.updated_at, s.youtube, s.zalo
FROM site_settings AS s
ORDER BY s.id
LIMIT 1
2026-05-14 16:00:38.526 +07:00 [ERR] An exception occurred while iterating over the results of a query for context type 'AquaCMS.Data.AppDbContext'.
Npgsql.PostgresException (0x80004005): 42703: column s.HeroBackgroundImage does not exist

POSITION: 410
   at Npgsql.Internal.NpgsqlConnector.ReadMessageLong(Boolean async, DataRowLoadingMode dataRowLoadingMode, Boolean readingNotifications, Boolean isReadingPrependedMessage)
   at System.Runtime.CompilerServices.PoolingAsyncValueTaskMethodBuilder`1.StateMachineBox`1.System.Threading.Tasks.Sources.IValueTaskSource<TResult>.GetResult(Int16 token)
   at Npgsql.NpgsqlDataReader.NextResult(Boolean async, Boolean isConsuming, CancellationToken cancellationToken)
   at Npgsql.NpgsqlDataReader.NextResult(Boolean async, Boolean isConsuming, CancellationToken cancellationToken)
   at Npgsql.NpgsqlCommand.ExecuteReader(Boolean async, CommandBehavior behavior, CancellationToken cancellationToken)
   at Npgsql.NpgsqlCommand.ExecuteReader(Boolean async, CommandBehavior behavior, CancellationToken cancellationToken)
   at Npgsql.NpgsqlCommand.ExecuteDbDataReaderAsync(CommandBehavior behavior, CancellationToken cancellationToken)
   at Microsoft.EntityFrameworkCore.Storage.RelationalCommand.ExecuteReaderAsync(RelationalCommandParameterObject parameterObject, CancellationToken cancellationToken)
   at Microsoft.EntityFrameworkCore.Storage.RelationalCommand.ExecuteReaderAsync(RelationalCommandParameterObject parameterObject, CancellationToken cancellationToken)
   at Microsoft.EntityFrameworkCore.Query.Internal.SingleQueryingEnumerable`1.AsyncEnumerator.InitializeReaderAsync(AsyncEnumerator enumerator, CancellationToken cancellationToken)
   at Npgsql.EntityFrameworkCore.PostgreSQL.Storage.Internal.NpgsqlExecutionStrategy.ExecuteAsync[TState,TResult](TState state, Func`4 operation, Func`4 verifySucceeded, CancellationToken cancellationToken)
   at Microsoft.EntityFrameworkCore.Query.Internal.SingleQueryingEnumerable`1.AsyncEnumerator.MoveNextAsync()
  Exception data:
    Severity: ERROR
    SqlState: 42703
    MessageText: column s.HeroBackgroundImage does not exist
    Position: 410
    File: parse_relation.c
    Line: 3722
    Routine: errorMissingColumn
Npgsql.PostgresException (0x80004005): 42703: column s.HeroBackgroundImage does not exist

POSITION: 410
   at Npgsql.Internal.NpgsqlConnector.ReadMessageLong(Boolean async, DataRowLoadingMode dataRowLoadingMode, Boolean readingNotifications, Boolean isReadingPrependedMessage)
   at System.Runtime.CompilerServices.PoolingAsyncValueTaskMethodBuilder`1.StateMachineBox`1.System.Threading.Tasks.Sources.IValueTaskSource<TResult>.GetResult(Int16 token)
   at Npgsql.NpgsqlDataReader.NextResult(Boolean async, Boolean isConsuming, CancellationToken cancellationToken)
   at Npgsql.NpgsqlDataReader.NextResult(Boolean async, Boolean isConsuming, CancellationToken cancellationToken)
   at Npgsql.NpgsqlCommand.ExecuteReader(Boolean async, CommandBehavior behavior, CancellationToken cancellationToken)
   at Npgsql.NpgsqlCommand.ExecuteReader(Boolean async, CommandBehavior behavior, CancellationToken cancellationToken)
   at Npgsql.NpgsqlCommand.ExecuteDbDataReaderAsync(CommandBehavior behavior, CancellationToken cancellationToken)
   at Microsoft.EntityFrameworkCore.Storage.RelationalCommand.ExecuteReaderAsync(RelationalCommandParameterObject parameterObject, CancellationToken cancellationToken)
   at Microsoft.EntityFrameworkCore.Storage.RelationalCommand.ExecuteReaderAsync(RelationalCommandParameterObject parameterObject, CancellationToken cancellationToken)
   at Microsoft.EntityFrameworkCore.Query.Internal.SingleQueryingEnumerable`1.AsyncEnumerator.InitializeReaderAsync(AsyncEnumerator enumerator, CancellationToken cancellationToken)
   at Npgsql.EntityFrameworkCore.PostgreSQL.Storage.Internal.NpgsqlExecutionStrategy.ExecuteAsync[TState,TResult](TState state, Func`4 operation, Func`4 verifySucceeded, CancellationToken cancellationToken)
   at Microsoft.EntityFrameworkCore.Query.Internal.SingleQueryingEnumerable`1.AsyncEnumerator.MoveNextAsync()
  Exception data:
    Severity: ERROR
    SqlState: 42703
    MessageText: column s.HeroBackgroundImage does not exist
    Position: 410
    File: parse_relation.c
    Line: 3722
    Routine: errorMissingColumn
2026-05-14 16:00:38.536 +07:00 [ERR] An unhandled exception has occurred while executing the request.
Npgsql.PostgresException (0x80004005): 42703: column s.HeroBackgroundImage does not exist

POSITION: 410
   at Npgsql.Internal.NpgsqlConnector.ReadMessageLong(Boolean async, DataRowLoadingMode dataRowLoadingMode, Boolean readingNotifications, Boolean isReadingPrependedMessage)
   at System.Runtime.CompilerServices.PoolingAsyncValueTaskMethodBuilder`1.StateMachineBox`1.System.Threading.Tasks.Sources.IValueTaskSource<TResult>.GetResult(Int16 token)
   at Npgsql.NpgsqlDataReader.NextResult(Boolean async, Boolean isConsuming, CancellationToken cancellationToken)
   at Npgsql.NpgsqlDataReader.NextResult(Boolean async, Boolean isConsuming, CancellationToken cancellationToken)
   at Npgsql.NpgsqlCommand.ExecuteReader(Boolean async, CommandBehavior behavior, CancellationToken cancellationToken)
   at Npgsql.NpgsqlCommand.ExecuteReader(Boolean async, CommandBehavior behavior, CancellationToken cancellationToken)
   at Npgsql.NpgsqlCommand.ExecuteDbDataReaderAsync(CommandBehavior behavior, CancellationToken cancellationToken)
   at Microsoft.EntityFrameworkCore.Storage.RelationalCommand.ExecuteReaderAsync(RelationalCommandParameterObject parameterObject, CancellationToken cancellationToken)
   at Microsoft.EntityFrameworkCore.Storage.RelationalCommand.ExecuteReaderAsync(RelationalCommandParameterObject parameterObject, CancellationToken cancellationToken)
   at Microsoft.EntityFrameworkCore.Query.Internal.SingleQueryingEnumerable`1.AsyncEnumerator.InitializeReaderAsync(AsyncEnumerator enumerator, CancellationToken cancellationToken)
   at Npgsql.EntityFrameworkCore.PostgreSQL.Storage.Internal.NpgsqlExecutionStrategy.ExecuteAsync[TState,TResult](TState state, Func`4 operation, Func`4 verifySucceeded, CancellationToken cancellationToken)
   at Microsoft.EntityFrameworkCore.Query.Internal.SingleQueryingEnumerable`1.AsyncEnumerator.MoveNextAsync()
   at Microsoft.EntityFrameworkCore.Query.ShapedQueryCompilingExpressionVisitor.SingleOrDefaultAsync[TSource](IAsyncEnumerable`1 asyncEnumerable, CancellationToken cancellationToken)
   at Microsoft.EntityFrameworkCore.Query.ShapedQueryCompilingExpressionVisitor.SingleOrDefaultAsync[TSource](IAsyncEnumerable`1 asyncEnumerable, CancellationToken cancellationToken)
   at AquaCMS.Services.SettingsService.GetSettingsAsync() in E:\sourceCode\catalog\src\AquaCMS\Services\SettingsService.cs:line 36
   at AspNetCoreGeneratedDocument.Areas_Admin_Views_Shared__AdminLayout.ExecuteAsync() in E:\sourceCode\catalog\src\AquaCMS\Areas\Admin\Views\Shared\_AdminLayout.cshtml:line 4
   at Microsoft.AspNetCore.Mvc.Razor.RazorView.RenderPageCoreAsync(IRazorPage page, ViewContext context)
   at Microsoft.AspNetCore.Mvc.Razor.RazorView.RenderPageAsync(IRazorPage page, ViewContext context, Boolean invokeViewStarts)
   at Microsoft.AspNetCore.Mvc.Razor.RazorView.RenderLayoutAsync(ViewContext context, ViewBufferTextWriter bodyWriter)
   at Microsoft.AspNetCore.Mvc.Razor.RazorView.RenderAsync(ViewContext context)
   at Microsoft.AspNetCore.Mvc.ViewFeatures.ViewExecutor.ExecuteAsync(ViewContext viewContext, String contentType, Nullable`1 statusCode)
   at Microsoft.AspNetCore.Mvc.ViewFeatures.ViewExecutor.ExecuteAsync(ViewContext viewContext, String contentType, Nullable`1 statusCode)
   at Microsoft.AspNetCore.Mvc.ViewFeatures.ViewExecutor.ExecuteAsync(ActionContext actionContext, IView view, ViewDataDictionary viewData, ITempDataDictionary tempData, String contentType, Nullable`1 statusCode)
   at Microsoft.AspNetCore.Mvc.ViewFeatures.ViewResultExecutor.ExecuteAsync(ActionContext context, ViewResult result)
   at Microsoft.AspNetCore.Mvc.ViewResult.ExecuteResultAsync(ActionContext context)
   at Microsoft.AspNetCore.Mvc.Infrastructure.ResourceInvoker.<InvokeNextResultFilterAsync>g__Awaited|30_0[TFilter,TFilterAsync](ResourceInvoker invoker, Task lastTask, State next, Scope scope, Object state, Boolean isCompleted)
   at Microsoft.AspNetCore.Mvc.Infrastructure.ResourceInvoker.Rethrow(ResultExecutedContextSealed context)
   at Microsoft.AspNetCore.Mvc.Infrastructure.ResourceInvoker.ResultNext[TFilter,TFilterAsync](State& next, Scope& scope, Object& state, Boolean& isCompleted)
   at Microsoft.AspNetCore.Mvc.Infrastructure.ResourceInvoker.<InvokeResultFilters>g__Awaited|28_0(ResourceInvoker invoker, Task lastTask, State next, Scope scope, Object state, Boolean isCompleted)
   at Microsoft.AspNetCore.Mvc.Infrastructure.ResourceInvoker.<InvokeNextResourceFilter>g__Awaited|25_0(ResourceInvoker invoker, Task lastTask, State next, Scope scope, Object state, Boolean isCompleted)
   at Microsoft.AspNetCore.Mvc.Infrastructure.ResourceInvoker.Rethrow(ResourceExecutedContextSealed context)
   at Microsoft.AspNetCore.Mvc.Infrastructure.ResourceInvoker.Next(State& next, Scope& scope, Object& state, Boolean& isCompleted)
   at Microsoft.AspNetCore.Mvc.Infrastructure.ResourceInvoker.<InvokeFilterPipelineAsync>g__Awaited|20_0(ResourceInvoker invoker, Task lastTask, State next, Scope scope, Object state, Boolean isCompleted)
   at Microsoft.AspNetCore.Mvc.Infrastructure.ResourceInvoker.<InvokeAsync>g__Awaited|17_0(ResourceInvoker invoker, Task task, IDisposable scope)
   at Microsoft.AspNetCore.Mvc.Infrastructure.ResourceInvoker.<InvokeAsync>g__Awaited|17_0(ResourceInvoker invoker, Task task, IDisposable scope)
   at Microsoft.AspNetCore.Authorization.AuthorizationMiddleware.Invoke(HttpContext context)
   at Microsoft.AspNetCore.Authentication.AuthenticationMiddleware.Invoke(HttpContext context)
   at Microsoft.AspNetCore.Diagnostics.StatusCodePagesMiddleware.Invoke(HttpContext context)
   at AquaCMS.Modules.Core.Middleware.PageViewTrackingMiddleware.InvokeAsync(HttpContext ctx) in E:\sourceCode\catalog\src\AquaCMS\Modules\Core\Middleware\PageViewTrackingMiddleware.cs:line 43
   at Microsoft.AspNetCore.Diagnostics.DeveloperExceptionPageMiddlewareImpl.Invoke(HttpContext context)
  Exception data:
    Severity: ERROR
    SqlState: 42703
    MessageText: column s.HeroBackgroundImage does not exist
    Position: 410
    File: parse_relation.c
    Line: 3722
    Routine: errorMissingColumn
2026-05-14 16:00:38.560 +07:00 [ERR] HTTP GET /admin/profile responded 500 in 43.6746 ms
2026-05-14 16:00:38.666 +07:00 [ERR] Failed executing DbCommand (2ms) [Parameters=[], CommandType='"Text"', CommandTimeout='30']
SELECT s.id, s.about_content, s.about_image, s.about_title, s.address, s.background_color, s.bank_name, s.bank_number, s.bank_owner, s.chat_auto_reply_message, s.company_name, s.copyright_text, s.default_meta_description, s.default_meta_title, s.default_og_image, s.email, s.email_enabled, s.facebook, s.facebook_pixel_id, s.featured_products_count, s.footer_about_text, s.footer_text, s.google_analytics_id, s."HeroBackgroundImage", s.latest_posts_count, s.logo, s.notification_email, s.phone, s.primary_color, s.show_banners, s.show_categories, s.show_facebook, s.show_featured_products, s.show_footer, s.show_hotline, s.show_latest_posts, s.show_nav_cart, s.show_nav_knowledge, s.show_nav_partners, s.show_nav_products, s.show_partners, s.show_telegram, s.show_tiktok, s.show_youtube, s.show_zalo, s.smtp_from_email, s.smtp_from_name, s.smtp_host, s.smtp_password, s.smtp_port, s.smtp_use_ssl, s.smtp_user, s.telegram, s.tiktok, s.updated_at, s.youtube, s.zalo
FROM site_settings AS s
ORDER BY s.id
LIMIT 1
2026-05-14 16:00:38.671 +07:00 [ERR] An exception occurred while iterating over the results of a query for context type 'AquaCMS.Data.AppDbContext'.
Npgsql.PostgresException (0x80004005): 42703: column s.HeroBackgroundImage does not exist

POSITION: 410
   at Npgsql.Internal.NpgsqlConnector.ReadMessageLong(Boolean async, DataRowLoadingMode dataRowLoadingMode, Boolean readingNotifications, Boolean isReadingPrependedMessage)
   at System.Runtime.CompilerServices.PoolingAsyncValueTaskMethodBuilder`1.StateMachineBox`1.System.Threading.Tasks.Sources.IValueTaskSource<TResult>.GetResult(Int16 token)
   at Npgsql.NpgsqlDataReader.NextResult(Boolean async, Boolean isConsuming, CancellationToken cancellationToken)
   at Npgsql.NpgsqlDataReader.NextResult(Boolean async, Boolean isConsuming, CancellationToken cancellationToken)
   at Npgsql.NpgsqlCommand.ExecuteReader(Boolean async, CommandBehavior behavior, CancellationToken cancellationToken)
   at Npgsql.NpgsqlCommand.ExecuteReader(Boolean async, CommandBehavior behavior, CancellationToken cancellationToken)
   at Npgsql.NpgsqlCommand.ExecuteDbDataReaderAsync(CommandBehavior behavior, CancellationToken cancellationToken)
   at Microsoft.EntityFrameworkCore.Storage.RelationalCommand.ExecuteReaderAsync(RelationalCommandParameterObject parameterObject, CancellationToken cancellationToken)
   at Microsoft.EntityFrameworkCore.Storage.RelationalCommand.ExecuteReaderAsync(RelationalCommandParameterObject parameterObject, CancellationToken cancellationToken)
   at Microsoft.EntityFrameworkCore.Query.Internal.SingleQueryingEnumerable`1.AsyncEnumerator.InitializeReaderAsync(AsyncEnumerator enumerator, CancellationToken cancellationToken)
   at Npgsql.EntityFrameworkCore.PostgreSQL.Storage.Internal.NpgsqlExecutionStrategy.ExecuteAsync[TState,TResult](TState state, Func`4 operation, Func`4 verifySucceeded, CancellationToken cancellationToken)
   at Microsoft.EntityFrameworkCore.Query.Internal.SingleQueryingEnumerable`1.AsyncEnumerator.MoveNextAsync()
  Exception data:
    Severity: ERROR
    SqlState: 42703
    MessageText: column s.HeroBackgroundImage does not exist
    Position: 410
    File: parse_relation.c
    Line: 3722
    Routine: errorMissingColumn
Npgsql.PostgresException (0x80004005): 42703: column s.HeroBackgroundImage does not exist

POSITION: 410
   at Npgsql.Internal.NpgsqlConnector.ReadMessageLong(Boolean async, DataRowLoadingMode dataRowLoadingMode, Boolean readingNotifications, Boolean isReadingPrependedMessage)
   at System.Runtime.CompilerServices.PoolingAsyncValueTaskMethodBuilder`1.StateMachineBox`1.System.Threading.Tasks.Sources.IValueTaskSource<TResult>.GetResult(Int16 token)
   at Npgsql.NpgsqlDataReader.NextResult(Boolean async, Boolean isConsuming, CancellationToken cancellationToken)
   at Npgsql.NpgsqlDataReader.NextResult(Boolean async, Boolean isConsuming, CancellationToken cancellationToken)
   at Npgsql.NpgsqlCommand.ExecuteReader(Boolean async, CommandBehavior behavior, CancellationToken cancellationToken)
   at Npgsql.NpgsqlCommand.ExecuteReader(Boolean async, CommandBehavior behavior, CancellationToken cancellationToken)
   at Npgsql.NpgsqlCommand.ExecuteDbDataReaderAsync(CommandBehavior behavior, CancellationToken cancellationToken)
   at Microsoft.EntityFrameworkCore.Storage.RelationalCommand.ExecuteReaderAsync(RelationalCommandParameterObject parameterObject, CancellationToken cancellationToken)
   at Microsoft.EntityFrameworkCore.Storage.RelationalCommand.ExecuteReaderAsync(RelationalCommandParameterObject parameterObject, CancellationToken cancellationToken)
   at Microsoft.EntityFrameworkCore.Query.Internal.SingleQueryingEnumerable`1.AsyncEnumerator.InitializeReaderAsync(AsyncEnumerator enumerator, CancellationToken cancellationToken)
   at Npgsql.EntityFrameworkCore.PostgreSQL.Storage.Internal.NpgsqlExecutionStrategy.ExecuteAsync[TState,TResult](TState state, Func`4 operation, Func`4 verifySucceeded, CancellationToken cancellationToken)
   at Microsoft.EntityFrameworkCore.Query.Internal.SingleQueryingEnumerable`1.AsyncEnumerator.MoveNextAsync()
  Exception data:
    Severity: ERROR
    SqlState: 42703
    MessageText: column s.HeroBackgroundImage does not exist
    Position: 410
    File: parse_relation.c
    Line: 3722
    Routine: errorMissingColumn
2026-05-14 16:00:38.683 +07:00 [ERR] An unhandled exception has occurred while executing the request.
Npgsql.PostgresException (0x80004005): 42703: column s.HeroBackgroundImage does not exist

POSITION: 410
   at Npgsql.Internal.NpgsqlConnector.ReadMessageLong(Boolean async, DataRowLoadingMode dataRowLoadingMode, Boolean readingNotifications, Boolean isReadingPrependedMessage)
   at System.Runtime.CompilerServices.PoolingAsyncValueTaskMethodBuilder`1.StateMachineBox`1.System.Threading.Tasks.Sources.IValueTaskSource<TResult>.GetResult(Int16 token)
   at Npgsql.NpgsqlDataReader.NextResult(Boolean async, Boolean isConsuming, CancellationToken cancellationToken)
   at Npgsql.NpgsqlDataReader.NextResult(Boolean async, Boolean isConsuming, CancellationToken cancellationToken)
   at Npgsql.NpgsqlCommand.ExecuteReader(Boolean async, CommandBehavior behavior, CancellationToken cancellationToken)
   at Npgsql.NpgsqlCommand.ExecuteReader(Boolean async, CommandBehavior behavior, CancellationToken cancellationToken)
   at Npgsql.NpgsqlCommand.ExecuteDbDataReaderAsync(CommandBehavior behavior, CancellationToken cancellationToken)
   at Microsoft.EntityFrameworkCore.Storage.RelationalCommand.ExecuteReaderAsync(RelationalCommandParameterObject parameterObject, CancellationToken cancellationToken)
   at Microsoft.EntityFrameworkCore.Storage.RelationalCommand.ExecuteReaderAsync(RelationalCommandParameterObject parameterObject, CancellationToken cancellationToken)
   at Microsoft.EntityFrameworkCore.Query.Internal.SingleQueryingEnumerable`1.AsyncEnumerator.InitializeReaderAsync(AsyncEnumerator enumerator, CancellationToken cancellationToken)
   at Npgsql.EntityFrameworkCore.PostgreSQL.Storage.Internal.NpgsqlExecutionStrategy.ExecuteAsync[TState,TResult](TState state, Func`4 operation, Func`4 verifySucceeded, CancellationToken cancellationToken)
   at Microsoft.EntityFrameworkCore.Query.Internal.SingleQueryingEnumerable`1.AsyncEnumerator.MoveNextAsync()
   at Microsoft.EntityFrameworkCore.Query.ShapedQueryCompilingExpressionVisitor.SingleOrDefaultAsync[TSource](IAsyncEnumerable`1 asyncEnumerable, CancellationToken cancellationToken)
   at Microsoft.EntityFrameworkCore.Query.ShapedQueryCompilingExpressionVisitor.SingleOrDefaultAsync[TSource](IAsyncEnumerable`1 asyncEnumerable, CancellationToken cancellationToken)
   at AquaCMS.Services.SettingsService.GetSettingsAsync() in E:\sourceCode\catalog\src\AquaCMS\Services\SettingsService.cs:line 36
   at AspNetCoreGeneratedDocument.Areas_Admin_Views_Shared__AdminLayout.ExecuteAsync() in E:\sourceCode\catalog\src\AquaCMS\Areas\Admin\Views\Shared\_AdminLayout.cshtml:line 4
   at Microsoft.AspNetCore.Mvc.Razor.RazorView.RenderPageCoreAsync(IRazorPage page, ViewContext context)
   at Microsoft.AspNetCore.Mvc.Razor.RazorView.RenderPageAsync(IRazorPage page, ViewContext context, Boolean invokeViewStarts)
   at Microsoft.AspNetCore.Mvc.Razor.RazorView.RenderLayoutAsync(ViewContext context, ViewBufferTextWriter bodyWriter)
   at Microsoft.AspNetCore.Mvc.Razor.RazorView.RenderAsync(ViewContext context)
   at Microsoft.AspNetCore.Mvc.ViewFeatures.ViewExecutor.ExecuteAsync(ViewContext viewContext, String contentType, Nullable`1 statusCode)
   at Microsoft.AspNetCore.Mvc.ViewFeatures.ViewExecutor.ExecuteAsync(ViewContext viewContext, String contentType, Nullable`1 statusCode)
   at Microsoft.AspNetCore.Mvc.ViewFeatures.ViewExecutor.ExecuteAsync(ActionContext actionContext, IView view, ViewDataDictionary viewData, ITempDataDictionary tempData, String contentType, Nullable`1 statusCode)
   at Microsoft.AspNetCore.Mvc.ViewFeatures.ViewResultExecutor.ExecuteAsync(ActionContext context, ViewResult result)
   at Microsoft.AspNetCore.Mvc.ViewResult.ExecuteResultAsync(ActionContext context)
   at Microsoft.AspNetCore.Mvc.Infrastructure.ResourceInvoker.<InvokeNextResultFilterAsync>g__Awaited|30_0[TFilter,TFilterAsync](ResourceInvoker invoker, Task lastTask, State next, Scope scope, Object state, Boolean isCompleted)
   at Microsoft.AspNetCore.Mvc.Infrastructure.ResourceInvoker.Rethrow(ResultExecutedContextSealed context)
   at Microsoft.AspNetCore.Mvc.Infrastructure.ResourceInvoker.ResultNext[TFilter,TFilterAsync](State& next, Scope& scope, Object& state, Boolean& isCompleted)
   at Microsoft.AspNetCore.Mvc.Infrastructure.ResourceInvoker.<InvokeResultFilters>g__Awaited|28_0(ResourceInvoker invoker, Task lastTask, State next, Scope scope, Object state, Boolean isCompleted)
   at Microsoft.AspNetCore.Mvc.Infrastructure.ResourceInvoker.<InvokeNextResourceFilter>g__Awaited|25_0(ResourceInvoker invoker, Task lastTask, State next, Scope scope, Object state, Boolean isCompleted)
   at Microsoft.AspNetCore.Mvc.Infrastructure.ResourceInvoker.Rethrow(ResourceExecutedContextSealed context)
   at Microsoft.AspNetCore.Mvc.Infrastructure.ResourceInvoker.Next(State& next, Scope& scope, Object& state, Boolean& isCompleted)
   at Microsoft.AspNetCore.Mvc.Infrastructure.ResourceInvoker.<InvokeFilterPipelineAsync>g__Awaited|20_0(ResourceInvoker invoker, Task lastTask, State next, Scope scope, Object state, Boolean isCompleted)
   at Microsoft.AspNetCore.Mvc.Infrastructure.ResourceInvoker.<InvokeAsync>g__Awaited|17_0(ResourceInvoker invoker, Task task, IDisposable scope)
   at Microsoft.AspNetCore.Mvc.Infrastructure.ResourceInvoker.<InvokeAsync>g__Awaited|17_0(ResourceInvoker invoker, Task task, IDisposable scope)
   at Microsoft.AspNetCore.Authorization.AuthorizationMiddleware.Invoke(HttpContext context)
   at Microsoft.AspNetCore.Authentication.AuthenticationMiddleware.Invoke(HttpContext context)
   at Microsoft.AspNetCore.Diagnostics.StatusCodePagesMiddleware.Invoke(HttpContext context)
   at AquaCMS.Modules.Core.Middleware.PageViewTrackingMiddleware.InvokeAsync(HttpContext ctx) in E:\sourceCode\catalog\src\AquaCMS\Modules\Core\Middleware\PageViewTrackingMiddleware.cs:line 43
   at Microsoft.AspNetCore.Diagnostics.DeveloperExceptionPageMiddlewareImpl.Invoke(HttpContext context)
  Exception data:
    Severity: ERROR
    SqlState: 42703
    MessageText: column s.HeroBackgroundImage does not exist
    Position: 410
    File: parse_relation.c
    Line: 3722
    Routine: errorMissingColumn
2026-05-14 16:00:38.707 +07:00 [ERR] HTTP GET /admin/profile responded 500 in 47.0884 ms
2026-05-14 16:00:38.828 +07:00 [ERR] Failed executing DbCommand (2ms) [Parameters=[], CommandType='"Text"', CommandTimeout='30']
SELECT s.id, s.about_content, s.about_image, s.about_title, s.address, s.background_color, s.bank_name, s.bank_number, s.bank_owner, s.chat_auto_reply_message, s.company_name, s.copyright_text, s.default_meta_description, s.default_meta_title, s.default_og_image, s.email, s.email_enabled, s.facebook, s.facebook_pixel_id, s.featured_products_count, s.footer_about_text, s.footer_text, s.google_analytics_id, s."HeroBackgroundImage", s.latest_posts_count, s.logo, s.notification_email, s.phone, s.primary_color, s.show_banners, s.show_categories, s.show_facebook, s.show_featured_products, s.show_footer, s.show_hotline, s.show_latest_posts, s.show_nav_cart, s.show_nav_knowledge, s.show_nav_partners, s.show_nav_products, s.show_partners, s.show_telegram, s.show_tiktok, s.show_youtube, s.show_zalo, s.smtp_from_email, s.smtp_from_name, s.smtp_host, s.smtp_password, s.smtp_port, s.smtp_use_ssl, s.smtp_user, s.telegram, s.tiktok, s.updated_at, s.youtube, s.zalo
FROM site_settings AS s
ORDER BY s.id
LIMIT 1
2026-05-14 16:00:38.832 +07:00 [ERR] An exception occurred while iterating over the results of a query for context type 'AquaCMS.Data.AppDbContext'.
Npgsql.PostgresException (0x80004005): 42703: column s.HeroBackgroundImage does not exist

POSITION: 410
   at Npgsql.Internal.NpgsqlConnector.ReadMessageLong(Boolean async, DataRowLoadingMode dataRowLoadingMode, Boolean readingNotifications, Boolean isReadingPrependedMessage)
   at System.Runtime.CompilerServices.PoolingAsyncValueTaskMethodBuilder`1.StateMachineBox`1.System.Threading.Tasks.Sources.IValueTaskSource<TResult>.GetResult(Int16 token)
   at Npgsql.NpgsqlDataReader.NextResult(Boolean async, Boolean isConsuming, CancellationToken cancellationToken)
   at Npgsql.NpgsqlDataReader.NextResult(Boolean async, Boolean isConsuming, CancellationToken cancellationToken)
   at Npgsql.NpgsqlCommand.ExecuteReader(Boolean async, CommandBehavior behavior, CancellationToken cancellationToken)
   at Npgsql.NpgsqlCommand.ExecuteReader(Boolean async, CommandBehavior behavior, CancellationToken cancellationToken)
   at Npgsql.NpgsqlCommand.ExecuteDbDataReaderAsync(CommandBehavior behavior, CancellationToken cancellationToken)
   at Microsoft.EntityFrameworkCore.Storage.RelationalCommand.ExecuteReaderAsync(RelationalCommandParameterObject parameterObject, CancellationToken cancellationToken)
   at Microsoft.EntityFrameworkCore.Storage.RelationalCommand.ExecuteReaderAsync(RelationalCommandParameterObject parameterObject, CancellationToken cancellationToken)
   at Microsoft.EntityFrameworkCore.Query.Internal.SingleQueryingEnumerable`1.AsyncEnumerator.InitializeReaderAsync(AsyncEnumerator enumerator, CancellationToken cancellationToken)
   at Npgsql.EntityFrameworkCore.PostgreSQL.Storage.Internal.NpgsqlExecutionStrategy.ExecuteAsync[TState,TResult](TState state, Func`4 operation, Func`4 verifySucceeded, CancellationToken cancellationToken)
   at Microsoft.EntityFrameworkCore.Query.Internal.SingleQueryingEnumerable`1.AsyncEnumerator.MoveNextAsync()
  Exception data:
    Severity: ERROR
    SqlState: 42703
    MessageText: column s.HeroBackgroundImage does not exist
    Position: 410
    File: parse_relation.c
    Line: 3722
    Routine: errorMissingColumn
Npgsql.PostgresException (0x80004005): 42703: column s.HeroBackgroundImage does not exist

POSITION: 410
   at Npgsql.Internal.NpgsqlConnector.ReadMessageLong(Boolean async, DataRowLoadingMode dataRowLoadingMode, Boolean readingNotifications, Boolean isReadingPrependedMessage)
   at System.Runtime.CompilerServices.PoolingAsyncValueTaskMethodBuilder`1.StateMachineBox`1.System.Threading.Tasks.Sources.IValueTaskSource<TResult>.GetResult(Int16 token)
   at Npgsql.NpgsqlDataReader.NextResult(Boolean async, Boolean isConsuming, CancellationToken cancellationToken)
   at Npgsql.NpgsqlDataReader.NextResult(Boolean async, Boolean isConsuming, CancellationToken cancellationToken)
   at Npgsql.NpgsqlCommand.ExecuteReader(Boolean async, CommandBehavior behavior, CancellationToken cancellationToken)
   at Npgsql.NpgsqlCommand.ExecuteReader(Boolean async, CommandBehavior behavior, CancellationToken cancellationToken)
   at Npgsql.NpgsqlCommand.ExecuteDbDataReaderAsync(CommandBehavior behavior, CancellationToken cancellationToken)
   at Microsoft.EntityFrameworkCore.Storage.RelationalCommand.ExecuteReaderAsync(RelationalCommandParameterObject parameterObject, CancellationToken cancellationToken)
   at Microsoft.EntityFrameworkCore.Storage.RelationalCommand.ExecuteReaderAsync(RelationalCommandParameterObject parameterObject, CancellationToken cancellationToken)
   at Microsoft.EntityFrameworkCore.Query.Internal.SingleQueryingEnumerable`1.AsyncEnumerator.InitializeReaderAsync(AsyncEnumerator enumerator, CancellationToken cancellationToken)
   at Npgsql.EntityFrameworkCore.PostgreSQL.Storage.Internal.NpgsqlExecutionStrategy.ExecuteAsync[TState,TResult](TState state, Func`4 operation, Func`4 verifySucceeded, CancellationToken cancellationToken)
   at Microsoft.EntityFrameworkCore.Query.Internal.SingleQueryingEnumerable`1.AsyncEnumerator.MoveNextAsync()
  Exception data:
    Severity: ERROR
    SqlState: 42703
    MessageText: column s.HeroBackgroundImage does not exist
    Position: 410
    File: parse_relation.c
    Line: 3722
    Routine: errorMissingColumn
2026-05-14 16:00:38.841 +07:00 [ERR] An unhandled exception has occurred while executing the request.
Npgsql.PostgresException (0x80004005): 42703: column s.HeroBackgroundImage does not exist

POSITION: 410
   at Npgsql.Internal.NpgsqlConnector.ReadMessageLong(Boolean async, DataRowLoadingMode dataRowLoadingMode, Boolean readingNotifications, Boolean isReadingPrependedMessage)
   at System.Runtime.CompilerServices.PoolingAsyncValueTaskMethodBuilder`1.StateMachineBox`1.System.Threading.Tasks.Sources.IValueTaskSource<TResult>.GetResult(Int16 token)
   at Npgsql.NpgsqlDataReader.NextResult(Boolean async, Boolean isConsuming, CancellationToken cancellationToken)
   at Npgsql.NpgsqlDataReader.NextResult(Boolean async, Boolean isConsuming, CancellationToken cancellationToken)
   at Npgsql.NpgsqlCommand.ExecuteReader(Boolean async, CommandBehavior behavior, CancellationToken cancellationToken)
   at Npgsql.NpgsqlCommand.ExecuteReader(Boolean async, CommandBehavior behavior, CancellationToken cancellationToken)
   at Npgsql.NpgsqlCommand.ExecuteDbDataReaderAsync(CommandBehavior behavior, CancellationToken cancellationToken)
   at Microsoft.EntityFrameworkCore.Storage.RelationalCommand.ExecuteReaderAsync(RelationalCommandParameterObject parameterObject, CancellationToken cancellationToken)
   at Microsoft.EntityFrameworkCore.Storage.RelationalCommand.ExecuteReaderAsync(RelationalCommandParameterObject parameterObject, CancellationToken cancellationToken)
   at Microsoft.EntityFrameworkCore.Query.Internal.SingleQueryingEnumerable`1.AsyncEnumerator.InitializeReaderAsync(AsyncEnumerator enumerator, CancellationToken cancellationToken)
   at Npgsql.EntityFrameworkCore.PostgreSQL.Storage.Internal.NpgsqlExecutionStrategy.ExecuteAsync[TState,TResult](TState state, Func`4 operation, Func`4 verifySucceeded, CancellationToken cancellationToken)
   at Microsoft.EntityFrameworkCore.Query.Internal.SingleQueryingEnumerable`1.AsyncEnumerator.MoveNextAsync()
   at Microsoft.EntityFrameworkCore.Query.ShapedQueryCompilingExpressionVisitor.SingleOrDefaultAsync[TSource](IAsyncEnumerable`1 asyncEnumerable, CancellationToken cancellationToken)
   at Microsoft.EntityFrameworkCore.Query.ShapedQueryCompilingExpressionVisitor.SingleOrDefaultAsync[TSource](IAsyncEnumerable`1 asyncEnumerable, CancellationToken cancellationToken)
   at AquaCMS.Services.SettingsService.GetSettingsAsync() in E:\sourceCode\catalog\src\AquaCMS\Services\SettingsService.cs:line 36
   at AspNetCoreGeneratedDocument.Areas_Admin_Views_Shared__AdminLayout.ExecuteAsync() in E:\sourceCode\catalog\src\AquaCMS\Areas\Admin\Views\Shared\_AdminLayout.cshtml:line 4
   at Microsoft.AspNetCore.Mvc.Razor.RazorView.RenderPageCoreAsync(IRazorPage page, ViewContext context)
   at Microsoft.AspNetCore.Mvc.Razor.RazorView.RenderPageAsync(IRazorPage page, ViewContext context, Boolean invokeViewStarts)
   at Microsoft.AspNetCore.Mvc.Razor.RazorView.RenderLayoutAsync(ViewContext context, ViewBufferTextWriter bodyWriter)
   at Microsoft.AspNetCore.Mvc.Razor.RazorView.RenderAsync(ViewContext context)
   at Microsoft.AspNetCore.Mvc.ViewFeatures.ViewExecutor.ExecuteAsync(ViewContext viewContext, String contentType, Nullable`1 statusCode)
   at Microsoft.AspNetCore.Mvc.ViewFeatures.ViewExecutor.ExecuteAsync(ViewContext viewContext, String contentType, Nullable`1 statusCode)
   at Microsoft.AspNetCore.Mvc.ViewFeatures.ViewExecutor.ExecuteAsync(ActionContext actionContext, IView view, ViewDataDictionary viewData, ITempDataDictionary tempData, String contentType, Nullable`1 statusCode)
   at Microsoft.AspNetCore.Mvc.ViewFeatures.ViewResultExecutor.ExecuteAsync(ActionContext context, ViewResult result)
   at Microsoft.AspNetCore.Mvc.ViewResult.ExecuteResultAsync(ActionContext context)
   at Microsoft.AspNetCore.Mvc.Infrastructure.ResourceInvoker.<InvokeNextResultFilterAsync>g__Awaited|30_0[TFilter,TFilterAsync](ResourceInvoker invoker, Task lastTask, State next, Scope scope, Object state, Boolean isCompleted)
   at Microsoft.AspNetCore.Mvc.Infrastructure.ResourceInvoker.Rethrow(ResultExecutedContextSealed context)
   at Microsoft.AspNetCore.Mvc.Infrastructure.ResourceInvoker.ResultNext[TFilter,TFilterAsync](State& next, Scope& scope, Object& state, Boolean& isCompleted)
   at Microsoft.AspNetCore.Mvc.Infrastructure.ResourceInvoker.<InvokeResultFilters>g__Awaited|28_0(ResourceInvoker invoker, Task lastTask, State next, Scope scope, Object state, Boolean isCompleted)
   at Microsoft.AspNetCore.Mvc.Infrastructure.ResourceInvoker.<InvokeNextResourceFilter>g__Awaited|25_0(ResourceInvoker invoker, Task lastTask, State next, Scope scope, Object state, Boolean isCompleted)
   at Microsoft.AspNetCore.Mvc.Infrastructure.ResourceInvoker.Rethrow(ResourceExecutedContextSealed context)
   at Microsoft.AspNetCore.Mvc.Infrastructure.ResourceInvoker.Next(State& next, Scope& scope, Object& state, Boolean& isCompleted)
   at Microsoft.AspNetCore.Mvc.Infrastructure.ResourceInvoker.<InvokeFilterPipelineAsync>g__Awaited|20_0(ResourceInvoker invoker, Task lastTask, State next, Scope scope, Object state, Boolean isCompleted)
   at Microsoft.AspNetCore.Mvc.Infrastructure.ResourceInvoker.<InvokeAsync>g__Awaited|17_0(ResourceInvoker invoker, Task task, IDisposable scope)
   at Microsoft.AspNetCore.Mvc.Infrastructure.ResourceInvoker.<InvokeAsync>g__Awaited|17_0(ResourceInvoker invoker, Task task, IDisposable scope)
   at Microsoft.AspNetCore.Authorization.AuthorizationMiddleware.Invoke(HttpContext context)
   at Microsoft.AspNetCore.Authentication.AuthenticationMiddleware.Invoke(HttpContext context)
   at Microsoft.AspNetCore.Diagnostics.StatusCodePagesMiddleware.Invoke(HttpContext context)
   at AquaCMS.Modules.Core.Middleware.PageViewTrackingMiddleware.InvokeAsync(HttpContext ctx) in E:\sourceCode\catalog\src\AquaCMS\Modules\Core\Middleware\PageViewTrackingMiddleware.cs:line 43
   at Microsoft.AspNetCore.Diagnostics.DeveloperExceptionPageMiddlewareImpl.Invoke(HttpContext context)
  Exception data:
    Severity: ERROR
    SqlState: 42703
    MessageText: column s.HeroBackgroundImage does not exist
    Position: 410
    File: parse_relation.c
    Line: 3722
    Routine: errorMissingColumn
2026-05-14 16:00:38.867 +07:00 [ERR] HTTP GET /admin/profile responded 500 in 44.1511 ms
2026-05-14 16:00:38.982 +07:00 [ERR] Failed executing DbCommand (2ms) [Parameters=[], CommandType='"Text"', CommandTimeout='30']
SELECT s.id, s.about_content, s.about_image, s.about_title, s.address, s.background_color, s.bank_name, s.bank_number, s.bank_owner, s.chat_auto_reply_message, s.company_name, s.copyright_text, s.default_meta_description, s.default_meta_title, s.default_og_image, s.email, s.email_enabled, s.facebook, s.facebook_pixel_id, s.featured_products_count, s.footer_about_text, s.footer_text, s.google_analytics_id, s."HeroBackgroundImage", s.latest_posts_count, s.logo, s.notification_email, s.phone, s.primary_color, s.show_banners, s.show_categories, s.show_facebook, s.show_featured_products, s.show_footer, s.show_hotline, s.show_latest_posts, s.show_nav_cart, s.show_nav_knowledge, s.show_nav_partners, s.show_nav_products, s.show_partners, s.show_telegram, s.show_tiktok, s.show_youtube, s.show_zalo, s.smtp_from_email, s.smtp_from_name, s.smtp_host, s.smtp_password, s.smtp_port, s.smtp_use_ssl, s.smtp_user, s.telegram, s.tiktok, s.updated_at, s.youtube, s.zalo
FROM site_settings AS s
ORDER BY s.id
LIMIT 1
2026-05-14 16:00:38.986 +07:00 [ERR] An exception occurred while iterating over the results of a query for context type 'AquaCMS.Data.AppDbContext'.
Npgsql.PostgresException (0x80004005): 42703: column s.HeroBackgroundImage does not exist

POSITION: 410
   at Npgsql.Internal.NpgsqlConnector.ReadMessageLong(Boolean async, DataRowLoadingMode dataRowLoadingMode, Boolean readingNotifications, Boolean isReadingPrependedMessage)
   at System.Runtime.CompilerServices.PoolingAsyncValueTaskMethodBuilder`1.StateMachineBox`1.System.Threading.Tasks.Sources.IValueTaskSource<TResult>.GetResult(Int16 token)
   at Npgsql.NpgsqlDataReader.NextResult(Boolean async, Boolean isConsuming, CancellationToken cancellationToken)
   at Npgsql.NpgsqlDataReader.NextResult(Boolean async, Boolean isConsuming, CancellationToken cancellationToken)
   at Npgsql.NpgsqlCommand.ExecuteReader(Boolean async, CommandBehavior behavior, CancellationToken cancellationToken)
   at Npgsql.NpgsqlCommand.ExecuteReader(Boolean async, CommandBehavior behavior, CancellationToken cancellationToken)
   at Npgsql.NpgsqlCommand.ExecuteDbDataReaderAsync(CommandBehavior behavior, CancellationToken cancellationToken)
   at Microsoft.EntityFrameworkCore.Storage.RelationalCommand.ExecuteReaderAsync(RelationalCommandParameterObject parameterObject, CancellationToken cancellationToken)
   at Microsoft.EntityFrameworkCore.Storage.RelationalCommand.ExecuteReaderAsync(RelationalCommandParameterObject parameterObject, CancellationToken cancellationToken)
   at Microsoft.EntityFrameworkCore.Query.Internal.SingleQueryingEnumerable`1.AsyncEnumerator.InitializeReaderAsync(AsyncEnumerator enumerator, CancellationToken cancellationToken)
   at Npgsql.EntityFrameworkCore.PostgreSQL.Storage.Internal.NpgsqlExecutionStrategy.ExecuteAsync[TState,TResult](TState state, Func`4 operation, Func`4 verifySucceeded, CancellationToken cancellationToken)
   at Microsoft.EntityFrameworkCore.Query.Internal.SingleQueryingEnumerable`1.AsyncEnumerator.MoveNextAsync()
  Exception data:
    Severity: ERROR
    SqlState: 42703
    MessageText: column s.HeroBackgroundImage does not exist
    Position: 410
    File: parse_relation.c
    Line: 3722
    Routine: errorMissingColumn
Npgsql.PostgresException (0x80004005): 42703: column s.HeroBackgroundImage does not exist

POSITION: 410
   at Npgsql.Internal.NpgsqlConnector.ReadMessageLong(Boolean async, DataRowLoadingMode dataRowLoadingMode, Boolean readingNotifications, Boolean isReadingPrependedMessage)
   at System.Runtime.CompilerServices.PoolingAsyncValueTaskMethodBuilder`1.StateMachineBox`1.System.Threading.Tasks.Sources.IValueTaskSource<TResult>.GetResult(Int16 token)
   at Npgsql.NpgsqlDataReader.NextResult(Boolean async, Boolean isConsuming, CancellationToken cancellationToken)
   at Npgsql.NpgsqlDataReader.NextResult(Boolean async, Boolean isConsuming, CancellationToken cancellationToken)
   at Npgsql.NpgsqlCommand.ExecuteReader(Boolean async, CommandBehavior behavior, CancellationToken cancellationToken)
   at Npgsql.NpgsqlCommand.ExecuteReader(Boolean async, CommandBehavior behavior, CancellationToken cancellationToken)
   at Npgsql.NpgsqlCommand.ExecuteDbDataReaderAsync(CommandBehavior behavior, CancellationToken cancellationToken)
   at Microsoft.EntityFrameworkCore.Storage.RelationalCommand.ExecuteReaderAsync(RelationalCommandParameterObject parameterObject, CancellationToken cancellationToken)
   at Microsoft.EntityFrameworkCore.Storage.RelationalCommand.ExecuteReaderAsync(RelationalCommandParameterObject parameterObject, CancellationToken cancellationToken)
   at Microsoft.EntityFrameworkCore.Query.Internal.SingleQueryingEnumerable`1.AsyncEnumerator.InitializeReaderAsync(AsyncEnumerator enumerator, CancellationToken cancellationToken)
   at Npgsql.EntityFrameworkCore.PostgreSQL.Storage.Internal.NpgsqlExecutionStrategy.ExecuteAsync[TState,TResult](TState state, Func`4 operation, Func`4 verifySucceeded, CancellationToken cancellationToken)
   at Microsoft.EntityFrameworkCore.Query.Internal.SingleQueryingEnumerable`1.AsyncEnumerator.MoveNextAsync()
  Exception data:
    Severity: ERROR
    SqlState: 42703
    MessageText: column s.HeroBackgroundImage does not exist
    Position: 410
    File: parse_relation.c
    Line: 3722
    Routine: errorMissingColumn
2026-05-14 16:00:38.996 +07:00 [ERR] An unhandled exception has occurred while executing the request.
Npgsql.PostgresException (0x80004005): 42703: column s.HeroBackgroundImage does not exist

POSITION: 410
   at Npgsql.Internal.NpgsqlConnector.ReadMessageLong(Boolean async, DataRowLoadingMode dataRowLoadingMode, Boolean readingNotifications, Boolean isReadingPrependedMessage)
   at System.Runtime.CompilerServices.PoolingAsyncValueTaskMethodBuilder`1.StateMachineBox`1.System.Threading.Tasks.Sources.IValueTaskSource<TResult>.GetResult(Int16 token)
   at Npgsql.NpgsqlDataReader.NextResult(Boolean async, Boolean isConsuming, CancellationToken cancellationToken)
   at Npgsql.NpgsqlDataReader.NextResult(Boolean async, Boolean isConsuming, CancellationToken cancellationToken)
   at Npgsql.NpgsqlCommand.ExecuteReader(Boolean async, CommandBehavior behavior, CancellationToken cancellationToken)
   at Npgsql.NpgsqlCommand.ExecuteReader(Boolean async, CommandBehavior behavior, CancellationToken cancellationToken)
   at Npgsql.NpgsqlCommand.ExecuteDbDataReaderAsync(CommandBehavior behavior, CancellationToken cancellationToken)
   at Microsoft.EntityFrameworkCore.Storage.RelationalCommand.ExecuteReaderAsync(RelationalCommandParameterObject parameterObject, CancellationToken cancellationToken)
   at Microsoft.EntityFrameworkCore.Storage.RelationalCommand.ExecuteReaderAsync(RelationalCommandParameterObject parameterObject, CancellationToken cancellationToken)
   at Microsoft.EntityFrameworkCore.Query.Internal.SingleQueryingEnumerable`1.AsyncEnumerator.InitializeReaderAsync(AsyncEnumerator enumerator, CancellationToken cancellationToken)
   at Npgsql.EntityFrameworkCore.PostgreSQL.Storage.Internal.NpgsqlExecutionStrategy.ExecuteAsync[TState,TResult](TState state, Func`4 operation, Func`4 verifySucceeded, CancellationToken cancellationToken)
   at Microsoft.EntityFrameworkCore.Query.Internal.SingleQueryingEnumerable`1.AsyncEnumerator.MoveNextAsync()
   at Microsoft.EntityFrameworkCore.Query.ShapedQueryCompilingExpressionVisitor.SingleOrDefaultAsync[TSource](IAsyncEnumerable`1 asyncEnumerable, CancellationToken cancellationToken)
   at Microsoft.EntityFrameworkCore.Query.ShapedQueryCompilingExpressionVisitor.SingleOrDefaultAsync[TSource](IAsyncEnumerable`1 asyncEnumerable, CancellationToken cancellationToken)
   at AquaCMS.Services.SettingsService.GetSettingsAsync() in E:\sourceCode\catalog\src\AquaCMS\Services\SettingsService.cs:line 36
   at AspNetCoreGeneratedDocument.Areas_Admin_Views_Shared__AdminLayout.ExecuteAsync() in E:\sourceCode\catalog\src\AquaCMS\Areas\Admin\Views\Shared\_AdminLayout.cshtml:line 4
   at Microsoft.AspNetCore.Mvc.Razor.RazorView.RenderPageCoreAsync(IRazorPage page, ViewContext context)
   at Microsoft.AspNetCore.Mvc.Razor.RazorView.RenderPageAsync(IRazorPage page, ViewContext context, Boolean invokeViewStarts)
   at Microsoft.AspNetCore.Mvc.Razor.RazorView.RenderLayoutAsync(ViewContext context, ViewBufferTextWriter bodyWriter)
   at Microsoft.AspNetCore.Mvc.Razor.RazorView.RenderAsync(ViewContext context)
   at Microsoft.AspNetCore.Mvc.ViewFeatures.ViewExecutor.ExecuteAsync(ViewContext viewContext, String contentType, Nullable`1 statusCode)
   at Microsoft.AspNetCore.Mvc.ViewFeatures.ViewExecutor.ExecuteAsync(ViewContext viewContext, String contentType, Nullable`1 statusCode)
   at Microsoft.AspNetCore.Mvc.ViewFeatures.ViewExecutor.ExecuteAsync(ActionContext actionContext, IView view, ViewDataDictionary viewData, ITempDataDictionary tempData, String contentType, Nullable`1 statusCode)
   at Microsoft.AspNetCore.Mvc.ViewFeatures.ViewResultExecutor.ExecuteAsync(ActionContext context, ViewResult result)
   at Microsoft.AspNetCore.Mvc.ViewResult.ExecuteResultAsync(ActionContext context)
   at Microsoft.AspNetCore.Mvc.Infrastructure.ResourceInvoker.<InvokeNextResultFilterAsync>g__Awaited|30_0[TFilter,TFilterAsync](ResourceInvoker invoker, Task lastTask, State next, Scope scope, Object state, Boolean isCompleted)
   at Microsoft.AspNetCore.Mvc.Infrastructure.ResourceInvoker.Rethrow(ResultExecutedContextSealed context)
   at Microsoft.AspNetCore.Mvc.Infrastructure.ResourceInvoker.ResultNext[TFilter,TFilterAsync](State& next, Scope& scope, Object& state, Boolean& isCompleted)
   at Microsoft.AspNetCore.Mvc.Infrastructure.ResourceInvoker.<InvokeResultFilters>g__Awaited|28_0(ResourceInvoker invoker, Task lastTask, State next, Scope scope, Object state, Boolean isCompleted)
   at Microsoft.AspNetCore.Mvc.Infrastructure.ResourceInvoker.<InvokeNextResourceFilter>g__Awaited|25_0(ResourceInvoker invoker, Task lastTask, State next, Scope scope, Object state, Boolean isCompleted)
   at Microsoft.AspNetCore.Mvc.Infrastructure.ResourceInvoker.Rethrow(ResourceExecutedContextSealed context)
   at Microsoft.AspNetCore.Mvc.Infrastructure.ResourceInvoker.Next(State& next, Scope& scope, Object& state, Boolean& isCompleted)
   at Microsoft.AspNetCore.Mvc.Infrastructure.ResourceInvoker.<InvokeFilterPipelineAsync>g__Awaited|20_0(ResourceInvoker invoker, Task lastTask, State next, Scope scope, Object state, Boolean isCompleted)
   at Microsoft.AspNetCore.Mvc.Infrastructure.ResourceInvoker.<InvokeAsync>g__Awaited|17_0(ResourceInvoker invoker, Task task, IDisposable scope)
   at Microsoft.AspNetCore.Mvc.Infrastructure.ResourceInvoker.<InvokeAsync>g__Awaited|17_0(ResourceInvoker invoker, Task task, IDisposable scope)
   at Microsoft.AspNetCore.Authorization.AuthorizationMiddleware.Invoke(HttpContext context)
   at Microsoft.AspNetCore.Authentication.AuthenticationMiddleware.Invoke(HttpContext context)
   at Microsoft.AspNetCore.Diagnostics.StatusCodePagesMiddleware.Invoke(HttpContext context)
   at AquaCMS.Modules.Core.Middleware.PageViewTrackingMiddleware.InvokeAsync(HttpContext ctx) in E:\sourceCode\catalog\src\AquaCMS\Modules\Core\Middleware\PageViewTrackingMiddleware.cs:line 43
   at Microsoft.AspNetCore.Diagnostics.DeveloperExceptionPageMiddlewareImpl.Invoke(HttpContext context)
  Exception data:
    Severity: ERROR
    SqlState: 42703
    MessageText: column s.HeroBackgroundImage does not exist
    Position: 410
    File: parse_relation.c
    Line: 3722
    Routine: errorMissingColumn
2026-05-14 16:00:39.018 +07:00 [ERR] HTTP GET /admin/profile responded 500 in 41.7621 ms
2026-05-14 16:00:39.141 +07:00 [ERR] Failed executing DbCommand (2ms) [Parameters=[], CommandType='"Text"', CommandTimeout='30']
SELECT s.id, s.about_content, s.about_image, s.about_title, s.address, s.background_color, s.bank_name, s.bank_number, s.bank_owner, s.chat_auto_reply_message, s.company_name, s.copyright_text, s.default_meta_description, s.default_meta_title, s.default_og_image, s.email, s.email_enabled, s.facebook, s.facebook_pixel_id, s.featured_products_count, s.footer_about_text, s.footer_text, s.google_analytics_id, s."HeroBackgroundImage", s.latest_posts_count, s.logo, s.notification_email, s.phone, s.primary_color, s.show_banners, s.show_categories, s.show_facebook, s.show_featured_products, s.show_footer, s.show_hotline, s.show_latest_posts, s.show_nav_cart, s.show_nav_knowledge, s.show_nav_partners, s.show_nav_products, s.show_partners, s.show_telegram, s.show_tiktok, s.show_youtube, s.show_zalo, s.smtp_from_email, s.smtp_from_name, s.smtp_host, s.smtp_password, s.smtp_port, s.smtp_use_ssl, s.smtp_user, s.telegram, s.tiktok, s.updated_at, s.youtube, s.zalo
FROM site_settings AS s
ORDER BY s.id
LIMIT 1
2026-05-14 16:00:39.145 +07:00 [ERR] An exception occurred while iterating over the results of a query for context type 'AquaCMS.Data.AppDbContext'.
Npgsql.PostgresException (0x80004005): 42703: column s.HeroBackgroundImage does not exist

POSITION: 410
   at Npgsql.Internal.NpgsqlConnector.ReadMessageLong(Boolean async, DataRowLoadingMode dataRowLoadingMode, Boolean readingNotifications, Boolean isReadingPrependedMessage)
   at System.Runtime.CompilerServices.PoolingAsyncValueTaskMethodBuilder`1.StateMachineBox`1.System.Threading.Tasks.Sources.IValueTaskSource<TResult>.GetResult(Int16 token)
   at Npgsql.NpgsqlDataReader.NextResult(Boolean async, Boolean isConsuming, CancellationToken cancellationToken)
   at Npgsql.NpgsqlDataReader.NextResult(Boolean async, Boolean isConsuming, CancellationToken cancellationToken)
   at Npgsql.NpgsqlCommand.ExecuteReader(Boolean async, CommandBehavior behavior, CancellationToken cancellationToken)
   at Npgsql.NpgsqlCommand.ExecuteReader(Boolean async, CommandBehavior behavior, CancellationToken cancellationToken)
   at Npgsql.NpgsqlCommand.ExecuteDbDataReaderAsync(CommandBehavior behavior, CancellationToken cancellationToken)
   at Microsoft.EntityFrameworkCore.Storage.RelationalCommand.ExecuteReaderAsync(RelationalCommandParameterObject parameterObject, CancellationToken cancellationToken)
   at Microsoft.EntityFrameworkCore.Storage.RelationalCommand.ExecuteReaderAsync(RelationalCommandParameterObject parameterObject, CancellationToken cancellationToken)
   at Microsoft.EntityFrameworkCore.Query.Internal.SingleQueryingEnumerable`1.AsyncEnumerator.InitializeReaderAsync(AsyncEnumerator enumerator, CancellationToken cancellationToken)
   at Npgsql.EntityFrameworkCore.PostgreSQL.Storage.Internal.NpgsqlExecutionStrategy.ExecuteAsync[TState,TResult](TState state, Func`4 operation, Func`4 verifySucceeded, CancellationToken cancellationToken)
   at Microsoft.EntityFrameworkCore.Query.Internal.SingleQueryingEnumerable`1.AsyncEnumerator.MoveNextAsync()
  Exception data:
    Severity: ERROR
    SqlState: 42703
    MessageText: column s.HeroBackgroundImage does not exist
    Position: 410
    File: parse_relation.c
    Line: 3722
    Routine: errorMissingColumn
Npgsql.PostgresException (0x80004005): 42703: column s.HeroBackgroundImage does not exist

POSITION: 410
   at Npgsql.Internal.NpgsqlConnector.ReadMessageLong(Boolean async, DataRowLoadingMode dataRowLoadingMode, Boolean readingNotifications, Boolean isReadingPrependedMessage)
   at System.Runtime.CompilerServices.PoolingAsyncValueTaskMethodBuilder`1.StateMachineBox`1.System.Threading.Tasks.Sources.IValueTaskSource<TResult>.GetResult(Int16 token)
   at Npgsql.NpgsqlDataReader.NextResult(Boolean async, Boolean isConsuming, CancellationToken cancellationToken)
   at Npgsql.NpgsqlDataReader.NextResult(Boolean async, Boolean isConsuming, CancellationToken cancellationToken)
   at Npgsql.NpgsqlCommand.ExecuteReader(Boolean async, CommandBehavior behavior, CancellationToken cancellationToken)
   at Npgsql.NpgsqlCommand.ExecuteReader(Boolean async, CommandBehavior behavior, CancellationToken cancellationToken)
   at Npgsql.NpgsqlCommand.ExecuteDbDataReaderAsync(CommandBehavior behavior, CancellationToken cancellationToken)
   at Microsoft.EntityFrameworkCore.Storage.RelationalCommand.ExecuteReaderAsync(RelationalCommandParameterObject parameterObject, CancellationToken cancellationToken)
   at Microsoft.EntityFrameworkCore.Storage.RelationalCommand.ExecuteReaderAsync(RelationalCommandParameterObject parameterObject, CancellationToken cancellationToken)
   at Microsoft.EntityFrameworkCore.Query.Internal.SingleQueryingEnumerable`1.AsyncEnumerator.InitializeReaderAsync(AsyncEnumerator enumerator, CancellationToken cancellationToken)
   at Npgsql.EntityFrameworkCore.PostgreSQL.Storage.Internal.NpgsqlExecutionStrategy.ExecuteAsync[TState,TResult](TState state, Func`4 operation, Func`4 verifySucceeded, CancellationToken cancellationToken)
   at Microsoft.EntityFrameworkCore.Query.Internal.SingleQueryingEnumerable`1.AsyncEnumerator.MoveNextAsync()
  Exception data:
    Severity: ERROR
    SqlState: 42703
    MessageText: column s.HeroBackgroundImage does not exist
    Position: 410
    File: parse_relation.c
    Line: 3722
    Routine: errorMissingColumn
2026-05-14 16:00:39.155 +07:00 [ERR] An unhandled exception has occurred while executing the request.
Npgsql.PostgresException (0x80004005): 42703: column s.HeroBackgroundImage does not exist

POSITION: 410
   at Npgsql.Internal.NpgsqlConnector.ReadMessageLong(Boolean async, DataRowLoadingMode dataRowLoadingMode, Boolean readingNotifications, Boolean isReadingPrependedMessage)
   at System.Runtime.CompilerServices.PoolingAsyncValueTaskMethodBuilder`1.StateMachineBox`1.System.Threading.Tasks.Sources.IValueTaskSource<TResult>.GetResult(Int16 token)
   at Npgsql.NpgsqlDataReader.NextResult(Boolean async, Boolean isConsuming, CancellationToken cancellationToken)
   at Npgsql.NpgsqlDataReader.NextResult(Boolean async, Boolean isConsuming, CancellationToken cancellationToken)
   at Npgsql.NpgsqlCommand.ExecuteReader(Boolean async, CommandBehavior behavior, CancellationToken cancellationToken)
   at Npgsql.NpgsqlCommand.ExecuteReader(Boolean async, CommandBehavior behavior, CancellationToken cancellationToken)
   at Npgsql.NpgsqlCommand.ExecuteDbDataReaderAsync(CommandBehavior behavior, CancellationToken cancellationToken)
   at Microsoft.EntityFrameworkCore.Storage.RelationalCommand.ExecuteReaderAsync(RelationalCommandParameterObject parameterObject, CancellationToken cancellationToken)
   at Microsoft.EntityFrameworkCore.Storage.RelationalCommand.ExecuteReaderAsync(RelationalCommandParameterObject parameterObject, CancellationToken cancellationToken)
   at Microsoft.EntityFrameworkCore.Query.Internal.SingleQueryingEnumerable`1.AsyncEnumerator.InitializeReaderAsync(AsyncEnumerator enumerator, CancellationToken cancellationToken)
   at Npgsql.EntityFrameworkCore.PostgreSQL.Storage.Internal.NpgsqlExecutionStrategy.ExecuteAsync[TState,TResult](TState state, Func`4 operation, Func`4 verifySucceeded, CancellationToken cancellationToken)
   at Microsoft.EntityFrameworkCore.Query.Internal.SingleQueryingEnumerable`1.AsyncEnumerator.MoveNextAsync()
   at Microsoft.EntityFrameworkCore.Query.ShapedQueryCompilingExpressionVisitor.SingleOrDefaultAsync[TSource](IAsyncEnumerable`1 asyncEnumerable, CancellationToken cancellationToken)
   at Microsoft.EntityFrameworkCore.Query.ShapedQueryCompilingExpressionVisitor.SingleOrDefaultAsync[TSource](IAsyncEnumerable`1 asyncEnumerable, CancellationToken cancellationToken)
   at AquaCMS.Services.SettingsService.GetSettingsAsync() in E:\sourceCode\catalog\src\AquaCMS\Services\SettingsService.cs:line 36
   at AspNetCoreGeneratedDocument.Areas_Admin_Views_Shared__AdminLayout.ExecuteAsync() in E:\sourceCode\catalog\src\AquaCMS\Areas\Admin\Views\Shared\_AdminLayout.cshtml:line 4
   at Microsoft.AspNetCore.Mvc.Razor.RazorView.RenderPageCoreAsync(IRazorPage page, ViewContext context)
   at Microsoft.AspNetCore.Mvc.Razor.RazorView.RenderPageAsync(IRazorPage page, ViewContext context, Boolean invokeViewStarts)
   at Microsoft.AspNetCore.Mvc.Razor.RazorView.RenderLayoutAsync(ViewContext context, ViewBufferTextWriter bodyWriter)
   at Microsoft.AspNetCore.Mvc.Razor.RazorView.RenderAsync(ViewContext context)
   at Microsoft.AspNetCore.Mvc.ViewFeatures.ViewExecutor.ExecuteAsync(ViewContext viewContext, String contentType, Nullable`1 statusCode)
   at Microsoft.AspNetCore.Mvc.ViewFeatures.ViewExecutor.ExecuteAsync(ViewContext viewContext, String contentType, Nullable`1 statusCode)
   at Microsoft.AspNetCore.Mvc.ViewFeatures.ViewExecutor.ExecuteAsync(ActionContext actionContext, IView view, ViewDataDictionary viewData, ITempDataDictionary tempData, String contentType, Nullable`1 statusCode)
   at Microsoft.AspNetCore.Mvc.ViewFeatures.ViewResultExecutor.ExecuteAsync(ActionContext context, ViewResult result)
   at Microsoft.AspNetCore.Mvc.ViewResult.ExecuteResultAsync(ActionContext context)
   at Microsoft.AspNetCore.Mvc.Infrastructure.ResourceInvoker.<InvokeNextResultFilterAsync>g__Awaited|30_0[TFilter,TFilterAsync](ResourceInvoker invoker, Task lastTask, State next, Scope scope, Object state, Boolean isCompleted)
   at Microsoft.AspNetCore.Mvc.Infrastructure.ResourceInvoker.Rethrow(ResultExecutedContextSealed context)
   at Microsoft.AspNetCore.Mvc.Infrastructure.ResourceInvoker.ResultNext[TFilter,TFilterAsync](State& next, Scope& scope, Object& state, Boolean& isCompleted)
   at Microsoft.AspNetCore.Mvc.Infrastructure.ResourceInvoker.<InvokeResultFilters>g__Awaited|28_0(ResourceInvoker invoker, Task lastTask, State next, Scope scope, Object state, Boolean isCompleted)
   at Microsoft.AspNetCore.Mvc.Infrastructure.ResourceInvoker.<InvokeNextResourceFilter>g__Awaited|25_0(ResourceInvoker invoker, Task lastTask, State next, Scope scope, Object state, Boolean isCompleted)
   at Microsoft.AspNetCore.Mvc.Infrastructure.ResourceInvoker.Rethrow(ResourceExecutedContextSealed context)
   at Microsoft.AspNetCore.Mvc.Infrastructure.ResourceInvoker.Next(State& next, Scope& scope, Object& state, Boolean& isCompleted)
   at Microsoft.AspNetCore.Mvc.Infrastructure.ResourceInvoker.<InvokeFilterPipelineAsync>g__Awaited|20_0(ResourceInvoker invoker, Task lastTask, State next, Scope scope, Object state, Boolean isCompleted)
   at Microsoft.AspNetCore.Mvc.Infrastructure.ResourceInvoker.<InvokeAsync>g__Awaited|17_0(ResourceInvoker invoker, Task task, IDisposable scope)
   at Microsoft.AspNetCore.Mvc.Infrastructure.ResourceInvoker.<InvokeAsync>g__Awaited|17_0(ResourceInvoker invoker, Task task, IDisposable scope)
   at Microsoft.AspNetCore.Authorization.AuthorizationMiddleware.Invoke(HttpContext context)
   at Microsoft.AspNetCore.Authentication.AuthenticationMiddleware.Invoke(HttpContext context)
   at Microsoft.AspNetCore.Diagnostics.StatusCodePagesMiddleware.Invoke(HttpContext context)
   at AquaCMS.Modules.Core.Middleware.PageViewTrackingMiddleware.InvokeAsync(HttpContext ctx) in E:\sourceCode\catalog\src\AquaCMS\Modules\Core\Middleware\PageViewTrackingMiddleware.cs:line 43
   at Microsoft.AspNetCore.Diagnostics.DeveloperExceptionPageMiddlewareImpl.Invoke(HttpContext context)
  Exception data:
    Severity: ERROR
    SqlState: 42703
    MessageText: column s.HeroBackgroundImage does not exist
    Position: 410
    File: parse_relation.c
    Line: 3722
    Routine: errorMissingColumn
2026-05-14 16:00:39.177 +07:00 [ERR] HTTP GET /admin/profile responded 500 in 41.7357 ms
2026-05-14 16:00:39.456 +07:00 [ERR] Failed executing DbCommand (12ms) [Parameters=[], CommandType='"Text"', CommandTimeout='30']
SELECT s.id, s.about_content, s.about_image, s.about_title, s.address, s.background_color, s.bank_name, s.bank_number, s.bank_owner, s.chat_auto_reply_message, s.company_name, s.copyright_text, s.default_meta_description, s.default_meta_title, s.default_og_image, s.email, s.email_enabled, s.facebook, s.facebook_pixel_id, s.featured_products_count, s.footer_about_text, s.footer_text, s.google_analytics_id, s."HeroBackgroundImage", s.latest_posts_count, s.logo, s.notification_email, s.phone, s.primary_color, s.show_banners, s.show_categories, s.show_facebook, s.show_featured_products, s.show_footer, s.show_hotline, s.show_latest_posts, s.show_nav_cart, s.show_nav_knowledge, s.show_nav_partners, s.show_nav_products, s.show_partners, s.show_telegram, s.show_tiktok, s.show_youtube, s.show_zalo, s.smtp_from_email, s.smtp_from_name, s.smtp_host, s.smtp_password, s.smtp_port, s.smtp_use_ssl, s.smtp_user, s.telegram, s.tiktok, s.updated_at, s.youtube, s.zalo
FROM site_settings AS s
ORDER BY s.id
LIMIT 1
2026-05-14 16:00:39.460 +07:00 [ERR] An exception occurred while iterating over the results of a query for context type 'AquaCMS.Data.AppDbContext'.
Npgsql.PostgresException (0x80004005): 42703: column s.HeroBackgroundImage does not exist

POSITION: 410
   at Npgsql.Internal.NpgsqlConnector.ReadMessageLong(Boolean async, DataRowLoadingMode dataRowLoadingMode, Boolean readingNotifications, Boolean isReadingPrependedMessage)
   at System.Runtime.CompilerServices.PoolingAsyncValueTaskMethodBuilder`1.StateMachineBox`1.System.Threading.Tasks.Sources.IValueTaskSource<TResult>.GetResult(Int16 token)
   at Npgsql.NpgsqlDataReader.NextResult(Boolean async, Boolean isConsuming, CancellationToken cancellationToken)
   at Npgsql.NpgsqlDataReader.NextResult(Boolean async, Boolean isConsuming, CancellationToken cancellationToken)
   at Npgsql.NpgsqlCommand.ExecuteReader(Boolean async, CommandBehavior behavior, CancellationToken cancellationToken)
   at Npgsql.NpgsqlCommand.ExecuteReader(Boolean async, CommandBehavior behavior, CancellationToken cancellationToken)
   at Npgsql.NpgsqlCommand.ExecuteDbDataReaderAsync(CommandBehavior behavior, CancellationToken cancellationToken)
   at Microsoft.EntityFrameworkCore.Storage.RelationalCommand.ExecuteReaderAsync(RelationalCommandParameterObject parameterObject, CancellationToken cancellationToken)
   at Microsoft.EntityFrameworkCore.Storage.RelationalCommand.ExecuteReaderAsync(RelationalCommandParameterObject parameterObject, CancellationToken cancellationToken)
   at Microsoft.EntityFrameworkCore.Query.Internal.SingleQueryingEnumerable`1.AsyncEnumerator.InitializeReaderAsync(AsyncEnumerator enumerator, CancellationToken cancellationToken)
   at Npgsql.EntityFrameworkCore.PostgreSQL.Storage.Internal.NpgsqlExecutionStrategy.ExecuteAsync[TState,TResult](TState state, Func`4 operation, Func`4 verifySucceeded, CancellationToken cancellationToken)
   at Microsoft.EntityFrameworkCore.Query.Internal.SingleQueryingEnumerable`1.AsyncEnumerator.MoveNextAsync()
  Exception data:
    Severity: ERROR
    SqlState: 42703
    MessageText: column s.HeroBackgroundImage does not exist
    Position: 410
    File: parse_relation.c
    Line: 3722
    Routine: errorMissingColumn
Npgsql.PostgresException (0x80004005): 42703: column s.HeroBackgroundImage does not exist

POSITION: 410
   at Npgsql.Internal.NpgsqlConnector.ReadMessageLong(Boolean async, DataRowLoadingMode dataRowLoadingMode, Boolean readingNotifications, Boolean isReadingPrependedMessage)
   at System.Runtime.CompilerServices.PoolingAsyncValueTaskMethodBuilder`1.StateMachineBox`1.System.Threading.Tasks.Sources.IValueTaskSource<TResult>.GetResult(Int16 token)
   at Npgsql.NpgsqlDataReader.NextResult(Boolean async, Boolean isConsuming, CancellationToken cancellationToken)
   at Npgsql.NpgsqlDataReader.NextResult(Boolean async, Boolean isConsuming, CancellationToken cancellationToken)
   at Npgsql.NpgsqlCommand.ExecuteReader(Boolean async, CommandBehavior behavior, CancellationToken cancellationToken)
   at Npgsql.NpgsqlCommand.ExecuteReader(Boolean async, CommandBehavior behavior, CancellationToken cancellationToken)
   at Npgsql.NpgsqlCommand.ExecuteDbDataReaderAsync(CommandBehavior behavior, CancellationToken cancellationToken)
   at Microsoft.EntityFrameworkCore.Storage.RelationalCommand.ExecuteReaderAsync(RelationalCommandParameterObject parameterObject, CancellationToken cancellationToken)
   at Microsoft.EntityFrameworkCore.Storage.RelationalCommand.ExecuteReaderAsync(RelationalCommandParameterObject parameterObject, CancellationToken cancellationToken)
   at Microsoft.EntityFrameworkCore.Query.Internal.SingleQueryingEnumerable`1.AsyncEnumerator.InitializeReaderAsync(AsyncEnumerator enumerator, CancellationToken cancellationToken)
   at Npgsql.EntityFrameworkCore.PostgreSQL.Storage.Internal.NpgsqlExecutionStrategy.ExecuteAsync[TState,TResult](TState state, Func`4 operation, Func`4 verifySucceeded, CancellationToken cancellationToken)
   at Microsoft.EntityFrameworkCore.Query.Internal.SingleQueryingEnumerable`1.AsyncEnumerator.MoveNextAsync()
  Exception data:
    Severity: ERROR
    SqlState: 42703
    MessageText: column s.HeroBackgroundImage does not exist
    Position: 410
    File: parse_relation.c
    Line: 3722
    Routine: errorMissingColumn
2026-05-14 16:00:39.474 +07:00 [ERR] An unhandled exception has occurred while executing the request.
Npgsql.PostgresException (0x80004005): 42703: column s.HeroBackgroundImage does not exist

POSITION: 410
   at Npgsql.Internal.NpgsqlConnector.ReadMessageLong(Boolean async, DataRowLoadingMode dataRowLoadingMode, Boolean readingNotifications, Boolean isReadingPrependedMessage)
   at System.Runtime.CompilerServices.PoolingAsyncValueTaskMethodBuilder`1.StateMachineBox`1.System.Threading.Tasks.Sources.IValueTaskSource<TResult>.GetResult(Int16 token)
   at Npgsql.NpgsqlDataReader.NextResult(Boolean async, Boolean isConsuming, CancellationToken cancellationToken)
   at Npgsql.NpgsqlDataReader.NextResult(Boolean async, Boolean isConsuming, CancellationToken cancellationToken)
   at Npgsql.NpgsqlCommand.ExecuteReader(Boolean async, CommandBehavior behavior, CancellationToken cancellationToken)
   at Npgsql.NpgsqlCommand.ExecuteReader(Boolean async, CommandBehavior behavior, CancellationToken cancellationToken)
   at Npgsql.NpgsqlCommand.ExecuteDbDataReaderAsync(CommandBehavior behavior, CancellationToken cancellationToken)
   at Microsoft.EntityFrameworkCore.Storage.RelationalCommand.ExecuteReaderAsync(RelationalCommandParameterObject parameterObject, CancellationToken cancellationToken)
   at Microsoft.EntityFrameworkCore.Storage.RelationalCommand.ExecuteReaderAsync(RelationalCommandParameterObject parameterObject, CancellationToken cancellationToken)
   at Microsoft.EntityFrameworkCore.Query.Internal.SingleQueryingEnumerable`1.AsyncEnumerator.InitializeReaderAsync(AsyncEnumerator enumerator, CancellationToken cancellationToken)
   at Npgsql.EntityFrameworkCore.PostgreSQL.Storage.Internal.NpgsqlExecutionStrategy.ExecuteAsync[TState,TResult](TState state, Func`4 operation, Func`4 verifySucceeded, CancellationToken cancellationToken)
   at Microsoft.EntityFrameworkCore.Query.Internal.SingleQueryingEnumerable`1.AsyncEnumerator.MoveNextAsync()
   at Microsoft.EntityFrameworkCore.Query.ShapedQueryCompilingExpressionVisitor.SingleOrDefaultAsync[TSource](IAsyncEnumerable`1 asyncEnumerable, CancellationToken cancellationToken)
   at Microsoft.EntityFrameworkCore.Query.ShapedQueryCompilingExpressionVisitor.SingleOrDefaultAsync[TSource](IAsyncEnumerable`1 asyncEnumerable, CancellationToken cancellationToken)
   at AquaCMS.Services.SettingsService.GetSettingsAsync() in E:\sourceCode\catalog\src\AquaCMS\Services\SettingsService.cs:line 36
   at AspNetCoreGeneratedDocument.Areas_Admin_Views_Shared__AdminLayout.ExecuteAsync() in E:\sourceCode\catalog\src\AquaCMS\Areas\Admin\Views\Shared\_AdminLayout.cshtml:line 4
   at Microsoft.AspNetCore.Mvc.Razor.RazorView.RenderPageCoreAsync(IRazorPage page, ViewContext context)
   at Microsoft.AspNetCore.Mvc.Razor.RazorView.RenderPageAsync(IRazorPage page, ViewContext context, Boolean invokeViewStarts)
   at Microsoft.AspNetCore.Mvc.Razor.RazorView.RenderLayoutAsync(ViewContext context, ViewBufferTextWriter bodyWriter)
   at Microsoft.AspNetCore.Mvc.Razor.RazorView.RenderAsync(ViewContext context)
   at Microsoft.AspNetCore.Mvc.ViewFeatures.ViewExecutor.ExecuteAsync(ViewContext viewContext, String contentType, Nullable`1 statusCode)
   at Microsoft.AspNetCore.Mvc.ViewFeatures.ViewExecutor.ExecuteAsync(ViewContext viewContext, String contentType, Nullable`1 statusCode)
   at Microsoft.AspNetCore.Mvc.ViewFeatures.ViewExecutor.ExecuteAsync(ActionContext actionContext, IView view, ViewDataDictionary viewData, ITempDataDictionary tempData, String contentType, Nullable`1 statusCode)
   at Microsoft.AspNetCore.Mvc.ViewFeatures.ViewResultExecutor.ExecuteAsync(ActionContext context, ViewResult result)
   at Microsoft.AspNetCore.Mvc.ViewResult.ExecuteResultAsync(ActionContext context)
   at Microsoft.AspNetCore.Mvc.Infrastructure.ResourceInvoker.<InvokeNextResultFilterAsync>g__Awaited|30_0[TFilter,TFilterAsync](ResourceInvoker invoker, Task lastTask, State next, Scope scope, Object state, Boolean isCompleted)
   at Microsoft.AspNetCore.Mvc.Infrastructure.ResourceInvoker.Rethrow(ResultExecutedContextSealed context)
   at Microsoft.AspNetCore.Mvc.Infrastructure.ResourceInvoker.ResultNext[TFilter,TFilterAsync](State& next, Scope& scope, Object& state, Boolean& isCompleted)
   at Microsoft.AspNetCore.Mvc.Infrastructure.ResourceInvoker.<InvokeResultFilters>g__Awaited|28_0(ResourceInvoker invoker, Task lastTask, State next, Scope scope, Object state, Boolean isCompleted)
   at Microsoft.AspNetCore.Mvc.Infrastructure.ResourceInvoker.<InvokeNextResourceFilter>g__Awaited|25_0(ResourceInvoker invoker, Task lastTask, State next, Scope scope, Object state, Boolean isCompleted)
   at Microsoft.AspNetCore.Mvc.Infrastructure.ResourceInvoker.Rethrow(ResourceExecutedContextSealed context)
   at Microsoft.AspNetCore.Mvc.Infrastructure.ResourceInvoker.Next(State& next, Scope& scope, Object& state, Boolean& isCompleted)
   at Microsoft.AspNetCore.Mvc.Infrastructure.ResourceInvoker.<InvokeFilterPipelineAsync>g__Awaited|20_0(ResourceInvoker invoker, Task lastTask, State next, Scope scope, Object state, Boolean isCompleted)
   at Microsoft.AspNetCore.Mvc.Infrastructure.ResourceInvoker.<InvokeAsync>g__Awaited|17_0(ResourceInvoker invoker, Task task, IDisposable scope)
   at Microsoft.AspNetCore.Mvc.Infrastructure.ResourceInvoker.<InvokeAsync>g__Awaited|17_0(ResourceInvoker invoker, Task task, IDisposable scope)
   at Microsoft.AspNetCore.Authorization.AuthorizationMiddleware.Invoke(HttpContext context)
   at Microsoft.AspNetCore.Authentication.AuthenticationMiddleware.Invoke(HttpContext context)
   at Microsoft.AspNetCore.Diagnostics.StatusCodePagesMiddleware.Invoke(HttpContext context)
   at AquaCMS.Modules.Core.Middleware.PageViewTrackingMiddleware.InvokeAsync(HttpContext ctx) in E:\sourceCode\catalog\src\AquaCMS\Modules\Core\Middleware\PageViewTrackingMiddleware.cs:line 43
   at Microsoft.AspNetCore.Diagnostics.DeveloperExceptionPageMiddlewareImpl.Invoke(HttpContext context)
  Exception data:
    Severity: ERROR
    SqlState: 42703
    MessageText: column s.HeroBackgroundImage does not exist
    Position: 410
    File: parse_relation.c
    Line: 3722
    Routine: errorMissingColumn
2026-05-14 16:00:39.496 +07:00 [ERR] HTTP GET /admin/profile responded 500 in 55.7867 ms
2026-05-14 16:00:39.585 +07:00 [ERR] Failed executing DbCommand (2ms) [Parameters=[], CommandType='"Text"', CommandTimeout='30']
SELECT s.id, s.about_content, s.about_image, s.about_title, s.address, s.background_color, s.bank_name, s.bank_number, s.bank_owner, s.chat_auto_reply_message, s.company_name, s.copyright_text, s.default_meta_description, s.default_meta_title, s.default_og_image, s.email, s.email_enabled, s.facebook, s.facebook_pixel_id, s.featured_products_count, s.footer_about_text, s.footer_text, s.google_analytics_id, s."HeroBackgroundImage", s.latest_posts_count, s.logo, s.notification_email, s.phone, s.primary_color, s.show_banners, s.show_categories, s.show_facebook, s.show_featured_products, s.show_footer, s.show_hotline, s.show_latest_posts, s.show_nav_cart, s.show_nav_knowledge, s.show_nav_partners, s.show_nav_products, s.show_partners, s.show_telegram, s.show_tiktok, s.show_youtube, s.show_zalo, s.smtp_from_email, s.smtp_from_name, s.smtp_host, s.smtp_password, s.smtp_port, s.smtp_use_ssl, s.smtp_user, s.telegram, s.tiktok, s.updated_at, s.youtube, s.zalo
FROM site_settings AS s
ORDER BY s.id
LIMIT 1
2026-05-14 16:00:39.589 +07:00 [ERR] An exception occurred while iterating over the results of a query for context type 'AquaCMS.Data.AppDbContext'.
Npgsql.PostgresException (0x80004005): 42703: column s.HeroBackgroundImage does not exist

POSITION: 410
   at Npgsql.Internal.NpgsqlConnector.ReadMessageLong(Boolean async, DataRowLoadingMode dataRowLoadingMode, Boolean readingNotifications, Boolean isReadingPrependedMessage)
   at System.Runtime.CompilerServices.PoolingAsyncValueTaskMethodBuilder`1.StateMachineBox`1.System.Threading.Tasks.Sources.IValueTaskSource<TResult>.GetResult(Int16 token)
   at Npgsql.NpgsqlDataReader.NextResult(Boolean async, Boolean isConsuming, CancellationToken cancellationToken)
   at Npgsql.NpgsqlDataReader.NextResult(Boolean async, Boolean isConsuming, CancellationToken cancellationToken)
   at Npgsql.NpgsqlCommand.ExecuteReader(Boolean async, CommandBehavior behavior, CancellationToken cancellationToken)
   at Npgsql.NpgsqlCommand.ExecuteReader(Boolean async, CommandBehavior behavior, CancellationToken cancellationToken)
   at Npgsql.NpgsqlCommand.ExecuteDbDataReaderAsync(CommandBehavior behavior, CancellationToken cancellationToken)
   at Microsoft.EntityFrameworkCore.Storage.RelationalCommand.ExecuteReaderAsync(RelationalCommandParameterObject parameterObject, CancellationToken cancellationToken)
   at Microsoft.EntityFrameworkCore.Storage.RelationalCommand.ExecuteReaderAsync(RelationalCommandParameterObject parameterObject, CancellationToken cancellationToken)
   at Microsoft.EntityFrameworkCore.Query.Internal.SingleQueryingEnumerable`1.AsyncEnumerator.InitializeReaderAsync(AsyncEnumerator enumerator, CancellationToken cancellationToken)
   at Npgsql.EntityFrameworkCore.PostgreSQL.Storage.Internal.NpgsqlExecutionStrategy.ExecuteAsync[TState,TResult](TState state, Func`4 operation, Func`4 verifySucceeded, CancellationToken cancellationToken)
   at Microsoft.EntityFrameworkCore.Query.Internal.SingleQueryingEnumerable`1.AsyncEnumerator.MoveNextAsync()
  Exception data:
    Severity: ERROR
    SqlState: 42703
    MessageText: column s.HeroBackgroundImage does not exist
    Position: 410
    File: parse_relation.c
    Line: 3722
    Routine: errorMissingColumn
Npgsql.PostgresException (0x80004005): 42703: column s.HeroBackgroundImage does not exist

POSITION: 410
   at Npgsql.Internal.NpgsqlConnector.ReadMessageLong(Boolean async, DataRowLoadingMode dataRowLoadingMode, Boolean readingNotifications, Boolean isReadingPrependedMessage)
   at System.Runtime.CompilerServices.PoolingAsyncValueTaskMethodBuilder`1.StateMachineBox`1.System.Threading.Tasks.Sources.IValueTaskSource<TResult>.GetResult(Int16 token)
   at Npgsql.NpgsqlDataReader.NextResult(Boolean async, Boolean isConsuming, CancellationToken cancellationToken)
   at Npgsql.NpgsqlDataReader.NextResult(Boolean async, Boolean isConsuming, CancellationToken cancellationToken)
   at Npgsql.NpgsqlCommand.ExecuteReader(Boolean async, CommandBehavior behavior, CancellationToken cancellationToken)
   at Npgsql.NpgsqlCommand.ExecuteReader(Boolean async, CommandBehavior behavior, CancellationToken cancellationToken)
   at Npgsql.NpgsqlCommand.ExecuteDbDataReaderAsync(CommandBehavior behavior, CancellationToken cancellationToken)
   at Microsoft.EntityFrameworkCore.Storage.RelationalCommand.ExecuteReaderAsync(RelationalCommandParameterObject parameterObject, CancellationToken cancellationToken)
   at Microsoft.EntityFrameworkCore.Storage.RelationalCommand.ExecuteReaderAsync(RelationalCommandParameterObject parameterObject, CancellationToken cancellationToken)
   at Microsoft.EntityFrameworkCore.Query.Internal.SingleQueryingEnumerable`1.AsyncEnumerator.InitializeReaderAsync(AsyncEnumerator enumerator, CancellationToken cancellationToken)
   at Npgsql.EntityFrameworkCore.PostgreSQL.Storage.Internal.NpgsqlExecutionStrategy.ExecuteAsync[TState,TResult](TState state, Func`4 operation, Func`4 verifySucceeded, CancellationToken cancellationToken)
   at Microsoft.EntityFrameworkCore.Query.Internal.SingleQueryingEnumerable`1.AsyncEnumerator.MoveNextAsync()
  Exception data:
    Severity: ERROR
    SqlState: 42703
    MessageText: column s.HeroBackgroundImage does not exist
    Position: 410
    File: parse_relation.c
    Line: 3722
    Routine: errorMissingColumn
2026-05-14 16:00:39.598 +07:00 [ERR] An unhandled exception has occurred while executing the request.
Npgsql.PostgresException (0x80004005): 42703: column s.HeroBackgroundImage does not exist

POSITION: 410
   at Npgsql.Internal.NpgsqlConnector.ReadMessageLong(Boolean async, DataRowLoadingMode dataRowLoadingMode, Boolean readingNotifications, Boolean isReadingPrependedMessage)
   at System.Runtime.CompilerServices.PoolingAsyncValueTaskMethodBuilder`1.StateMachineBox`1.System.Threading.Tasks.Sources.IValueTaskSource<TResult>.GetResult(Int16 token)
   at Npgsql.NpgsqlDataReader.NextResult(Boolean async, Boolean isConsuming, CancellationToken cancellationToken)
   at Npgsql.NpgsqlDataReader.NextResult(Boolean async, Boolean isConsuming, CancellationToken cancellationToken)
   at Npgsql.NpgsqlCommand.ExecuteReader(Boolean async, CommandBehavior behavior, CancellationToken cancellationToken)
   at Npgsql.NpgsqlCommand.ExecuteReader(Boolean async, CommandBehavior behavior, CancellationToken cancellationToken)
   at Npgsql.NpgsqlCommand.ExecuteDbDataReaderAsync(CommandBehavior behavior, CancellationToken cancellationToken)
   at Microsoft.EntityFrameworkCore.Storage.RelationalCommand.ExecuteReaderAsync(RelationalCommandParameterObject parameterObject, CancellationToken cancellationToken)
   at Microsoft.EntityFrameworkCore.Storage.RelationalCommand.ExecuteReaderAsync(RelationalCommandParameterObject parameterObject, CancellationToken cancellationToken)
   at Microsoft.EntityFrameworkCore.Query.Internal.SingleQueryingEnumerable`1.AsyncEnumerator.InitializeReaderAsync(AsyncEnumerator enumerator, CancellationToken cancellationToken)
   at Npgsql.EntityFrameworkCore.PostgreSQL.Storage.Internal.NpgsqlExecutionStrategy.ExecuteAsync[TState,TResult](TState state, Func`4 operation, Func`4 verifySucceeded, CancellationToken cancellationToken)
   at Microsoft.EntityFrameworkCore.Query.Internal.SingleQueryingEnumerable`1.AsyncEnumerator.MoveNextAsync()
   at Microsoft.EntityFrameworkCore.Query.ShapedQueryCompilingExpressionVisitor.SingleOrDefaultAsync[TSource](IAsyncEnumerable`1 asyncEnumerable, CancellationToken cancellationToken)
   at Microsoft.EntityFrameworkCore.Query.ShapedQueryCompilingExpressionVisitor.SingleOrDefaultAsync[TSource](IAsyncEnumerable`1 asyncEnumerable, CancellationToken cancellationToken)
   at AquaCMS.Services.SettingsService.GetSettingsAsync() in E:\sourceCode\catalog\src\AquaCMS\Services\SettingsService.cs:line 36
   at AspNetCoreGeneratedDocument.Areas_Admin_Views_Shared__AdminLayout.ExecuteAsync() in E:\sourceCode\catalog\src\AquaCMS\Areas\Admin\Views\Shared\_AdminLayout.cshtml:line 4
   at Microsoft.AspNetCore.Mvc.Razor.RazorView.RenderPageCoreAsync(IRazorPage page, ViewContext context)
   at Microsoft.AspNetCore.Mvc.Razor.RazorView.RenderPageAsync(IRazorPage page, ViewContext context, Boolean invokeViewStarts)
   at Microsoft.AspNetCore.Mvc.Razor.RazorView.RenderLayoutAsync(ViewContext context, ViewBufferTextWriter bodyWriter)
   at Microsoft.AspNetCore.Mvc.Razor.RazorView.RenderAsync(ViewContext context)
   at Microsoft.AspNetCore.Mvc.ViewFeatures.ViewExecutor.ExecuteAsync(ViewContext viewContext, String contentType, Nullable`1 statusCode)
   at Microsoft.AspNetCore.Mvc.ViewFeatures.ViewExecutor.ExecuteAsync(ViewContext viewContext, String contentType, Nullable`1 statusCode)
   at Microsoft.AspNetCore.Mvc.ViewFeatures.ViewExecutor.ExecuteAsync(ActionContext actionContext, IView view, ViewDataDictionary viewData, ITempDataDictionary tempData, String contentType, Nullable`1 statusCode)
   at Microsoft.AspNetCore.Mvc.ViewFeatures.ViewResultExecutor.ExecuteAsync(ActionContext context, ViewResult result)
   at Microsoft.AspNetCore.Mvc.ViewResult.ExecuteResultAsync(ActionContext context)
   at Microsoft.AspNetCore.Mvc.Infrastructure.ResourceInvoker.<InvokeNextResultFilterAsync>g__Awaited|30_0[TFilter,TFilterAsync](ResourceInvoker invoker, Task lastTask, State next, Scope scope, Object state, Boolean isCompleted)
   at Microsoft.AspNetCore.Mvc.Infrastructure.ResourceInvoker.Rethrow(ResultExecutedContextSealed context)
   at Microsoft.AspNetCore.Mvc.Infrastructure.ResourceInvoker.ResultNext[TFilter,TFilterAsync](State& next, Scope& scope, Object& state, Boolean& isCompleted)
   at Microsoft.AspNetCore.Mvc.Infrastructure.ResourceInvoker.<InvokeResultFilters>g__Awaited|28_0(ResourceInvoker invoker, Task lastTask, State next, Scope scope, Object state, Boolean isCompleted)
   at Microsoft.AspNetCore.Mvc.Infrastructure.ResourceInvoker.<InvokeNextResourceFilter>g__Awaited|25_0(ResourceInvoker invoker, Task lastTask, State next, Scope scope, Object state, Boolean isCompleted)
   at Microsoft.AspNetCore.Mvc.Infrastructure.ResourceInvoker.Rethrow(ResourceExecutedContextSealed context)
   at Microsoft.AspNetCore.Mvc.Infrastructure.ResourceInvoker.Next(State& next, Scope& scope, Object& state, Boolean& isCompleted)
   at Microsoft.AspNetCore.Mvc.Infrastructure.ResourceInvoker.<InvokeFilterPipelineAsync>g__Awaited|20_0(ResourceInvoker invoker, Task lastTask, State next, Scope scope, Object state, Boolean isCompleted)
   at Microsoft.AspNetCore.Mvc.Infrastructure.ResourceInvoker.<InvokeAsync>g__Awaited|17_0(ResourceInvoker invoker, Task task, IDisposable scope)
   at Microsoft.AspNetCore.Mvc.Infrastructure.ResourceInvoker.<InvokeAsync>g__Awaited|17_0(ResourceInvoker invoker, Task task, IDisposable scope)
   at Microsoft.AspNetCore.Authorization.AuthorizationMiddleware.Invoke(HttpContext context)
   at Microsoft.AspNetCore.Authentication.AuthenticationMiddleware.Invoke(HttpContext context)
   at Microsoft.AspNetCore.Diagnostics.StatusCodePagesMiddleware.Invoke(HttpContext context)
   at AquaCMS.Modules.Core.Middleware.PageViewTrackingMiddleware.InvokeAsync(HttpContext ctx) in E:\sourceCode\catalog\src\AquaCMS\Modules\Core\Middleware\PageViewTrackingMiddleware.cs:line 43
   at Microsoft.AspNetCore.Diagnostics.DeveloperExceptionPageMiddlewareImpl.Invoke(HttpContext context)
  Exception data:
    Severity: ERROR
    SqlState: 42703
    MessageText: column s.HeroBackgroundImage does not exist
    Position: 410
    File: parse_relation.c
    Line: 3722
    Routine: errorMissingColumn
2026-05-14 16:00:39.618 +07:00 [ERR] HTTP GET /admin/profile responded 500 in 37.9561 ms
2026-05-14 16:00:39.923 +07:00 [ERR] Failed executing DbCommand (2ms) [Parameters=[], CommandType='"Text"', CommandTimeout='30']
SELECT s.id, s.about_content, s.about_image, s.about_title, s.address, s.background_color, s.bank_name, s.bank_number, s.bank_owner, s.chat_auto_reply_message, s.company_name, s.copyright_text, s.default_meta_description, s.default_meta_title, s.default_og_image, s.email, s.email_enabled, s.facebook, s.facebook_pixel_id, s.featured_products_count, s.footer_about_text, s.footer_text, s.google_analytics_id, s."HeroBackgroundImage", s.latest_posts_count, s.logo, s.notification_email, s.phone, s.primary_color, s.show_banners, s.show_categories, s.show_facebook, s.show_featured_products, s.show_footer, s.show_hotline, s.show_latest_posts, s.show_nav_cart, s.show_nav_knowledge, s.show_nav_partners, s.show_nav_products, s.show_partners, s.show_telegram, s.show_tiktok, s.show_youtube, s.show_zalo, s.smtp_from_email, s.smtp_from_name, s.smtp_host, s.smtp_password, s.smtp_port, s.smtp_use_ssl, s.smtp_user, s.telegram, s.tiktok, s.updated_at, s.youtube, s.zalo
FROM site_settings AS s
ORDER BY s.id
LIMIT 1
2026-05-14 16:00:39.927 +07:00 [ERR] An exception occurred while iterating over the results of a query for context type 'AquaCMS.Data.AppDbContext'.
Npgsql.PostgresException (0x80004005): 42703: column s.HeroBackgroundImage does not exist

POSITION: 410
   at Npgsql.Internal.NpgsqlConnector.ReadMessageLong(Boolean async, DataRowLoadingMode dataRowLoadingMode, Boolean readingNotifications, Boolean isReadingPrependedMessage)
   at System.Runtime.CompilerServices.PoolingAsyncValueTaskMethodBuilder`1.StateMachineBox`1.System.Threading.Tasks.Sources.IValueTaskSource<TResult>.GetResult(Int16 token)
   at Npgsql.NpgsqlDataReader.NextResult(Boolean async, Boolean isConsuming, CancellationToken cancellationToken)
   at Npgsql.NpgsqlDataReader.NextResult(Boolean async, Boolean isConsuming, CancellationToken cancellationToken)
   at Npgsql.NpgsqlCommand.ExecuteReader(Boolean async, CommandBehavior behavior, CancellationToken cancellationToken)
   at Npgsql.NpgsqlCommand.ExecuteReader(Boolean async, CommandBehavior behavior, CancellationToken cancellationToken)
   at Npgsql.NpgsqlCommand.ExecuteDbDataReaderAsync(CommandBehavior behavior, CancellationToken cancellationToken)
   at Microsoft.EntityFrameworkCore.Storage.RelationalCommand.ExecuteReaderAsync(RelationalCommandParameterObject parameterObject, CancellationToken cancellationToken)
   at Microsoft.EntityFrameworkCore.Storage.RelationalCommand.ExecuteReaderAsync(RelationalCommandParameterObject parameterObject, CancellationToken cancellationToken)
   at Microsoft.EntityFrameworkCore.Query.Internal.SingleQueryingEnumerable`1.AsyncEnumerator.InitializeReaderAsync(AsyncEnumerator enumerator, CancellationToken cancellationToken)
   at Npgsql.EntityFrameworkCore.PostgreSQL.Storage.Internal.NpgsqlExecutionStrategy.ExecuteAsync[TState,TResult](TState state, Func`4 operation, Func`4 verifySucceeded, CancellationToken cancellationToken)
   at Microsoft.EntityFrameworkCore.Query.Internal.SingleQueryingEnumerable`1.AsyncEnumerator.MoveNextAsync()
  Exception data:
    Severity: ERROR
    SqlState: 42703
    MessageText: column s.HeroBackgroundImage does not exist
    Position: 410
    File: parse_relation.c
    Line: 3722
    Routine: errorMissingColumn
Npgsql.PostgresException (0x80004005): 42703: column s.HeroBackgroundImage does not exist

POSITION: 410
   at Npgsql.Internal.NpgsqlConnector.ReadMessageLong(Boolean async, DataRowLoadingMode dataRowLoadingMode, Boolean readingNotifications, Boolean isReadingPrependedMessage)
   at System.Runtime.CompilerServices.PoolingAsyncValueTaskMethodBuilder`1.StateMachineBox`1.System.Threading.Tasks.Sources.IValueTaskSource<TResult>.GetResult(Int16 token)
   at Npgsql.NpgsqlDataReader.NextResult(Boolean async, Boolean isConsuming, CancellationToken cancellationToken)
   at Npgsql.NpgsqlDataReader.NextResult(Boolean async, Boolean isConsuming, CancellationToken cancellationToken)
   at Npgsql.NpgsqlCommand.ExecuteReader(Boolean async, CommandBehavior behavior, CancellationToken cancellationToken)
   at Npgsql.NpgsqlCommand.ExecuteReader(Boolean async, CommandBehavior behavior, CancellationToken cancellationToken)
   at Npgsql.NpgsqlCommand.ExecuteDbDataReaderAsync(CommandBehavior behavior, CancellationToken cancellationToken)
   at Microsoft.EntityFrameworkCore.Storage.RelationalCommand.ExecuteReaderAsync(RelationalCommandParameterObject parameterObject, CancellationToken cancellationToken)
   at Microsoft.EntityFrameworkCore.Storage.RelationalCommand.ExecuteReaderAsync(RelationalCommandParameterObject parameterObject, CancellationToken cancellationToken)
   at Microsoft.EntityFrameworkCore.Query.Internal.SingleQueryingEnumerable`1.AsyncEnumerator.InitializeReaderAsync(AsyncEnumerator enumerator, CancellationToken cancellationToken)
   at Npgsql.EntityFrameworkCore.PostgreSQL.Storage.Internal.NpgsqlExecutionStrategy.ExecuteAsync[TState,TResult](TState state, Func`4 operation, Func`4 verifySucceeded, CancellationToken cancellationToken)
   at Microsoft.EntityFrameworkCore.Query.Internal.SingleQueryingEnumerable`1.AsyncEnumerator.MoveNextAsync()
  Exception data:
    Severity: ERROR
    SqlState: 42703
    MessageText: column s.HeroBackgroundImage does not exist
    Position: 410
    File: parse_relation.c
    Line: 3722
    Routine: errorMissingColumn
2026-05-14 16:00:39.937 +07:00 [ERR] An unhandled exception has occurred while executing the request.
Npgsql.PostgresException (0x80004005): 42703: column s.HeroBackgroundImage does not exist

POSITION: 410
   at Npgsql.Internal.NpgsqlConnector.ReadMessageLong(Boolean async, DataRowLoadingMode dataRowLoadingMode, Boolean readingNotifications, Boolean isReadingPrependedMessage)
   at System.Runtime.CompilerServices.PoolingAsyncValueTaskMethodBuilder`1.StateMachineBox`1.System.Threading.Tasks.Sources.IValueTaskSource<TResult>.GetResult(Int16 token)
   at Npgsql.NpgsqlDataReader.NextResult(Boolean async, Boolean isConsuming, CancellationToken cancellationToken)
   at Npgsql.NpgsqlDataReader.NextResult(Boolean async, Boolean isConsuming, CancellationToken cancellationToken)
   at Npgsql.NpgsqlCommand.ExecuteReader(Boolean async, CommandBehavior behavior, CancellationToken cancellationToken)
   at Npgsql.NpgsqlCommand.ExecuteReader(Boolean async, CommandBehavior behavior, CancellationToken cancellationToken)
   at Npgsql.NpgsqlCommand.ExecuteDbDataReaderAsync(CommandBehavior behavior, CancellationToken cancellationToken)
   at Microsoft.EntityFrameworkCore.Storage.RelationalCommand.ExecuteReaderAsync(RelationalCommandParameterObject parameterObject, CancellationToken cancellationToken)
   at Microsoft.EntityFrameworkCore.Storage.RelationalCommand.ExecuteReaderAsync(RelationalCommandParameterObject parameterObject, CancellationToken cancellationToken)
   at Microsoft.EntityFrameworkCore.Query.Internal.SingleQueryingEnumerable`1.AsyncEnumerator.InitializeReaderAsync(AsyncEnumerator enumerator, CancellationToken cancellationToken)
   at Npgsql.EntityFrameworkCore.PostgreSQL.Storage.Internal.NpgsqlExecutionStrategy.ExecuteAsync[TState,TResult](TState state, Func`4 operation, Func`4 verifySucceeded, CancellationToken cancellationToken)
   at Microsoft.EntityFrameworkCore.Query.Internal.SingleQueryingEnumerable`1.AsyncEnumerator.MoveNextAsync()
   at Microsoft.EntityFrameworkCore.Query.ShapedQueryCompilingExpressionVisitor.SingleOrDefaultAsync[TSource](IAsyncEnumerable`1 asyncEnumerable, CancellationToken cancellationToken)
   at Microsoft.EntityFrameworkCore.Query.ShapedQueryCompilingExpressionVisitor.SingleOrDefaultAsync[TSource](IAsyncEnumerable`1 asyncEnumerable, CancellationToken cancellationToken)
   at AquaCMS.Services.SettingsService.GetSettingsAsync() in E:\sourceCode\catalog\src\AquaCMS\Services\SettingsService.cs:line 36
   at AspNetCoreGeneratedDocument.Areas_Admin_Views_Shared__AdminLayout.ExecuteAsync() in E:\sourceCode\catalog\src\AquaCMS\Areas\Admin\Views\Shared\_AdminLayout.cshtml:line 4
   at Microsoft.AspNetCore.Mvc.Razor.RazorView.RenderPageCoreAsync(IRazorPage page, ViewContext context)
   at Microsoft.AspNetCore.Mvc.Razor.RazorView.RenderPageAsync(IRazorPage page, ViewContext context, Boolean invokeViewStarts)
   at Microsoft.AspNetCore.Mvc.Razor.RazorView.RenderLayoutAsync(ViewContext context, ViewBufferTextWriter bodyWriter)
   at Microsoft.AspNetCore.Mvc.Razor.RazorView.RenderAsync(ViewContext context)
   at Microsoft.AspNetCore.Mvc.ViewFeatures.ViewExecutor.ExecuteAsync(ViewContext viewContext, String contentType, Nullable`1 statusCode)
   at Microsoft.AspNetCore.Mvc.ViewFeatures.ViewExecutor.ExecuteAsync(ViewContext viewContext, String contentType, Nullable`1 statusCode)
   at Microsoft.AspNetCore.Mvc.ViewFeatures.ViewExecutor.ExecuteAsync(ActionContext actionContext, IView view, ViewDataDictionary viewData, ITempDataDictionary tempData, String contentType, Nullable`1 statusCode)
   at Microsoft.AspNetCore.Mvc.ViewFeatures.ViewResultExecutor.ExecuteAsync(ActionContext context, ViewResult result)
   at Microsoft.AspNetCore.Mvc.ViewResult.ExecuteResultAsync(ActionContext context)
   at Microsoft.AspNetCore.Mvc.Infrastructure.ResourceInvoker.<InvokeNextResultFilterAsync>g__Awaited|30_0[TFilter,TFilterAsync](ResourceInvoker invoker, Task lastTask, State next, Scope scope, Object state, Boolean isCompleted)
   at Microsoft.AspNetCore.Mvc.Infrastructure.ResourceInvoker.Rethrow(ResultExecutedContextSealed context)
   at Microsoft.AspNetCore.Mvc.Infrastructure.ResourceInvoker.ResultNext[TFilter,TFilterAsync](State& next, Scope& scope, Object& state, Boolean& isCompleted)
   at Microsoft.AspNetCore.Mvc.Infrastructure.ResourceInvoker.<InvokeResultFilters>g__Awaited|28_0(ResourceInvoker invoker, Task lastTask, State next, Scope scope, Object state, Boolean isCompleted)
   at Microsoft.AspNetCore.Mvc.Infrastructure.ResourceInvoker.<InvokeNextResourceFilter>g__Awaited|25_0(ResourceInvoker invoker, Task lastTask, State next, Scope scope, Object state, Boolean isCompleted)
   at Microsoft.AspNetCore.Mvc.Infrastructure.ResourceInvoker.Rethrow(ResourceExecutedContextSealed context)
   at Microsoft.AspNetCore.Mvc.Infrastructure.ResourceInvoker.Next(State& next, Scope& scope, Object& state, Boolean& isCompleted)
   at Microsoft.AspNetCore.Mvc.Infrastructure.ResourceInvoker.<InvokeFilterPipelineAsync>g__Awaited|20_0(ResourceInvoker invoker, Task lastTask, State next, Scope scope, Object state, Boolean isCompleted)
   at Microsoft.AspNetCore.Mvc.Infrastructure.ResourceInvoker.<InvokeAsync>g__Awaited|17_0(ResourceInvoker invoker, Task task, IDisposable scope)
   at Microsoft.AspNetCore.Mvc.Infrastructure.ResourceInvoker.<InvokeAsync>g__Awaited|17_0(ResourceInvoker invoker, Task task, IDisposable scope)
   at Microsoft.AspNetCore.Authorization.AuthorizationMiddleware.Invoke(HttpContext context)
   at Microsoft.AspNetCore.Authentication.AuthenticationMiddleware.Invoke(HttpContext context)
   at Microsoft.AspNetCore.Diagnostics.StatusCodePagesMiddleware.Invoke(HttpContext context)
   at AquaCMS.Modules.Core.Middleware.PageViewTrackingMiddleware.InvokeAsync(HttpContext ctx) in E:\sourceCode\catalog\src\AquaCMS\Modules\Core\Middleware\PageViewTrackingMiddleware.cs:line 43
   at Microsoft.AspNetCore.Diagnostics.DeveloperExceptionPageMiddlewareImpl.Invoke(HttpContext context)
  Exception data:
    Severity: ERROR
    SqlState: 42703
    MessageText: column s.HeroBackgroundImage does not exist
    Position: 410
    File: parse_relation.c
    Line: 3722
    Routine: errorMissingColumn
2026-05-14 16:00:39.958 +07:00 [ERR] HTTP GET /admin/profile responded 500 in 41.3632 ms
2026-05-14 16:00:40.074 +07:00 [ERR] Failed executing DbCommand (2ms) [Parameters=[], CommandType='"Text"', CommandTimeout='30']
SELECT s.id, s.about_content, s.about_image, s.about_title, s.address, s.background_color, s.bank_name, s.bank_number, s.bank_owner, s.chat_auto_reply_message, s.company_name, s.copyright_text, s.default_meta_description, s.default_meta_title, s.default_og_image, s.email, s.email_enabled, s.facebook, s.facebook_pixel_id, s.featured_products_count, s.footer_about_text, s.footer_text, s.google_analytics_id, s."HeroBackgroundImage", s.latest_posts_count, s.logo, s.notification_email, s.phone, s.primary_color, s.show_banners, s.show_categories, s.show_facebook, s.show_featured_products, s.show_footer, s.show_hotline, s.show_latest_posts, s.show_nav_cart, s.show_nav_knowledge, s.show_nav_partners, s.show_nav_products, s.show_partners, s.show_telegram, s.show_tiktok, s.show_youtube, s.show_zalo, s.smtp_from_email, s.smtp_from_name, s.smtp_host, s.smtp_password, s.smtp_port, s.smtp_use_ssl, s.smtp_user, s.telegram, s.tiktok, s.updated_at, s.youtube, s.zalo
FROM site_settings AS s
ORDER BY s.id
LIMIT 1
2026-05-14 16:00:40.078 +07:00 [ERR] An exception occurred while iterating over the results of a query for context type 'AquaCMS.Data.AppDbContext'.
Npgsql.PostgresException (0x80004005): 42703: column s.HeroBackgroundImage does not exist

POSITION: 410
   at Npgsql.Internal.NpgsqlConnector.ReadMessageLong(Boolean async, DataRowLoadingMode dataRowLoadingMode, Boolean readingNotifications, Boolean isReadingPrependedMessage)
   at System.Runtime.CompilerServices.PoolingAsyncValueTaskMethodBuilder`1.StateMachineBox`1.System.Threading.Tasks.Sources.IValueTaskSource<TResult>.GetResult(Int16 token)
   at Npgsql.NpgsqlDataReader.NextResult(Boolean async, Boolean isConsuming, CancellationToken cancellationToken)
   at Npgsql.NpgsqlDataReader.NextResult(Boolean async, Boolean isConsuming, CancellationToken cancellationToken)
   at Npgsql.NpgsqlCommand.ExecuteReader(Boolean async, CommandBehavior behavior, CancellationToken cancellationToken)
   at Npgsql.NpgsqlCommand.ExecuteReader(Boolean async, CommandBehavior behavior, CancellationToken cancellationToken)
   at Npgsql.NpgsqlCommand.ExecuteDbDataReaderAsync(CommandBehavior behavior, CancellationToken cancellationToken)
   at Microsoft.EntityFrameworkCore.Storage.RelationalCommand.ExecuteReaderAsync(RelationalCommandParameterObject parameterObject, CancellationToken cancellationToken)
   at Microsoft.EntityFrameworkCore.Storage.RelationalCommand.ExecuteReaderAsync(RelationalCommandParameterObject parameterObject, CancellationToken cancellationToken)
   at Microsoft.EntityFrameworkCore.Query.Internal.SingleQueryingEnumerable`1.AsyncEnumerator.InitializeReaderAsync(AsyncEnumerator enumerator, CancellationToken cancellationToken)
   at Npgsql.EntityFrameworkCore.PostgreSQL.Storage.Internal.NpgsqlExecutionStrategy.ExecuteAsync[TState,TResult](TState state, Func`4 operation, Func`4 verifySucceeded, CancellationToken cancellationToken)
   at Microsoft.EntityFrameworkCore.Query.Internal.SingleQueryingEnumerable`1.AsyncEnumerator.MoveNextAsync()
  Exception data:
    Severity: ERROR
    SqlState: 42703
    MessageText: column s.HeroBackgroundImage does not exist
    Position: 410
    File: parse_relation.c
    Line: 3722
    Routine: errorMissingColumn
Npgsql.PostgresException (0x80004005): 42703: column s.HeroBackgroundImage does not exist

POSITION: 410
   at Npgsql.Internal.NpgsqlConnector.ReadMessageLong(Boolean async, DataRowLoadingMode dataRowLoadingMode, Boolean readingNotifications, Boolean isReadingPrependedMessage)
   at System.Runtime.CompilerServices.PoolingAsyncValueTaskMethodBuilder`1.StateMachineBox`1.System.Threading.Tasks.Sources.IValueTaskSource<TResult>.GetResult(Int16 token)
   at Npgsql.NpgsqlDataReader.NextResult(Boolean async, Boolean isConsuming, CancellationToken cancellationToken)
   at Npgsql.NpgsqlDataReader.NextResult(Boolean async, Boolean isConsuming, CancellationToken cancellationToken)
   at Npgsql.NpgsqlCommand.ExecuteReader(Boolean async, CommandBehavior behavior, CancellationToken cancellationToken)
   at Npgsql.NpgsqlCommand.ExecuteReader(Boolean async, CommandBehavior behavior, CancellationToken cancellationToken)
   at Npgsql.NpgsqlCommand.ExecuteDbDataReaderAsync(CommandBehavior behavior, CancellationToken cancellationToken)
   at Microsoft.EntityFrameworkCore.Storage.RelationalCommand.ExecuteReaderAsync(RelationalCommandParameterObject parameterObject, CancellationToken cancellationToken)
   at Microsoft.EntityFrameworkCore.Storage.RelationalCommand.ExecuteReaderAsync(RelationalCommandParameterObject parameterObject, CancellationToken cancellationToken)
   at Microsoft.EntityFrameworkCore.Query.Internal.SingleQueryingEnumerable`1.AsyncEnumerator.InitializeReaderAsync(AsyncEnumerator enumerator, CancellationToken cancellationToken)
   at Npgsql.EntityFrameworkCore.PostgreSQL.Storage.Internal.NpgsqlExecutionStrategy.ExecuteAsync[TState,TResult](TState state, Func`4 operation, Func`4 verifySucceeded, CancellationToken cancellationToken)
   at Microsoft.EntityFrameworkCore.Query.Internal.SingleQueryingEnumerable`1.AsyncEnumerator.MoveNextAsync()
  Exception data:
    Severity: ERROR
    SqlState: 42703
    MessageText: column s.HeroBackgroundImage does not exist
    Position: 410
    File: parse_relation.c
    Line: 3722
    Routine: errorMissingColumn
2026-05-14 16:00:40.086 +07:00 [ERR] An unhandled exception has occurred while executing the request.
Npgsql.PostgresException (0x80004005): 42703: column s.HeroBackgroundImage does not exist

POSITION: 410
   at Npgsql.Internal.NpgsqlConnector.ReadMessageLong(Boolean async, DataRowLoadingMode dataRowLoadingMode, Boolean readingNotifications, Boolean isReadingPrependedMessage)
   at System.Runtime.CompilerServices.PoolingAsyncValueTaskMethodBuilder`1.StateMachineBox`1.System.Threading.Tasks.Sources.IValueTaskSource<TResult>.GetResult(Int16 token)
   at Npgsql.NpgsqlDataReader.NextResult(Boolean async, Boolean isConsuming, CancellationToken cancellationToken)
   at Npgsql.NpgsqlDataReader.NextResult(Boolean async, Boolean isConsuming, CancellationToken cancellationToken)
   at Npgsql.NpgsqlCommand.ExecuteReader(Boolean async, CommandBehavior behavior, CancellationToken cancellationToken)
   at Npgsql.NpgsqlCommand.ExecuteReader(Boolean async, CommandBehavior behavior, CancellationToken cancellationToken)
   at Npgsql.NpgsqlCommand.ExecuteDbDataReaderAsync(CommandBehavior behavior, CancellationToken cancellationToken)
   at Microsoft.EntityFrameworkCore.Storage.RelationalCommand.ExecuteReaderAsync(RelationalCommandParameterObject parameterObject, CancellationToken cancellationToken)
   at Microsoft.EntityFrameworkCore.Storage.RelationalCommand.ExecuteReaderAsync(RelationalCommandParameterObject parameterObject, CancellationToken cancellationToken)
   at Microsoft.EntityFrameworkCore.Query.Internal.SingleQueryingEnumerable`1.AsyncEnumerator.InitializeReaderAsync(AsyncEnumerator enumerator, CancellationToken cancellationToken)
   at Npgsql.EntityFrameworkCore.PostgreSQL.Storage.Internal.NpgsqlExecutionStrategy.ExecuteAsync[TState,TResult](TState state, Func`4 operation, Func`4 verifySucceeded, CancellationToken cancellationToken)
   at Microsoft.EntityFrameworkCore.Query.Internal.SingleQueryingEnumerable`1.AsyncEnumerator.MoveNextAsync()
   at Microsoft.EntityFrameworkCore.Query.ShapedQueryCompilingExpressionVisitor.SingleOrDefaultAsync[TSource](IAsyncEnumerable`1 asyncEnumerable, CancellationToken cancellationToken)
   at Microsoft.EntityFrameworkCore.Query.ShapedQueryCompilingExpressionVisitor.SingleOrDefaultAsync[TSource](IAsyncEnumerable`1 asyncEnumerable, CancellationToken cancellationToken)
   at AquaCMS.Services.SettingsService.GetSettingsAsync() in E:\sourceCode\catalog\src\AquaCMS\Services\SettingsService.cs:line 36
   at AspNetCoreGeneratedDocument.Areas_Admin_Views_Shared__AdminLayout.ExecuteAsync() in E:\sourceCode\catalog\src\AquaCMS\Areas\Admin\Views\Shared\_AdminLayout.cshtml:line 4
   at Microsoft.AspNetCore.Mvc.Razor.RazorView.RenderPageCoreAsync(IRazorPage page, ViewContext context)
   at Microsoft.AspNetCore.Mvc.Razor.RazorView.RenderPageAsync(IRazorPage page, ViewContext context, Boolean invokeViewStarts)
   at Microsoft.AspNetCore.Mvc.Razor.RazorView.RenderLayoutAsync(ViewContext context, ViewBufferTextWriter bodyWriter)
   at Microsoft.AspNetCore.Mvc.Razor.RazorView.RenderAsync(ViewContext context)
   at Microsoft.AspNetCore.Mvc.ViewFeatures.ViewExecutor.ExecuteAsync(ViewContext viewContext, String contentType, Nullable`1 statusCode)
   at Microsoft.AspNetCore.Mvc.ViewFeatures.ViewExecutor.ExecuteAsync(ViewContext viewContext, String contentType, Nullable`1 statusCode)
   at Microsoft.AspNetCore.Mvc.ViewFeatures.ViewExecutor.ExecuteAsync(ActionContext actionContext, IView view, ViewDataDictionary viewData, ITempDataDictionary tempData, String contentType, Nullable`1 statusCode)
   at Microsoft.AspNetCore.Mvc.ViewFeatures.ViewResultExecutor.ExecuteAsync(ActionContext context, ViewResult result)
   at Microsoft.AspNetCore.Mvc.ViewResult.ExecuteResultAsync(ActionContext context)
   at Microsoft.AspNetCore.Mvc.Infrastructure.ResourceInvoker.<InvokeNextResultFilterAsync>g__Awaited|30_0[TFilter,TFilterAsync](ResourceInvoker invoker, Task lastTask, State next, Scope scope, Object state, Boolean isCompleted)
   at Microsoft.AspNetCore.Mvc.Infrastructure.ResourceInvoker.Rethrow(ResultExecutedContextSealed context)
   at Microsoft.AspNetCore.Mvc.Infrastructure.ResourceInvoker.ResultNext[TFilter,TFilterAsync](State& next, Scope& scope, Object& state, Boolean& isCompleted)
   at Microsoft.AspNetCore.Mvc.Infrastructure.ResourceInvoker.<InvokeResultFilters>g__Awaited|28_0(ResourceInvoker invoker, Task lastTask, State next, Scope scope, Object state, Boolean isCompleted)
   at Microsoft.AspNetCore.Mvc.Infrastructure.ResourceInvoker.<InvokeNextResourceFilter>g__Awaited|25_0(ResourceInvoker invoker, Task lastTask, State next, Scope scope, Object state, Boolean isCompleted)
   at Microsoft.AspNetCore.Mvc.Infrastructure.ResourceInvoker.Rethrow(ResourceExecutedContextSealed context)
   at Microsoft.AspNetCore.Mvc.Infrastructure.ResourceInvoker.Next(State& next, Scope& scope, Object& state, Boolean& isCompleted)
   at Microsoft.AspNetCore.Mvc.Infrastructure.ResourceInvoker.<InvokeFilterPipelineAsync>g__Awaited|20_0(ResourceInvoker invoker, Task lastTask, State next, Scope scope, Object state, Boolean isCompleted)
   at Microsoft.AspNetCore.Mvc.Infrastructure.ResourceInvoker.<InvokeAsync>g__Awaited|17_0(ResourceInvoker invoker, Task task, IDisposable scope)
   at Microsoft.AspNetCore.Mvc.Infrastructure.ResourceInvoker.<InvokeAsync>g__Awaited|17_0(ResourceInvoker invoker, Task task, IDisposable scope)
   at Microsoft.AspNetCore.Authorization.AuthorizationMiddleware.Invoke(HttpContext context)
   at Microsoft.AspNetCore.Authentication.AuthenticationMiddleware.Invoke(HttpContext context)
   at Microsoft.AspNetCore.Diagnostics.StatusCodePagesMiddleware.Invoke(HttpContext context)
   at AquaCMS.Modules.Core.Middleware.PageViewTrackingMiddleware.InvokeAsync(HttpContext ctx) in E:\sourceCode\catalog\src\AquaCMS\Modules\Core\Middleware\PageViewTrackingMiddleware.cs:line 43
   at Microsoft.AspNetCore.Diagnostics.DeveloperExceptionPageMiddlewareImpl.Invoke(HttpContext context)
  Exception data:
    Severity: ERROR
    SqlState: 42703
    MessageText: column s.HeroBackgroundImage does not exist
    Position: 410
    File: parse_relation.c
    Line: 3722
    Routine: errorMissingColumn
2026-05-14 16:00:40.108 +07:00 [ERR] HTTP GET /admin/profile responded 500 in 39.6065 ms
2026-05-14 16:00:40.211 +07:00 [ERR] Failed executing DbCommand (2ms) [Parameters=[], CommandType='"Text"', CommandTimeout='30']
SELECT s.id, s.about_content, s.about_image, s.about_title, s.address, s.background_color, s.bank_name, s.bank_number, s.bank_owner, s.chat_auto_reply_message, s.company_name, s.copyright_text, s.default_meta_description, s.default_meta_title, s.default_og_image, s.email, s.email_enabled, s.facebook, s.facebook_pixel_id, s.featured_products_count, s.footer_about_text, s.footer_text, s.google_analytics_id, s."HeroBackgroundImage", s.latest_posts_count, s.logo, s.notification_email, s.phone, s.primary_color, s.show_banners, s.show_categories, s.show_facebook, s.show_featured_products, s.show_footer, s.show_hotline, s.show_latest_posts, s.show_nav_cart, s.show_nav_knowledge, s.show_nav_partners, s.show_nav_products, s.show_partners, s.show_telegram, s.show_tiktok, s.show_youtube, s.show_zalo, s.smtp_from_email, s.smtp_from_name, s.smtp_host, s.smtp_password, s.smtp_port, s.smtp_use_ssl, s.smtp_user, s.telegram, s.tiktok, s.updated_at, s.youtube, s.zalo
FROM site_settings AS s
ORDER BY s.id
LIMIT 1
2026-05-14 16:00:40.215 +07:00 [ERR] An exception occurred while iterating over the results of a query for context type 'AquaCMS.Data.AppDbContext'.
Npgsql.PostgresException (0x80004005): 42703: column s.HeroBackgroundImage does not exist

POSITION: 410
   at Npgsql.Internal.NpgsqlConnector.ReadMessageLong(Boolean async, DataRowLoadingMode dataRowLoadingMode, Boolean readingNotifications, Boolean isReadingPrependedMessage)
   at System.Runtime.CompilerServices.PoolingAsyncValueTaskMethodBuilder`1.StateMachineBox`1.System.Threading.Tasks.Sources.IValueTaskSource<TResult>.GetResult(Int16 token)
   at Npgsql.NpgsqlDataReader.NextResult(Boolean async, Boolean isConsuming, CancellationToken cancellationToken)
   at Npgsql.NpgsqlDataReader.NextResult(Boolean async, Boolean isConsuming, CancellationToken cancellationToken)
   at Npgsql.NpgsqlCommand.ExecuteReader(Boolean async, CommandBehavior behavior, CancellationToken cancellationToken)
   at Npgsql.NpgsqlCommand.ExecuteReader(Boolean async, CommandBehavior behavior, CancellationToken cancellationToken)
   at Npgsql.NpgsqlCommand.ExecuteDbDataReaderAsync(CommandBehavior behavior, CancellationToken cancellationToken)
   at Microsoft.EntityFrameworkCore.Storage.RelationalCommand.ExecuteReaderAsync(RelationalCommandParameterObject parameterObject, CancellationToken cancellationToken)
   at Microsoft.EntityFrameworkCore.Storage.RelationalCommand.ExecuteReaderAsync(RelationalCommandParameterObject parameterObject, CancellationToken cancellationToken)
   at Microsoft.EntityFrameworkCore.Query.Internal.SingleQueryingEnumerable`1.AsyncEnumerator.InitializeReaderAsync(AsyncEnumerator enumerator, CancellationToken cancellationToken)
   at Npgsql.EntityFrameworkCore.PostgreSQL.Storage.Internal.NpgsqlExecutionStrategy.ExecuteAsync[TState,TResult](TState state, Func`4 operation, Func`4 verifySucceeded, CancellationToken cancellationToken)
   at Microsoft.EntityFrameworkCore.Query.Internal.SingleQueryingEnumerable`1.AsyncEnumerator.MoveNextAsync()
  Exception data:
    Severity: ERROR
    SqlState: 42703
    MessageText: column s.HeroBackgroundImage does not exist
    Position: 410
    File: parse_relation.c
    Line: 3722
    Routine: errorMissingColumn
Npgsql.PostgresException (0x80004005): 42703: column s.HeroBackgroundImage does not exist

POSITION: 410
   at Npgsql.Internal.NpgsqlConnector.ReadMessageLong(Boolean async, DataRowLoadingMode dataRowLoadingMode, Boolean readingNotifications, Boolean isReadingPrependedMessage)
   at System.Runtime.CompilerServices.PoolingAsyncValueTaskMethodBuilder`1.StateMachineBox`1.System.Threading.Tasks.Sources.IValueTaskSource<TResult>.GetResult(Int16 token)
   at Npgsql.NpgsqlDataReader.NextResult(Boolean async, Boolean isConsuming, CancellationToken cancellationToken)
   at Npgsql.NpgsqlDataReader.NextResult(Boolean async, Boolean isConsuming, CancellationToken cancellationToken)
   at Npgsql.NpgsqlCommand.ExecuteReader(Boolean async, CommandBehavior behavior, CancellationToken cancellationToken)
   at Npgsql.NpgsqlCommand.ExecuteReader(Boolean async, CommandBehavior behavior, CancellationToken cancellationToken)
   at Npgsql.NpgsqlCommand.ExecuteDbDataReaderAsync(CommandBehavior behavior, CancellationToken cancellationToken)
   at Microsoft.EntityFrameworkCore.Storage.RelationalCommand.ExecuteReaderAsync(RelationalCommandParameterObject parameterObject, CancellationToken cancellationToken)
   at Microsoft.EntityFrameworkCore.Storage.RelationalCommand.ExecuteReaderAsync(RelationalCommandParameterObject parameterObject, CancellationToken cancellationToken)
   at Microsoft.EntityFrameworkCore.Query.Internal.SingleQueryingEnumerable`1.AsyncEnumerator.InitializeReaderAsync(AsyncEnumerator enumerator, CancellationToken cancellationToken)
   at Npgsql.EntityFrameworkCore.PostgreSQL.Storage.Internal.NpgsqlExecutionStrategy.ExecuteAsync[TState,TResult](TState state, Func`4 operation, Func`4 verifySucceeded, CancellationToken cancellationToken)
   at Microsoft.EntityFrameworkCore.Query.Internal.SingleQueryingEnumerable`1.AsyncEnumerator.MoveNextAsync()
  Exception data:
    Severity: ERROR
    SqlState: 42703
    MessageText: column s.HeroBackgroundImage does not exist
    Position: 410
    File: parse_relation.c
    Line: 3722
    Routine: errorMissingColumn
2026-05-14 16:00:40.224 +07:00 [ERR] An unhandled exception has occurred while executing the request.
Npgsql.PostgresException (0x80004005): 42703: column s.HeroBackgroundImage does not exist

POSITION: 410
   at Npgsql.Internal.NpgsqlConnector.ReadMessageLong(Boolean async, DataRowLoadingMode dataRowLoadingMode, Boolean readingNotifications, Boolean isReadingPrependedMessage)
   at System.Runtime.CompilerServices.PoolingAsyncValueTaskMethodBuilder`1.StateMachineBox`1.System.Threading.Tasks.Sources.IValueTaskSource<TResult>.GetResult(Int16 token)
   at Npgsql.NpgsqlDataReader.NextResult(Boolean async, Boolean isConsuming, CancellationToken cancellationToken)
   at Npgsql.NpgsqlDataReader.NextResult(Boolean async, Boolean isConsuming, CancellationToken cancellationToken)
   at Npgsql.NpgsqlCommand.ExecuteReader(Boolean async, CommandBehavior behavior, CancellationToken cancellationToken)
   at Npgsql.NpgsqlCommand.ExecuteReader(Boolean async, CommandBehavior behavior, CancellationToken cancellationToken)
   at Npgsql.NpgsqlCommand.ExecuteDbDataReaderAsync(CommandBehavior behavior, CancellationToken cancellationToken)
   at Microsoft.EntityFrameworkCore.Storage.RelationalCommand.ExecuteReaderAsync(RelationalCommandParameterObject parameterObject, CancellationToken cancellationToken)
   at Microsoft.EntityFrameworkCore.Storage.RelationalCommand.ExecuteReaderAsync(RelationalCommandParameterObject parameterObject, CancellationToken cancellationToken)
   at Microsoft.EntityFrameworkCore.Query.Internal.SingleQueryingEnumerable`1.AsyncEnumerator.InitializeReaderAsync(AsyncEnumerator enumerator, CancellationToken cancellationToken)
   at Npgsql.EntityFrameworkCore.PostgreSQL.Storage.Internal.NpgsqlExecutionStrategy.ExecuteAsync[TState,TResult](TState state, Func`4 operation, Func`4 verifySucceeded, CancellationToken cancellationToken)
   at Microsoft.EntityFrameworkCore.Query.Internal.SingleQueryingEnumerable`1.AsyncEnumerator.MoveNextAsync()
   at Microsoft.EntityFrameworkCore.Query.ShapedQueryCompilingExpressionVisitor.SingleOrDefaultAsync[TSource](IAsyncEnumerable`1 asyncEnumerable, CancellationToken cancellationToken)
   at Microsoft.EntityFrameworkCore.Query.ShapedQueryCompilingExpressionVisitor.SingleOrDefaultAsync[TSource](IAsyncEnumerable`1 asyncEnumerable, CancellationToken cancellationToken)
   at AquaCMS.Services.SettingsService.GetSettingsAsync() in E:\sourceCode\catalog\src\AquaCMS\Services\SettingsService.cs:line 36
   at AspNetCoreGeneratedDocument.Areas_Admin_Views_Shared__AdminLayout.ExecuteAsync() in E:\sourceCode\catalog\src\AquaCMS\Areas\Admin\Views\Shared\_AdminLayout.cshtml:line 4
   at Microsoft.AspNetCore.Mvc.Razor.RazorView.RenderPageCoreAsync(IRazorPage page, ViewContext context)
   at Microsoft.AspNetCore.Mvc.Razor.RazorView.RenderPageAsync(IRazorPage page, ViewContext context, Boolean invokeViewStarts)
   at Microsoft.AspNetCore.Mvc.Razor.RazorView.RenderLayoutAsync(ViewContext context, ViewBufferTextWriter bodyWriter)
   at Microsoft.AspNetCore.Mvc.Razor.RazorView.RenderAsync(ViewContext context)
   at Microsoft.AspNetCore.Mvc.ViewFeatures.ViewExecutor.ExecuteAsync(ViewContext viewContext, String contentType, Nullable`1 statusCode)
   at Microsoft.AspNetCore.Mvc.ViewFeatures.ViewExecutor.ExecuteAsync(ViewContext viewContext, String contentType, Nullable`1 statusCode)
   at Microsoft.AspNetCore.Mvc.ViewFeatures.ViewExecutor.ExecuteAsync(ActionContext actionContext, IView view, ViewDataDictionary viewData, ITempDataDictionary tempData, String contentType, Nullable`1 statusCode)
   at Microsoft.AspNetCore.Mvc.ViewFeatures.ViewResultExecutor.ExecuteAsync(ActionContext context, ViewResult result)
   at Microsoft.AspNetCore.Mvc.ViewResult.ExecuteResultAsync(ActionContext context)
   at Microsoft.AspNetCore.Mvc.Infrastructure.ResourceInvoker.<InvokeNextResultFilterAsync>g__Awaited|30_0[TFilter,TFilterAsync](ResourceInvoker invoker, Task lastTask, State next, Scope scope, Object state, Boolean isCompleted)
   at Microsoft.AspNetCore.Mvc.Infrastructure.ResourceInvoker.Rethrow(ResultExecutedContextSealed context)
   at Microsoft.AspNetCore.Mvc.Infrastructure.ResourceInvoker.ResultNext[TFilter,TFilterAsync](State& next, Scope& scope, Object& state, Boolean& isCompleted)
   at Microsoft.AspNetCore.Mvc.Infrastructure.ResourceInvoker.<InvokeResultFilters>g__Awaited|28_0(ResourceInvoker invoker, Task lastTask, State next, Scope scope, Object state, Boolean isCompleted)
   at Microsoft.AspNetCore.Mvc.Infrastructure.ResourceInvoker.<InvokeNextResourceFilter>g__Awaited|25_0(ResourceInvoker invoker, Task lastTask, State next, Scope scope, Object state, Boolean isCompleted)
   at Microsoft.AspNetCore.Mvc.Infrastructure.ResourceInvoker.Rethrow(ResourceExecutedContextSealed context)
   at Microsoft.AspNetCore.Mvc.Infrastructure.ResourceInvoker.Next(State& next, Scope& scope, Object& state, Boolean& isCompleted)
   at Microsoft.AspNetCore.Mvc.Infrastructure.ResourceInvoker.<InvokeFilterPipelineAsync>g__Awaited|20_0(ResourceInvoker invoker, Task lastTask, State next, Scope scope, Object state, Boolean isCompleted)
   at Microsoft.AspNetCore.Mvc.Infrastructure.ResourceInvoker.<InvokeAsync>g__Awaited|17_0(ResourceInvoker invoker, Task task, IDisposable scope)
   at Microsoft.AspNetCore.Mvc.Infrastructure.ResourceInvoker.<InvokeAsync>g__Awaited|17_0(ResourceInvoker invoker, Task task, IDisposable scope)
   at Microsoft.AspNetCore.Authorization.AuthorizationMiddleware.Invoke(HttpContext context)
   at Microsoft.AspNetCore.Authentication.AuthenticationMiddleware.Invoke(HttpContext context)
   at Microsoft.AspNetCore.Diagnostics.StatusCodePagesMiddleware.Invoke(HttpContext context)
   at AquaCMS.Modules.Core.Middleware.PageViewTrackingMiddleware.InvokeAsync(HttpContext ctx) in E:\sourceCode\catalog\src\AquaCMS\Modules\Core\Middleware\PageViewTrackingMiddleware.cs:line 43
   at Microsoft.AspNetCore.Diagnostics.DeveloperExceptionPageMiddlewareImpl.Invoke(HttpContext context)
  Exception data:
    Severity: ERROR
    SqlState: 42703
    MessageText: column s.HeroBackgroundImage does not exist
    Position: 410
    File: parse_relation.c
    Line: 3722
    Routine: errorMissingColumn
2026-05-14 16:00:40.255 +07:00 [ERR] HTTP GET /admin/profile responded 500 in 50.5927 ms
2026-05-14 16:14:23.780 +07:00 [INF] HTTP GET /admin/profile responded 200 in 1557.5496 ms
2026-05-14 16:14:24.007 +07:00 [INF] HTTP POST /hubs/chat/negotiate responded 200 in 10.1255 ms
2026-05-14 16:14:26.941 +07:00 [INF] HTTP GET /uploads/settings/85eddb21b13c4e56a70ab970ffd354f5.png responded 304 in 4.1835 ms
2026-05-14 16:14:26.941 +07:00 [INF] HTTP GET /uploads/icons/youtube.png responded 304 in 2.6841 ms
2026-05-14 16:14:26.952 +07:00 [INF] HTTP GET /uploads/icons/zalo.png responded 304 in 0.2973 ms
2026-05-14 16:14:27.124 +07:00 [INF] HTTP GET / responded 200 in 863.1862 ms
2026-05-14 16:14:27.184 +07:00 [INF] HTTP POST /hubs/chat/negotiate responded 200 in 0.6649 ms
2026-05-14 16:14:54.370 +07:00 [INF] HTTP GET /admin/activity responded 200 in 204.9308 ms
2026-05-14 16:14:54.380 +07:00 [INF] HTTP GET /hubs/chat responded 101 in 30342.6220 ms
2026-05-14 16:14:54.491 +07:00 [INF] HTTP POST /hubs/chat/negotiate responded 200 in 0.3919 ms
2026-05-14 16:14:55.113 +07:00 [INF] HTTP GET /admin/banners responded 200 in 41.6154 ms
2026-05-14 16:14:55.119 +07:00 [INF] HTTP GET /hubs/chat responded 101 in 570.5550 ms
2026-05-14 16:14:55.213 +07:00 [INF] HTTP POST /hubs/chat/negotiate responded 200 in 0.3950 ms
2026-05-14 16:14:56.379 +07:00 [INF] HTTP GET /admin/banners/create responded 200 in 56.6022 ms
2026-05-14 16:14:56.386 +07:00 [INF] HTTP GET /hubs/chat responded 101 in 1126.7524 ms
2026-05-14 16:14:56.484 +07:00 [INF] HTTP POST /hubs/chat/negotiate responded 200 in 0.5205 ms
2026-05-14 16:15:04.083 +07:00 [ERR] Failed executing DbCommand (14ms) [Parameters=[@p0='?', @p1='?' (DbType = DateTime), @p2='?', @p3='?', @p4='?', @p5='?' (DbType = Int32), @p6='?', @p7='?'], CommandType='"Text"', CommandTimeout='30']
INSERT INTO banners (color, created_at, description, image, link_url, sort_order, subtitle, title)
VALUES (@p0, @p1, @p2, @p3, @p4, @p5, @p6, @p7)
RETURNING id, is_active;
2026-05-14 16:15:04.106 +07:00 [ERR] An exception occurred in the database while saving changes for context type 'AquaCMS.Data.AppDbContext'.
Microsoft.EntityFrameworkCore.DbUpdateException: An error occurred while saving the entity changes. See the inner exception for details.
 ---> Npgsql.PostgresException (0x80004005): 23502: null value in column "image" of relation "banners" violates not-null constraint

DETAIL: Detail redacted as it may contain sensitive data. Specify 'Include Error Detail' in the connection string to include this information.
   at Npgsql.Internal.NpgsqlConnector.ReadMessageLong(Boolean async, DataRowLoadingMode dataRowLoadingMode, Boolean readingNotifications, Boolean isReadingPrependedMessage)
   at System.Runtime.CompilerServices.PoolingAsyncValueTaskMethodBuilder`1.StateMachineBox`1.System.Threading.Tasks.Sources.IValueTaskSource<TResult>.GetResult(Int16 token)
   at Npgsql.NpgsqlDataReader.NextResult(Boolean async, Boolean isConsuming, CancellationToken cancellationToken)
   at Npgsql.NpgsqlDataReader.NextResult(Boolean async, Boolean isConsuming, CancellationToken cancellationToken)
   at Npgsql.NpgsqlCommand.ExecuteReader(Boolean async, CommandBehavior behavior, CancellationToken cancellationToken)
   at Npgsql.NpgsqlCommand.ExecuteReader(Boolean async, CommandBehavior behavior, CancellationToken cancellationToken)
   at Npgsql.NpgsqlCommand.ExecuteDbDataReaderAsync(CommandBehavior behavior, CancellationToken cancellationToken)
   at Microsoft.EntityFrameworkCore.Storage.RelationalCommand.ExecuteReaderAsync(RelationalCommandParameterObject parameterObject, CancellationToken cancellationToken)
   at Microsoft.EntityFrameworkCore.Storage.RelationalCommand.ExecuteReaderAsync(RelationalCommandParameterObject parameterObject, CancellationToken cancellationToken)
   at Microsoft.EntityFrameworkCore.Update.ReaderModificationCommandBatch.ExecuteAsync(IRelationalConnection connection, CancellationToken cancellationToken)
  Exception data:
    Severity: ERROR
    SqlState: 23502
    MessageText: null value in column "image" of relation "banners" violates not-null constraint
    Detail: Detail redacted as it may contain sensitive data. Specify 'Include Error Detail' in the connection string to include this information.
    SchemaName: public
    TableName: banners
    ColumnName: image
    File: execMain.c
    Line: 2057
    Routine: ExecConstraints
   --- End of inner exception stack trace ---
   at Microsoft.EntityFrameworkCore.Update.ReaderModificationCommandBatch.ExecuteAsync(IRelationalConnection connection, CancellationToken cancellationToken)
   at Microsoft.EntityFrameworkCore.Update.Internal.BatchExecutor.ExecuteAsync(IEnumerable`1 commandBatches, IRelationalConnection connection, CancellationToken cancellationToken)
   at Microsoft.EntityFrameworkCore.Update.Internal.BatchExecutor.ExecuteAsync(IEnumerable`1 commandBatches, IRelationalConnection connection, CancellationToken cancellationToken)
   at Microsoft.EntityFrameworkCore.Update.Internal.BatchExecutor.ExecuteAsync(IEnumerable`1 commandBatches, IRelationalConnection connection, CancellationToken cancellationToken)
   at Microsoft.EntityFrameworkCore.Storage.RelationalDatabase.SaveChangesAsync(IList`1 entries, CancellationToken cancellationToken)
   at Microsoft.EntityFrameworkCore.ChangeTracking.Internal.StateManager.SaveChangesAsync(IList`1 entriesToSave, CancellationToken cancellationToken)
   at Microsoft.EntityFrameworkCore.ChangeTracking.Internal.StateManager.SaveChangesAsync(StateManager stateManager, Boolean acceptAllChangesOnSuccess, CancellationToken cancellationToken)
   at Npgsql.EntityFrameworkCore.PostgreSQL.Storage.Internal.NpgsqlExecutionStrategy.ExecuteAsync[TState,TResult](TState state, Func`4 operation, Func`4 verifySucceeded, CancellationToken cancellationToken)
   at Microsoft.EntityFrameworkCore.DbContext.SaveChangesAsync(Boolean acceptAllChangesOnSuccess, CancellationToken cancellationToken)
Microsoft.EntityFrameworkCore.DbUpdateException: An error occurred while saving the entity changes. See the inner exception for details.
 ---> Npgsql.PostgresException (0x80004005): 23502: null value in column "image" of relation "banners" violates not-null constraint

DETAIL: Detail redacted as it may contain sensitive data. Specify 'Include Error Detail' in the connection string to include this information.
   at Npgsql.Internal.NpgsqlConnector.ReadMessageLong(Boolean async, DataRowLoadingMode dataRowLoadingMode, Boolean readingNotifications, Boolean isReadingPrependedMessage)
   at System.Runtime.CompilerServices.PoolingAsyncValueTaskMethodBuilder`1.StateMachineBox`1.System.Threading.Tasks.Sources.IValueTaskSource<TResult>.GetResult(Int16 token)
   at Npgsql.NpgsqlDataReader.NextResult(Boolean async, Boolean isConsuming, CancellationToken cancellationToken)
   at Npgsql.NpgsqlDataReader.NextResult(Boolean async, Boolean isConsuming, CancellationToken cancellationToken)
   at Npgsql.NpgsqlCommand.ExecuteReader(Boolean async, CommandBehavior behavior, CancellationToken cancellationToken)
   at Npgsql.NpgsqlCommand.ExecuteReader(Boolean async, CommandBehavior behavior, CancellationToken cancellationToken)
   at Npgsql.NpgsqlCommand.ExecuteDbDataReaderAsync(CommandBehavior behavior, CancellationToken cancellationToken)
   at Microsoft.EntityFrameworkCore.Storage.RelationalCommand.ExecuteReaderAsync(RelationalCommandParameterObject parameterObject, CancellationToken cancellationToken)
   at Microsoft.EntityFrameworkCore.Storage.RelationalCommand.ExecuteReaderAsync(RelationalCommandParameterObject parameterObject, CancellationToken cancellationToken)
   at Microsoft.EntityFrameworkCore.Update.ReaderModificationCommandBatch.ExecuteAsync(IRelationalConnection connection, CancellationToken cancellationToken)
  Exception data:
    Severity: ERROR
    SqlState: 23502
    MessageText: null value in column "image" of relation "banners" violates not-null constraint
    Detail: Detail redacted as it may contain sensitive data. Specify 'Include Error Detail' in the connection string to include this information.
    SchemaName: public
    TableName: banners
    ColumnName: image
    File: execMain.c
    Line: 2057
    Routine: ExecConstraints
   --- End of inner exception stack trace ---
   at Microsoft.EntityFrameworkCore.Update.ReaderModificationCommandBatch.ExecuteAsync(IRelationalConnection connection, CancellationToken cancellationToken)
   at Microsoft.EntityFrameworkCore.Update.Internal.BatchExecutor.ExecuteAsync(IEnumerable`1 commandBatches, IRelationalConnection connection, CancellationToken cancellationToken)
   at Microsoft.EntityFrameworkCore.Update.Internal.BatchExecutor.ExecuteAsync(IEnumerable`1 commandBatches, IRelationalConnection connection, CancellationToken cancellationToken)
   at Microsoft.EntityFrameworkCore.Update.Internal.BatchExecutor.ExecuteAsync(IEnumerable`1 commandBatches, IRelationalConnection connection, CancellationToken cancellationToken)
   at Microsoft.EntityFrameworkCore.Storage.RelationalDatabase.SaveChangesAsync(IList`1 entries, CancellationToken cancellationToken)
   at Microsoft.EntityFrameworkCore.ChangeTracking.Internal.StateManager.SaveChangesAsync(IList`1 entriesToSave, CancellationToken cancellationToken)
   at Microsoft.EntityFrameworkCore.ChangeTracking.Internal.StateManager.SaveChangesAsync(StateManager stateManager, Boolean acceptAllChangesOnSuccess, CancellationToken cancellationToken)
   at Npgsql.EntityFrameworkCore.PostgreSQL.Storage.Internal.NpgsqlExecutionStrategy.ExecuteAsync[TState,TResult](TState state, Func`4 operation, Func`4 verifySucceeded, CancellationToken cancellationToken)
   at Microsoft.EntityFrameworkCore.DbContext.SaveChangesAsync(Boolean acceptAllChangesOnSuccess, CancellationToken cancellationToken)
2026-05-14 16:15:04.119 +07:00 [ERR] Lỗi tạo banner
Microsoft.EntityFrameworkCore.DbUpdateException: An error occurred while saving the entity changes. See the inner exception for details.
 ---> Npgsql.PostgresException (0x80004005): 23502: null value in column "image" of relation "banners" violates not-null constraint

DETAIL: Detail redacted as it may contain sensitive data. Specify 'Include Error Detail' in the connection string to include this information.
   at Npgsql.Internal.NpgsqlConnector.ReadMessageLong(Boolean async, DataRowLoadingMode dataRowLoadingMode, Boolean readingNotifications, Boolean isReadingPrependedMessage)
   at System.Runtime.CompilerServices.PoolingAsyncValueTaskMethodBuilder`1.StateMachineBox`1.System.Threading.Tasks.Sources.IValueTaskSource<TResult>.GetResult(Int16 token)
   at Npgsql.NpgsqlDataReader.NextResult(Boolean async, Boolean isConsuming, CancellationToken cancellationToken)
   at Npgsql.NpgsqlDataReader.NextResult(Boolean async, Boolean isConsuming, CancellationToken cancellationToken)
   at Npgsql.NpgsqlCommand.ExecuteReader(Boolean async, CommandBehavior behavior, CancellationToken cancellationToken)
   at Npgsql.NpgsqlCommand.ExecuteReader(Boolean async, CommandBehavior behavior, CancellationToken cancellationToken)
   at Npgsql.NpgsqlCommand.ExecuteDbDataReaderAsync(CommandBehavior behavior, CancellationToken cancellationToken)
   at Microsoft.EntityFrameworkCore.Storage.RelationalCommand.ExecuteReaderAsync(RelationalCommandParameterObject parameterObject, CancellationToken cancellationToken)
   at Microsoft.EntityFrameworkCore.Storage.RelationalCommand.ExecuteReaderAsync(RelationalCommandParameterObject parameterObject, CancellationToken cancellationToken)
   at Microsoft.EntityFrameworkCore.Update.ReaderModificationCommandBatch.ExecuteAsync(IRelationalConnection connection, CancellationToken cancellationToken)
  Exception data:
    Severity: ERROR
    SqlState: 23502
    MessageText: null value in column "image" of relation "banners" violates not-null constraint
    Detail: Detail redacted as it may contain sensitive data. Specify 'Include Error Detail' in the connection string to include this information.
    SchemaName: public
    TableName: banners
    ColumnName: image
    File: execMain.c
    Line: 2057
    Routine: ExecConstraints
   --- End of inner exception stack trace ---
   at Microsoft.EntityFrameworkCore.Update.ReaderModificationCommandBatch.ExecuteAsync(IRelationalConnection connection, CancellationToken cancellationToken)
   at Microsoft.EntityFrameworkCore.Update.Internal.BatchExecutor.ExecuteAsync(IEnumerable`1 commandBatches, IRelationalConnection connection, CancellationToken cancellationToken)
   at Microsoft.EntityFrameworkCore.Update.Internal.BatchExecutor.ExecuteAsync(IEnumerable`1 commandBatches, IRelationalConnection connection, CancellationToken cancellationToken)
   at Microsoft.EntityFrameworkCore.Update.Internal.BatchExecutor.ExecuteAsync(IEnumerable`1 commandBatches, IRelationalConnection connection, CancellationToken cancellationToken)
   at Microsoft.EntityFrameworkCore.Storage.RelationalDatabase.SaveChangesAsync(IList`1 entries, CancellationToken cancellationToken)
   at Microsoft.EntityFrameworkCore.ChangeTracking.Internal.StateManager.SaveChangesAsync(IList`1 entriesToSave, CancellationToken cancellationToken)
   at Microsoft.EntityFrameworkCore.ChangeTracking.Internal.StateManager.SaveChangesAsync(StateManager stateManager, Boolean acceptAllChangesOnSuccess, CancellationToken cancellationToken)
   at Npgsql.EntityFrameworkCore.PostgreSQL.Storage.Internal.NpgsqlExecutionStrategy.ExecuteAsync[TState,TResult](TState state, Func`4 operation, Func`4 verifySucceeded, CancellationToken cancellationToken)
   at Microsoft.EntityFrameworkCore.DbContext.SaveChangesAsync(Boolean acceptAllChangesOnSuccess, CancellationToken cancellationToken)
   at Microsoft.EntityFrameworkCore.DbContext.SaveChangesAsync(Boolean acceptAllChangesOnSuccess, CancellationToken cancellationToken)
   at AquaCMS.Services.BannerService.CreateAsync(Banner banner) in E:\sourceCode\catalog\src\AquaCMS\Services\BannerService.cs:line 35
   at AquaCMS.Areas.Admin.Controllers.BannersController.Create(Banner banner, IFormFile imageFile) in E:\sourceCode\catalog\src\AquaCMS\Areas\Admin\Controllers\BannersController.cs:line 53
2026-05-14 16:15:04.145 +07:00 [INF] HTTP POST /admin/banners/create responded 200 in 137.5733 ms
2026-05-14 16:15:04.151 +07:00 [INF] HTTP GET /hubs/chat responded 101 in 7626.7694 ms
2026-05-14 16:15:04.240 +07:00 [INF] HTTP POST /hubs/chat/negotiate responded 200 in 0.4035 ms
2026-05-14 16:15:13.875 +07:00 [INF] Upload thành công: /uploads/banners/67f34fbb474a40cc917dbf8aff09e10a.jpg (141633 bytes)
2026-05-14 16:15:13.944 +07:00 [INF] HTTP POST /admin/banners/create responded 302 in 97.1340 ms
2026-05-14 16:15:13.959 +07:00 [INF] HTTP GET /admin/Banners responded 200 in 8.6644 ms
2026-05-14 16:15:13.965 +07:00 [INF] HTTP GET /hubs/chat responded 101 in 9687.2334 ms
2026-05-14 16:15:13.980 +07:00 [INF] HTTP GET /uploads/banners/67f34fbb474a40cc917dbf8aff09e10a.jpg responded 200 in 12.3209 ms
2026-05-14 16:15:14.067 +07:00 [INF] HTTP POST /hubs/chat/negotiate responded 200 in 0.4808 ms
2026-05-14 16:15:15.881 +07:00 [INF] HTTP GET / responded 200 in 28.5161 ms
2026-05-14 16:15:15.887 +07:00 [INF] HTTP GET /hubs/chat responded 101 in 48584.3129 ms
2026-05-14 16:15:16.007 +07:00 [INF] HTTP GET /uploads/banners/67f34fbb474a40cc917dbf8aff09e10a.jpg responded 304 in 0.5023 ms
2026-05-14 16:15:16.026 +07:00 [INF] HTTP POST /hubs/chat/negotiate responded 200 in 0.4673 ms
2026-05-14 16:15:24.458 +07:00 [INF] HTTP GET /admin/Banners responded 200 in 9.2620 ms
2026-05-14 16:15:24.464 +07:00 [INF] HTTP GET /hubs/chat responded 101 in 10367.8323 ms
2026-05-14 16:15:24.468 +07:00 [INF] HTTP GET /uploads/banners/67f34fbb474a40cc917dbf8aff09e10a.jpg responded 304 in 0.2336 ms
2026-05-14 16:15:24.648 +07:00 [INF] HTTP POST /hubs/chat/negotiate responded 200 in 0.2989 ms
2026-05-14 16:16:54.684 +07:00 [INF] HTTP GET / responded 200 in 25.9281 ms
2026-05-14 16:16:54.691 +07:00 [INF] HTTP GET /hubs/chat responded 101 in 98559.1878 ms
2026-05-14 16:16:54.817 +07:00 [INF] HTTP GET /uploads/banners/67f34fbb474a40cc917dbf8aff09e10a.jpg responded 304 in 14.5954 ms
2026-05-14 16:16:54.817 +07:00 [INF] HTTP POST /hubs/chat/negotiate responded 200 in 0.5619 ms
2026-05-14 16:16:55.675 +07:00 [INF] HTTP GET / responded 200 in 21.2834 ms
2026-05-14 16:16:55.681 +07:00 [INF] HTTP GET /hubs/chat responded 101 in 769.2941 ms
2026-05-14 16:16:55.796 +07:00 [INF] HTTP POST /hubs/chat/negotiate responded 200 in 0.4555 ms
2026-05-14 16:16:56.053 +07:00 [INF] HTTP GET / responded 200 in 24.8138 ms
2026-05-14 16:16:56.060 +07:00 [INF] HTTP GET /hubs/chat responded 101 in 168.8531 ms
2026-05-14 16:16:56.177 +07:00 [INF] HTTP POST /hubs/chat/negotiate responded 200 in 0.3822 ms
2026-05-14 16:16:56.345 +07:00 [INF] HTTP GET / responded 200 in 21.3918 ms
2026-05-14 16:16:56.354 +07:00 [INF] HTTP GET /hubs/chat responded 101 in 95.2794 ms
2026-05-14 16:16:56.468 +07:00 [INF] HTTP POST /hubs/chat/negotiate responded 200 in 0.3469 ms
2026-05-14 16:16:56.632 +07:00 [INF] HTTP GET / responded 200 in 22.1033 ms
2026-05-14 16:16:56.641 +07:00 [INF] HTTP GET /hubs/chat responded 101 in 87.0217 ms
2026-05-14 16:16:56.759 +07:00 [INF] HTTP POST /hubs/chat/negotiate responded 200 in 1.0938 ms
2026-05-14 16:16:59.277 +07:00 [INF] HTTP GET / responded 200 in 21.9263 ms
2026-05-14 16:16:59.284 +07:00 [INF] HTTP GET /hubs/chat responded 101 in 2414.1204 ms
2026-05-14 16:16:59.410 +07:00 [INF] HTTP POST /hubs/chat/negotiate responded 200 in 0.2844 ms
2026-05-14 16:18:05.708 +07:00 [INF] HTTP GET /hubs/chat responded 101 in 161032.2104 ms
2026-05-14 16:18:05.710 +07:00 [INF] HTTP POST /hubs/chat/negotiate responded 200 in 0.2919 ms
2026-05-14 16:18:05.713 +07:00 [INF] HTTP POST /hubs/chat/negotiate responded 200 in 0.2448 ms
2026-05-14 16:18:05.713 +07:00 [INF] HTTP GET /hubs/chat responded 101 in 66217.2219 ms
2026-05-14 16:18:35.710 +07:00 [INF] HTTP GET /hubs/chat responded 101 in 29995.2798 ms
2026-05-14 16:18:49.302 +07:00 [INF] HTTP POST /hubs/chat/negotiate responded 200 in 58.4737 ms
2026-05-14 16:18:51.722 +07:00 [INF] HTTP GET /uploads/banners/67f34fbb474a40cc917dbf8aff09e10a.jpg responded 304 in 3.5280 ms
2026-05-14 16:18:51.738 +07:00 [INF] HTTP POST /hubs/chat/negotiate responded 200 in 1.2411 ms
2026-05-14 16:18:51.857 +07:00 [INF] HTTP GET / responded 200 in 2212.3560 ms
2026-05-14 16:19:31.482 +07:00 [INF] HTTP GET /admin/users responded 200 in 137.1583 ms
2026-05-14 16:19:31.497 +07:00 [INF] HTTP GET /hubs/chat responded 101 in 42191.0664 ms
2026-05-14 16:19:31.719 +07:00 [INF] HTTP POST /hubs/chat/negotiate responded 200 in 0.3511 ms
2026-05-14 16:19:32.545 +07:00 [INF] HTTP GET /admin/activity responded 200 in 171.3094 ms
2026-05-14 16:19:32.552 +07:00 [INF] HTTP GET /hubs/chat responded 101 in 792.1277 ms
2026-05-14 16:19:32.659 +07:00 [INF] HTTP POST /hubs/chat/negotiate responded 200 in 0.3171 ms
2026-05-14 16:19:35.063 +07:00 [INF] HTTP GET /admin/banners responded 200 in 40.7480 ms
2026-05-14 16:19:35.070 +07:00 [INF] HTTP GET /hubs/chat responded 101 in 2356.4496 ms
2026-05-14 16:19:35.074 +07:00 [INF] HTTP GET /uploads/banners/67f34fbb474a40cc917dbf8aff09e10a.jpg responded 304 in 0.5059 ms
2026-05-14 16:19:35.168 +07:00 [INF] HTTP POST /hubs/chat/negotiate responded 200 in 0.4787 ms
2026-05-14 16:19:37.758 +07:00 [INF] HTTP GET /admin/knowledge responded 200 in 352.5314 ms
2026-05-14 16:19:37.765 +07:00 [INF] HTTP GET /hubs/chat responded 101 in 2559.6126 ms
2026-05-14 16:19:37.859 +07:00 [INF] HTTP POST /hubs/chat/negotiate responded 200 in 0.3205 ms
2026-05-14 16:19:39.113 +07:00 [INF] HTTP GET /admin/products responded 200 in 100.1366 ms
2026-05-14 16:19:39.120 +07:00 [INF] HTTP GET /hubs/chat responded 101 in 1207.8101 ms
2026-05-14 16:19:39.225 +07:00 [INF] HTTP POST /hubs/chat/negotiate responded 200 in 0.3501 ms
2026-05-14 16:19:42.148 +07:00 [INF] HTTP GET /admin/products responded 200 in 47.2460 ms
2026-05-14 16:19:42.155 +07:00 [INF] HTTP GET /hubs/chat responded 101 in 2839.7009 ms
2026-05-14 16:19:42.254 +07:00 [INF] HTTP POST /hubs/chat/negotiate responded 200 in 0.3671 ms
2026-05-14 16:19:43.283 +07:00 [INF] HTTP GET /admin/profile responded 200 in 32.4002 ms
2026-05-14 16:19:43.289 +07:00 [INF] HTTP GET /hubs/chat responded 101 in 967.9672 ms
2026-05-14 16:19:43.372 +07:00 [INF] HTTP POST /hubs/chat/negotiate responded 200 in 0.3728 ms
2026-05-14 16:19:44.288 +07:00 [INF] HTTP GET /admin/settings responded 200 in 134.1459 ms
2026-05-14 16:19:44.296 +07:00 [INF] HTTP GET /hubs/chat responded 101 in 882.2338 ms
2026-05-14 16:19:44.302 +07:00 [INF] HTTP GET /uploads/settings/beab110c755a43038d0ef5a6deab4b51.png responded 304 in 0.2410 ms
2026-05-14 16:19:44.394 +07:00 [INF] HTTP POST /hubs/chat/negotiate responded 200 in 0.3424 ms
2026-05-14 16:19:51.832 +07:00 [INF] HTTP GET /hubs/chat responded 101 in 60046.6901 ms
2026-05-14 16:19:51.832 +07:00 [INF] HTTP POST /hubs/chat/negotiate responded 200 in 0.3752 ms
2026-05-14 16:19:51.836 +07:00 [INF] HTTP GET /hubs/chat responded 101 in 7387.9786 ms
2026-05-14 16:19:51.838 +07:00 [INF] HTTP POST /hubs/chat/negotiate responded 200 in 0.4293 ms
2026-05-14 16:20:21.835 +07:00 [INF] HTTP GET /hubs/chat responded 101 in 29999.5332 ms
2026-05-14 16:20:44.917 +07:00 [INF] HTTP GET /uploads/banners/67f34fbb474a40cc917dbf8aff09e10a.jpg responded 304 in 4.3174 ms
2026-05-14 16:20:44.943 +07:00 [INF] HTTP POST /hubs/chat/negotiate responded 200 in 15.2353 ms
2026-05-14 16:20:45.037 +07:00 [INF] HTTP GET / responded 200 in 2240.1619 ms
2026-05-14 16:20:46.183 +07:00 [INF] HTTP POST /hubs/chat/negotiate responded 200 in 0.6618 ms
2026-05-14 16:20:56.316 +07:00 [INF] HTTP GET /danh-muc/bom-mua responded 200 in 146.7716 ms
2026-05-14 16:20:56.407 +07:00 [INF] HTTP POST /hubs/chat/negotiate responded 200 in 0.3828 ms
2026-05-14 16:20:56.444 +07:00 [INF] HTTP GET /hubs/chat responded 101 in 11456.7164 ms
2026-05-14 16:20:58.363 +07:00 [INF] HTTP POST /hubs/chat/negotiate responded 200 in 0.5057 ms
2026-05-14 16:20:58.404 +07:00 [INF] HTTP GET /hubs/chat responded 101 in 1952.3538 ms
2026-05-14 16:22:23.964 +07:00 [INF] HTTP GET /hubs/chat responded 101 in 97777.9542 ms
2026-05-14 16:22:23.964 +07:00 [INF] HTTP GET /hubs/chat responded 101 in 85485.6185 ms
2026-05-14 16:22:23.965 +07:00 [INF] HTTP POST /hubs/chat/negotiate responded 200 in 0.4137 ms
2026-05-14 16:22:44.424 +07:00 [INF] HTTP GET /uploads/banners/67f34fbb474a40cc917dbf8aff09e10a.jpg responded 304 in 3.9494 ms
2026-05-14 16:22:44.448 +07:00 [INF] HTTP POST /hubs/chat/negotiate responded 200 in 13.8492 ms
2026-05-14 16:22:44.544 +07:00 [INF] HTTP GET / responded 200 in 2223.3634 ms
2026-05-14 16:22:46.218 +07:00 [INF] HTTP GET /san-pham responded 200 in 126.4779 ms
2026-05-14 16:22:46.319 +07:00 [INF] HTTP POST /hubs/chat/negotiate responded 200 in 0.7490 ms
2026-05-14 16:22:46.355 +07:00 [INF] HTTP GET /hubs/chat responded 101 in 1858.1705 ms
2026-05-14 16:22:47.689 +07:00 [INF] HTTP GET / responded 200 in 36.4606 ms
2026-05-14 16:22:47.812 +07:00 [INF] HTTP POST /hubs/chat/negotiate responded 200 in 0.4153 ms
2026-05-14 16:22:47.843 +07:00 [INF] HTTP GET /hubs/chat responded 101 in 1476.5106 ms
2026-05-14 16:22:50.184 +07:00 [INF] HTTP POST /hubs/chat/negotiate responded 200 in 0.3260 ms
2026-05-14 16:26:25.916 +07:00 [INF] HTTP GET /hubs/chat responded 101 in 217996.0797 ms
2026-05-14 16:26:25.916 +07:00 [INF] HTTP GET /hubs/chat responded 101 in 215728.3616 ms
2026-05-14 16:26:25.919 +07:00 [INF] HTTP POST /hubs/chat/negotiate responded 200 in 0.5008 ms
2026-05-14 16:26:25.923 +07:00 [INF] HTTP POST /hubs/chat/negotiate responded 200 in 0.5906 ms
2026-05-14 16:26:41.285 +07:00 [INF] HTTP POST /hubs/chat/negotiate responded 200 in 57.6426 ms
2026-05-14 16:26:41.285 +07:00 [INF] HTTP POST /hubs/chat/negotiate responded 200 in 58.7970 ms
2026-05-14 16:26:46.109 +07:00 [INF] HTTP GET /admin/settings responded 200 in 1663.9632 ms
2026-05-14 16:26:46.118 +07:00 [INF] HTTP GET /hubs/chat responded 101 in 4830.6932 ms
2026-05-14 16:26:46.125 +07:00 [INF] HTTP GET /uploads/settings/beab110c755a43038d0ef5a6deab4b51.png responded 304 in 4.0152 ms
2026-05-14 16:26:46.321 +07:00 [INF] HTTP POST /hubs/chat/negotiate responded 200 in 0.7459 ms
2026-05-14 16:26:51.834 +07:00 [INF] HTTP GET /hubs/chat responded 101 in 10508.6504 ms
2026-05-14 16:26:51.838 +07:00 [INF] HTTP GET /uploads/icons/youtube.png responded 304 in 0.3650 ms
2026-05-14 16:26:51.838 +07:00 [INF] HTTP GET /uploads/icons/zalo.png responded 304 in 0.2685 ms
2026-05-14 16:26:51.912 +07:00 [INF] HTTP GET /uploads/settings/beab110c755a43038d0ef5a6deab4b51.png responded 304 in 0.2511 ms
2026-05-14 16:26:51.957 +07:00 [INF] HTTP GET /uploads/banners/67f34fbb474a40cc917dbf8aff09e10a.jpg responded 304 in 0.2263 ms
2026-05-14 16:26:51.976 +07:00 [INF] HTTP POST /hubs/chat/negotiate responded 200 in 0.6455 ms
2026-05-14 16:26:52.034 +07:00 [INF] HTTP GET / responded 200 in 847.5365 ms
2026-05-14 16:26:54.087 +07:00 [INF] HTTP GET /Home/About responded 200 in 26.4355 ms
2026-05-14 16:26:54.176 +07:00 [INF] HTTP POST /hubs/chat/negotiate responded 200 in 0.3341 ms
2026-05-14 16:26:54.189 +07:00 [INF] HTTP GET /hubs/chat responded 101 in 2164.5723 ms
2026-05-14 16:29:17.536 +07:00 [INF] HTTP GET /hubs/chat responded 101 in 143317.3237 ms
2026-05-14 16:29:17.538 +07:00 [INF] HTTP POST /hubs/chat/negotiate responded 200 in 0.3991 ms
2026-05-14 16:29:17.536 +07:00 [INF] HTTP GET /hubs/chat responded 101 in 151145.0117 ms
2026-05-14 16:29:17.541 +07:00 [INF] HTTP POST /hubs/chat/negotiate responded 200 in 0.5955 ms
2026-05-14 16:29:53.018 +07:00 [ERR] Failed executing DbCommand (38ms) [Parameters=[], CommandType='"Text"', CommandTimeout='30']
SELECT s.id, s.about_content, s.about_image, s.about_title, s.address, s.background_color, s.bank_name, s.bank_number, s.bank_owner, s.chat_auto_reply_message, s.company_name, s.copyright_text, s.default_meta_description, s.default_meta_title, s.default_og_image, s.email, s.email_enabled, s.facebook, s.facebook_pixel_id, s.featured_products_count, s.footer_about_text, s.footer_text, s.google_analytics_id, s.latest_posts_count, s.logo, s.notification_email, s.phone, s.primary_color, s.show_banners, s.show_categories, s.show_facebook, s.show_featured_products, s.show_footer, s.show_hotline, s.show_latest_posts, s."ShowNavAbout", s.show_nav_cart, s.show_nav_knowledge, s.show_nav_partners, s.show_nav_products, s.show_partners, s.show_telegram, s.show_tiktok, s.show_youtube, s.show_zalo, s.smtp_from_email, s.smtp_from_name, s.smtp_host, s.smtp_password, s.smtp_port, s.smtp_use_ssl, s.smtp_user, s.telegram, s.tiktok, s.updated_at, s.youtube, s.zalo
FROM site_settings AS s
ORDER BY s.id
LIMIT 1
2026-05-14 16:29:53.084 +07:00 [ERR] An exception occurred while iterating over the results of a query for context type 'AquaCMS.Data.AppDbContext'.
Npgsql.PostgresException (0x80004005): 42703: column s.ShowNavAbout does not exist

POSITION: 618
   at Npgsql.Internal.NpgsqlConnector.ReadMessageLong(Boolean async, DataRowLoadingMode dataRowLoadingMode, Boolean readingNotifications, Boolean isReadingPrependedMessage)
   at System.Runtime.CompilerServices.PoolingAsyncValueTaskMethodBuilder`1.StateMachineBox`1.System.Threading.Tasks.Sources.IValueTaskSource<TResult>.GetResult(Int16 token)
   at Npgsql.NpgsqlDataReader.NextResult(Boolean async, Boolean isConsuming, CancellationToken cancellationToken)
   at Npgsql.NpgsqlDataReader.NextResult(Boolean async, Boolean isConsuming, CancellationToken cancellationToken)
   at Npgsql.NpgsqlCommand.ExecuteReader(Boolean async, CommandBehavior behavior, CancellationToken cancellationToken)
   at Npgsql.NpgsqlCommand.ExecuteReader(Boolean async, CommandBehavior behavior, CancellationToken cancellationToken)
   at Npgsql.NpgsqlCommand.ExecuteDbDataReaderAsync(CommandBehavior behavior, CancellationToken cancellationToken)
   at Microsoft.EntityFrameworkCore.Storage.RelationalCommand.ExecuteReaderAsync(RelationalCommandParameterObject parameterObject, CancellationToken cancellationToken)
   at Microsoft.EntityFrameworkCore.Storage.RelationalCommand.ExecuteReaderAsync(RelationalCommandParameterObject parameterObject, CancellationToken cancellationToken)
   at Microsoft.EntityFrameworkCore.Query.Internal.SingleQueryingEnumerable`1.AsyncEnumerator.InitializeReaderAsync(AsyncEnumerator enumerator, CancellationToken cancellationToken)
   at Npgsql.EntityFrameworkCore.PostgreSQL.Storage.Internal.NpgsqlExecutionStrategy.ExecuteAsync[TState,TResult](TState state, Func`4 operation, Func`4 verifySucceeded, CancellationToken cancellationToken)
   at Microsoft.EntityFrameworkCore.Query.Internal.SingleQueryingEnumerable`1.AsyncEnumerator.MoveNextAsync()
  Exception data:
    Severity: ERROR
    SqlState: 42703
    MessageText: column s.ShowNavAbout does not exist
    Position: 618
    File: parse_relation.c
    Line: 3722
    Routine: errorMissingColumn
Npgsql.PostgresException (0x80004005): 42703: column s.ShowNavAbout does not exist

POSITION: 618
   at Npgsql.Internal.NpgsqlConnector.ReadMessageLong(Boolean async, DataRowLoadingMode dataRowLoadingMode, Boolean readingNotifications, Boolean isReadingPrependedMessage)
   at System.Runtime.CompilerServices.PoolingAsyncValueTaskMethodBuilder`1.StateMachineBox`1.System.Threading.Tasks.Sources.IValueTaskSource<TResult>.GetResult(Int16 token)
   at Npgsql.NpgsqlDataReader.NextResult(Boolean async, Boolean isConsuming, CancellationToken cancellationToken)
   at Npgsql.NpgsqlDataReader.NextResult(Boolean async, Boolean isConsuming, CancellationToken cancellationToken)
   at Npgsql.NpgsqlCommand.ExecuteReader(Boolean async, CommandBehavior behavior, CancellationToken cancellationToken)
   at Npgsql.NpgsqlCommand.ExecuteReader(Boolean async, CommandBehavior behavior, CancellationToken cancellationToken)
   at Npgsql.NpgsqlCommand.ExecuteDbDataReaderAsync(CommandBehavior behavior, CancellationToken cancellationToken)
   at Microsoft.EntityFrameworkCore.Storage.RelationalCommand.ExecuteReaderAsync(RelationalCommandParameterObject parameterObject, CancellationToken cancellationToken)
   at Microsoft.EntityFrameworkCore.Storage.RelationalCommand.ExecuteReaderAsync(RelationalCommandParameterObject parameterObject, CancellationToken cancellationToken)
   at Microsoft.EntityFrameworkCore.Query.Internal.SingleQueryingEnumerable`1.AsyncEnumerator.InitializeReaderAsync(AsyncEnumerator enumerator, CancellationToken cancellationToken)
   at Npgsql.EntityFrameworkCore.PostgreSQL.Storage.Internal.NpgsqlExecutionStrategy.ExecuteAsync[TState,TResult](TState state, Func`4 operation, Func`4 verifySucceeded, CancellationToken cancellationToken)
   at Microsoft.EntityFrameworkCore.Query.Internal.SingleQueryingEnumerable`1.AsyncEnumerator.MoveNextAsync()
  Exception data:
    Severity: ERROR
    SqlState: 42703
    MessageText: column s.ShowNavAbout does not exist
    Position: 618
    File: parse_relation.c
    Line: 3722
    Routine: errorMissingColumn
2026-05-14 16:29:53.100 +07:00 [ERR] An unhandled exception has occurred while executing the request.
Npgsql.PostgresException (0x80004005): 42703: column s.ShowNavAbout does not exist

POSITION: 618
   at Npgsql.Internal.NpgsqlConnector.ReadMessageLong(Boolean async, DataRowLoadingMode dataRowLoadingMode, Boolean readingNotifications, Boolean isReadingPrependedMessage)
   at System.Runtime.CompilerServices.PoolingAsyncValueTaskMethodBuilder`1.StateMachineBox`1.System.Threading.Tasks.Sources.IValueTaskSource<TResult>.GetResult(Int16 token)
   at Npgsql.NpgsqlDataReader.NextResult(Boolean async, Boolean isConsuming, CancellationToken cancellationToken)
   at Npgsql.NpgsqlDataReader.NextResult(Boolean async, Boolean isConsuming, CancellationToken cancellationToken)
   at Npgsql.NpgsqlCommand.ExecuteReader(Boolean async, CommandBehavior behavior, CancellationToken cancellationToken)
   at Npgsql.NpgsqlCommand.ExecuteReader(Boolean async, CommandBehavior behavior, CancellationToken cancellationToken)
   at Npgsql.NpgsqlCommand.ExecuteDbDataReaderAsync(CommandBehavior behavior, CancellationToken cancellationToken)
   at Microsoft.EntityFrameworkCore.Storage.RelationalCommand.ExecuteReaderAsync(RelationalCommandParameterObject parameterObject, CancellationToken cancellationToken)
   at Microsoft.EntityFrameworkCore.Storage.RelationalCommand.ExecuteReaderAsync(RelationalCommandParameterObject parameterObject, CancellationToken cancellationToken)
   at Microsoft.EntityFrameworkCore.Query.Internal.SingleQueryingEnumerable`1.AsyncEnumerator.InitializeReaderAsync(AsyncEnumerator enumerator, CancellationToken cancellationToken)
   at Npgsql.EntityFrameworkCore.PostgreSQL.Storage.Internal.NpgsqlExecutionStrategy.ExecuteAsync[TState,TResult](TState state, Func`4 operation, Func`4 verifySucceeded, CancellationToken cancellationToken)
   at Microsoft.EntityFrameworkCore.Query.Internal.SingleQueryingEnumerable`1.AsyncEnumerator.MoveNextAsync()
   at Microsoft.EntityFrameworkCore.Query.ShapedQueryCompilingExpressionVisitor.SingleOrDefaultAsync[TSource](IAsyncEnumerable`1 asyncEnumerable, CancellationToken cancellationToken)
   at Microsoft.EntityFrameworkCore.Query.ShapedQueryCompilingExpressionVisitor.SingleOrDefaultAsync[TSource](IAsyncEnumerable`1 asyncEnumerable, CancellationToken cancellationToken)
   at AquaCMS.Services.SettingsService.GetSettingsAsync() in E:\sourceCode\catalog\src\AquaCMS\Services\SettingsService.cs:line 36
   at AquaCMS.Controllers.HomeController.About() in E:\sourceCode\catalog\src\AquaCMS\Controllers\HomeController.cs:line 92
   at Microsoft.AspNetCore.Mvc.Infrastructure.ActionMethodExecutor.TaskOfIActionResultExecutor.Execute(ActionContext actionContext, IActionResultTypeMapper mapper, ObjectMethodExecutor executor, Object controller, Object[] arguments)
   at Microsoft.AspNetCore.Mvc.Infrastructure.ControllerActionInvoker.<InvokeActionMethodAsync>g__Awaited|12_0(ControllerActionInvoker invoker, ValueTask`1 actionResultValueTask)
   at Microsoft.AspNetCore.Mvc.Infrastructure.ControllerActionInvoker.<InvokeNextActionFilterAsync>g__Awaited|10_0(ControllerActionInvoker invoker, Task lastTask, State next, Scope scope, Object state, Boolean isCompleted)
   at Microsoft.AspNetCore.Mvc.Infrastructure.ControllerActionInvoker.Rethrow(ActionExecutedContextSealed context)
   at Microsoft.AspNetCore.Mvc.Infrastructure.ControllerActionInvoker.Next(State& next, Scope& scope, Object& state, Boolean& isCompleted)
   at Microsoft.AspNetCore.Mvc.Infrastructure.ControllerActionInvoker.<InvokeInnerFilterAsync>g__Awaited|13_0(ControllerActionInvoker invoker, Task lastTask, State next, Scope scope, Object state, Boolean isCompleted)
   at Microsoft.AspNetCore.Mvc.Infrastructure.ResourceInvoker.<InvokeNextResourceFilter>g__Awaited|25_0(ResourceInvoker invoker, Task lastTask, State next, Scope scope, Object state, Boolean isCompleted)
   at Microsoft.AspNetCore.Mvc.Infrastructure.ResourceInvoker.Rethrow(ResourceExecutedContextSealed context)
   at Microsoft.AspNetCore.Mvc.Infrastructure.ResourceInvoker.Next(State& next, Scope& scope, Object& state, Boolean& isCompleted)
   at Microsoft.AspNetCore.Mvc.Infrastructure.ResourceInvoker.<InvokeFilterPipelineAsync>g__Awaited|20_0(ResourceInvoker invoker, Task lastTask, State next, Scope scope, Object state, Boolean isCompleted)
   at Microsoft.AspNetCore.Mvc.Infrastructure.ResourceInvoker.<InvokeAsync>g__Awaited|17_0(ResourceInvoker invoker, Task task, IDisposable scope)
   at Microsoft.AspNetCore.Mvc.Infrastructure.ResourceInvoker.<InvokeAsync>g__Awaited|17_0(ResourceInvoker invoker, Task task, IDisposable scope)
   at Microsoft.AspNetCore.Authorization.AuthorizationMiddleware.Invoke(HttpContext context)
   at Microsoft.AspNetCore.Authentication.AuthenticationMiddleware.Invoke(HttpContext context)
   at Microsoft.AspNetCore.Diagnostics.StatusCodePagesMiddleware.Invoke(HttpContext context)
   at AquaCMS.Modules.Core.Middleware.PageViewTrackingMiddleware.InvokeAsync(HttpContext ctx) in E:\sourceCode\catalog\src\AquaCMS\Modules\Core\Middleware\PageViewTrackingMiddleware.cs:line 43
   at Microsoft.AspNetCore.Diagnostics.DeveloperExceptionPageMiddlewareImpl.Invoke(HttpContext context)
  Exception data:
    Severity: ERROR
    SqlState: 42703
    MessageText: column s.ShowNavAbout does not exist
    Position: 618
    File: parse_relation.c
    Line: 3722
    Routine: errorMissingColumn
2026-05-14 16:29:53.151 +07:00 [ERR] HTTP GET /Home/About responded 500 in 1378.6685 ms
2026-05-14 16:30:19.209 +07:00 [INF] HTTP POST /hubs/chat/negotiate responded 200 in 18.8802 ms
2026-05-14 16:31:46.855 +07:00 [INF] HTTP POST /hubs/chat/negotiate responded 200 in 0.5415 ms
2026-05-14 16:31:46.860 +07:00 [INF] HTTP GET /hubs/chat responded 101 in 87647.5507 ms
2026-05-14 16:32:16.864 +07:00 [INF] HTTP GET /hubs/chat responded 101 in 30005.5517 ms
2026-05-14 16:32:44.804 +07:00 [INF] HTTP POST /hubs/chat/negotiate responded 200 in 47.5506 ms
2026-05-14 16:33:56.826 +07:00 [INF] HTTP GET /uploads/settings/85eddb21b13c4e56a70ab970ffd354f5.png responded 304 in 4.3030 ms
2026-05-14 16:33:56.826 +07:00 [INF] HTTP GET /uploads/settings/beab110c755a43038d0ef5a6deab4b51.png responded 304 in 3.6400 ms
2026-05-14 16:33:56.986 +07:00 [INF] HTTP POST /hubs/chat/negotiate responded 200 in 1.1565 ms
2026-05-14 16:33:57.085 +07:00 [INF] HTTP GET /Home/About responded 200 in 1613.1102 ms
2026-05-14 16:34:01.980 +07:00 [INF] HTTP GET / responded 200 in 573.7705 ms
2026-05-14 16:34:02.133 +07:00 [INF] HTTP POST /hubs/chat/negotiate responded 200 in 0.4065 ms
2026-05-14 16:34:02.159 +07:00 [INF] HTTP GET /uploads/banners/67f34fbb474a40cc917dbf8aff09e10a.jpg responded 304 in 0.5203 ms
2026-05-14 16:34:02.182 +07:00 [INF] HTTP GET /hubs/chat responded 101 in 5168.1902 ms
2026-05-14 16:34:13.430 +07:00 [INF] HTTP GET /admin/settings responded 200 in 428.7302 ms
2026-05-14 16:34:13.435 +07:00 [INF] HTTP GET /hubs/chat responded 101 in 88627.9821 ms
2026-05-14 16:34:13.440 +07:00 [INF] HTTP GET /uploads/settings/85eddb21b13c4e56a70ab970ffd354f5.png responded 304 in 0.1952 ms
2026-05-14 16:34:13.440 +07:00 [INF] HTTP GET /uploads/settings/beab110c755a43038d0ef5a6deab4b51.png responded 304 in 0.2391 ms
2026-05-14 16:34:13.652 +07:00 [INF] HTTP POST /hubs/chat/negotiate responded 200 in 0.3301 ms
2026-05-14 16:34:15.059 +07:00 [INF] HTTP GET / responded 200 in 32.8156 ms
2026-05-14 16:34:15.065 +07:00 [INF] HTTP GET /hubs/chat responded 101 in 12822.9373 ms
2026-05-14 16:34:15.193 +07:00 [INF] HTTP POST /hubs/chat/negotiate responded 200 in 0.6712 ms
2026-05-14 16:38:08.352 +07:00 [INF] HTTP GET /hubs/chat responded 101 in 233046.0992 ms
2026-05-14 16:38:08.352 +07:00 [INF] HTTP GET /hubs/chat responded 101 in 234628.6021 ms
2026-05-14 16:38:21.072 +07:00 [INF] HTTP POST /hubs/chat/negotiate responded 200 in 50.7098 ms
2026-05-14 16:38:21.072 +07:00 [INF] HTTP POST /hubs/chat/negotiate responded 200 in 49.4529 ms
2026-05-14 16:39:11.954 +07:00 [INF] HTTP GET /uploads/icons/zalo.png responded 304 in 4.6560 ms
2026-05-14 16:39:11.954 +07:00 [INF] HTTP GET /uploads/icons/youtube.png responded 304 in 5.3171 ms
2026-05-14 16:39:11.954 +07:00 [INF] HTTP GET /hubs/chat responded 101 in 50879.3548 ms
2026-05-14 16:39:12.090 +07:00 [INF] HTTP GET /uploads/banners/67f34fbb474a40cc917dbf8aff09e10a.jpg responded 304 in 0.3652 ms
2026-05-14 16:39:12.111 +07:00 [INF] HTTP POST /hubs/chat/negotiate responded 200 in 0.5907 ms
2026-05-14 16:39:12.209 +07:00 [INF] HTTP GET / responded 200 in 2244.4569 ms
2026-05-14 16:39:18.799 +07:00 [INF] HTTP GET /admin/settings responded 200 in 369.9041 ms
2026-05-14 16:39:18.804 +07:00 [INF] HTTP GET /hubs/chat responded 101 in 57701.8767 ms
2026-05-14 16:39:19.004 +07:00 [INF] HTTP POST /hubs/chat/negotiate responded 200 in 0.4711 ms
2026-05-14 16:39:29.774 +07:00 [INF] HTTP GET / responded 200 in 33.6099 ms
2026-05-14 16:39:29.780 +07:00 [INF] HTTP GET /hubs/chat responded 101 in 17624.3287 ms
2026-05-14 16:39:29.898 +07:00 [INF] HTTP POST /hubs/chat/negotiate responded 200 in 0.4187 ms
2026-05-14 16:39:30.490 +07:00 [INF] HTTP GET / responded 200 in 30.4742 ms
2026-05-14 16:39:30.497 +07:00 [INF] HTTP GET /hubs/chat responded 101 in 508.0303 ms
2026-05-14 16:39:30.613 +07:00 [INF] HTTP POST /hubs/chat/negotiate responded 200 in 0.3226 ms
2026-05-14 16:39:31.151 +07:00 [INF] HTTP GET / responded 200 in 23.8829 ms
2026-05-14 16:39:31.158 +07:00 [INF] HTTP GET /hubs/chat responded 101 in 450.8016 ms
2026-05-14 16:39:31.286 +07:00 [INF] HTTP POST /hubs/chat/negotiate responded 200 in 0.3476 ms
2026-05-14 16:39:31.434 +07:00 [INF] HTTP GET / responded 200 in 25.5669 ms
2026-05-14 16:39:31.442 +07:00 [INF] HTTP GET /hubs/chat responded 101 in 59.6041 ms
2026-05-14 16:39:31.555 +07:00 [INF] HTTP POST /hubs/chat/negotiate responded 200 in 0.3322 ms
2026-05-14 16:39:38.621 +07:00 [INF] HTTP GET /san-pham responded 200 in 87.6159 ms
2026-05-14 16:39:38.715 +07:00 [INF] HTTP POST /hubs/chat/negotiate responded 200 in 0.4427 ms
2026-05-14 16:39:38.743 +07:00 [INF] HTTP GET /hubs/chat responded 101 in 7106.0871 ms
2026-05-14 16:39:39.373 +07:00 [INF] HTTP GET /kien-thuc responded 200 in 125.1037 ms
2026-05-14 16:39:39.466 +07:00 [INF] HTTP POST /hubs/chat/negotiate responded 200 in 0.6024 ms
2026-05-14 16:39:39.479 +07:00 [INF] HTTP GET /hubs/chat responded 101 in 710.3693 ms
2026-05-14 16:39:39.950 +07:00 [INF] HTTP GET /doi-tac responded 200 in 126.8212 ms
2026-05-14 16:39:40.032 +07:00 [INF] HTTP POST /hubs/chat/negotiate responded 200 in 0.3259 ms
2026-05-14 16:39:40.052 +07:00 [INF] HTTP GET /hubs/chat responded 101 in 543.2942 ms
2026-05-14 16:40:04.805 +07:00 [INF] Cập nhật SiteSettings
2026-05-14 16:40:04.902 +07:00 [INF] HTTP POST /admin/settings responded 302 in 247.7437 ms
2026-05-14 16:40:04.923 +07:00 [INF] HTTP GET /admin/Settings responded 200 in 15.2406 ms
2026-05-14 16:40:04.930 +07:00 [INF] HTTP GET /hubs/chat responded 101 in 45866.9203 ms
2026-05-14 16:40:05.043 +07:00 [INF] HTTP POST /hubs/chat/negotiate responded 200 in 0.3387 ms
2026-05-14 16:40:06.428 +07:00 [INF] HTTP GET /doi-tac responded 200 in 10.8584 ms
2026-05-14 16:40:06.434 +07:00 [INF] HTTP GET /hubs/chat responded 101 in 26372.0045 ms
2026-05-14 16:40:06.533 +07:00 [INF] HTTP POST /hubs/chat/negotiate responded 200 in 0.4138 ms
2026-05-14 16:40:07.170 +07:00 [INF] HTTP GET /doi-tac responded 200 in 11.4540 ms
2026-05-14 16:40:07.177 +07:00 [INF] HTTP GET /hubs/chat responded 101 in 606.2653 ms
2026-05-14 16:40:07.284 +07:00 [INF] HTTP POST /hubs/chat/negotiate responded 200 in 0.3508 ms
2026-05-14 16:40:13.809 +07:00 [INF] Cập nhật SiteSettings
2026-05-14 16:40:13.817 +07:00 [INF] HTTP POST /admin/Settings responded 302 in 29.8850 ms
2026-05-14 16:40:13.831 +07:00 [INF] HTTP GET /admin/Settings responded 200 in 8.3042 ms
2026-05-14 16:40:13.839 +07:00 [INF] HTTP GET /hubs/chat responded 101 in 8746.9291 ms
2026-05-14 16:40:13.941 +07:00 [INF] HTTP POST /hubs/chat/negotiate responded 200 in 0.2197 ms
2026-05-14 16:40:21.524 +07:00 [INF] Cập nhật SiteSettings
2026-05-14 16:40:21.531 +07:00 [INF] HTTP POST /admin/Settings responded 302 in 16.5905 ms
2026-05-14 16:40:21.565 +07:00 [INF] HTTP GET /admin/Settings responded 200 in 28.0276 ms
2026-05-14 16:40:21.572 +07:00 [INF] HTTP GET /hubs/chat responded 101 in 7574.5695 ms
2026-05-14 16:40:21.576 +07:00 [INF] HTTP GET /uploads/settings/beab110c755a43038d0ef5a6deab4b51.png responded 304 in 0.1939 ms
2026-05-14 16:40:21.757 +07:00 [INF] HTTP POST /hubs/chat/negotiate responded 200 in 0.2042 ms
2026-05-14 16:40:27.900 +07:00 [INF] HTTP GET /doi-tac responded 200 in 9.1298 ms
2026-05-14 16:40:27.907 +07:00 [INF] HTTP GET /hubs/chat responded 101 in 20591.3228 ms
2026-05-14 16:40:28.014 +07:00 [INF] HTTP POST /hubs/chat/negotiate responded 200 in 0.3452 ms
2026-05-14 16:42:43.018 +07:00 [INF] HTTP GET /hubs/chat responded 101 in 141205.3318 ms
2026-05-14 16:42:43.018 +07:00 [INF] HTTP GET /hubs/chat responded 101 in 134963.1455 ms
2026-05-14 16:42:43.021 +07:00 [INF] HTTP POST /hubs/chat/negotiate responded 200 in 0.2860 ms
2026-05-14 16:42:56.271 +07:00 [INF] HTTP POST /hubs/chat/negotiate responded 200 in 50.9496 ms
2026-05-14 16:42:56.271 +07:00 [INF] HTTP POST /hubs/chat/negotiate responded 200 in 52.0774 ms
2026-05-14 16:43:15.851 +07:00 [INF] HTTP GET /hubs/chat responded 101 in 19548.0610 ms
2026-05-14 16:43:15.949 +07:00 [INF] HTTP POST /hubs/chat/negotiate responded 200 in 0.6575 ms
2026-05-14 16:43:16.060 +07:00 [INF] HTTP GET /doi-tac responded 200 in 1861.7476 ms
2026-05-14 16:43:25.818 +07:00 [INF] Cập nhật SiteSettings
2026-05-14 16:43:25.904 +07:00 [INF] HTTP POST /admin/Settings responded 302 in 424.6669 ms
2026-05-14 16:43:26.067 +07:00 [INF] HTTP GET /admin/Settings responded 200 in 156.3889 ms
2026-05-14 16:43:26.073 +07:00 [INF] HTTP GET /hubs/chat responded 101 in 29796.4841 ms
2026-05-14 16:43:26.290 +07:00 [INF] HTTP POST /hubs/chat/negotiate responded 200 in 0.4673 ms
2026-05-14 16:43:27.979 +07:00 [INF] HTTP GET /doi-tac responded 200 in 13.2469 ms
2026-05-14 16:43:27.986 +07:00 [INF] HTTP GET /hubs/chat responded 101 in 12014.5506 ms
2026-05-14 16:43:28.071 +07:00 [INF] HTTP POST /hubs/chat/negotiate responded 200 in 0.3847 ms
2026-05-14 16:43:29.170 +07:00 [INF] HTTP GET /doi-tac responded 200 in 13.1173 ms
2026-05-14 16:43:29.176 +07:00 [INF] HTTP GET /hubs/chat responded 101 in 1072.6631 ms
2026-05-14 16:43:29.269 +07:00 [INF] HTTP POST /hubs/chat/negotiate responded 200 in 0.5276 ms
2026-05-14 16:43:29.752 +07:00 [INF] HTTP GET /doi-tac responded 200 in 10.3864 ms
2026-05-14 16:43:29.758 +07:00 [INF] HTTP GET /hubs/chat responded 101 in 452.7529 ms
2026-05-14 16:43:29.844 +07:00 [INF] HTTP POST /hubs/chat/negotiate responded 200 in 0.3458 ms
2026-05-14 16:43:29.913 +07:00 [INF] HTTP GET /doi-tac responded 200 in 8.7813 ms
2026-05-14 16:43:29.919 +07:00 [INF] HTTP GET /hubs/chat responded 101 in 44.2778 ms
2026-05-14 16:43:30.013 +07:00 [INF] HTTP POST /hubs/chat/negotiate responded 200 in 0.4969 ms
2026-05-14 16:43:30.078 +07:00 [INF] HTTP GET /doi-tac responded 200 in 9.9522 ms
2026-05-14 16:43:30.084 +07:00 [INF] HTTP GET /hubs/chat responded 101 in 32.0924 ms
2026-05-14 16:43:30.175 +07:00 [INF] HTTP POST /hubs/chat/negotiate responded 200 in 0.2783 ms
2026-05-14 16:43:30.221 +07:00 [INF] HTTP GET /doi-tac responded 200 in 8.4614 ms
2026-05-14 16:43:30.227 +07:00 [INF] HTTP GET /hubs/chat responded 101 in 25.3543 ms
2026-05-14 16:43:30.306 +07:00 [INF] HTTP POST /hubs/chat/negotiate responded 200 in 0.5420 ms
2026-05-14 16:43:30.398 +07:00 [INF] HTTP GET /doi-tac responded 200 in 9.3084 ms
2026-05-14 16:43:30.404 +07:00 [INF] HTTP GET /hubs/chat responded 101 in 63.0590 ms
2026-05-14 16:43:30.494 +07:00 [INF] HTTP POST /hubs/chat/negotiate responded 200 in 0.2591 ms
2026-05-14 16:43:30.879 +07:00 [INF] HTTP GET /doi-tac responded 200 in 9.9052 ms
2026-05-14 16:43:30.886 +07:00 [INF] HTTP GET /hubs/chat responded 101 in 359.1058 ms
2026-05-14 16:43:30.968 +07:00 [INF] HTTP POST /hubs/chat/negotiate responded 200 in 0.4827 ms
2026-05-14 16:43:31.045 +07:00 [INF] HTTP GET /doi-tac responded 200 in 9.4793 ms
2026-05-14 16:43:31.052 +07:00 [INF] HTTP GET /hubs/chat responded 101 in 45.8219 ms
2026-05-14 16:43:31.131 +07:00 [INF] HTTP POST /hubs/chat/negotiate responded 200 in 0.5004 ms
2026-05-14 16:43:31.207 +07:00 [INF] HTTP GET /doi-tac responded 200 in 8.0848 ms
2026-05-14 16:43:31.213 +07:00 [INF] HTTP GET /hubs/chat responded 101 in 51.1798 ms
2026-05-14 16:43:31.305 +07:00 [INF] HTTP POST /hubs/chat/negotiate responded 200 in 0.3579 ms
2026-05-14 16:43:31.375 +07:00 [INF] HTTP GET /doi-tac responded 200 in 8.2350 ms
2026-05-14 16:43:31.381 +07:00 [INF] HTTP GET /hubs/chat responded 101 in 35.5210 ms
2026-05-14 16:43:31.459 +07:00 [INF] HTTP POST /hubs/chat/negotiate responded 200 in 0.4181 ms
2026-05-14 16:43:31.528 +07:00 [INF] HTTP GET /doi-tac responded 200 in 9.4276 ms
2026-05-14 16:43:31.538 +07:00 [INF] HTTP GET /hubs/chat responded 101 in 46.7847 ms
2026-05-14 16:43:31.634 +07:00 [INF] HTTP POST /hubs/chat/negotiate responded 200 in 0.6445 ms
2026-05-14 16:43:31.689 +07:00 [INF] HTTP GET /doi-tac responded 200 in 9.7782 ms
2026-05-14 16:43:31.694 +07:00 [INF] HTTP GET /hubs/chat responded 101 in 29.3338 ms
2026-05-14 16:43:31.781 +07:00 [INF] HTTP POST /hubs/chat/negotiate responded 200 in 0.5197 ms
2026-05-14 16:43:31.836 +07:00 [INF] HTTP GET /doi-tac responded 200 in 8.0659 ms
2026-05-14 16:43:31.843 +07:00 [INF] HTTP GET /hubs/chat responded 101 in 36.2388 ms
2026-05-14 16:43:31.930 +07:00 [INF] HTTP POST /hubs/chat/negotiate responded 200 in 0.3479 ms
2026-05-14 16:43:31.985 +07:00 [INF] HTTP GET /doi-tac responded 200 in 8.3083 ms
2026-05-14 16:43:31.990 +07:00 [INF] HTTP GET /hubs/chat responded 101 in 24.0239 ms
2026-05-14 16:43:32.077 +07:00 [INF] HTTP POST /hubs/chat/negotiate responded 200 in 0.2976 ms
2026-05-14 16:43:32.122 +07:00 [INF] HTTP GET /doi-tac responded 200 in 7.8153 ms
2026-05-14 16:43:32.128 +07:00 [INF] HTTP GET /hubs/chat responded 101 in 24.1076 ms
2026-05-14 16:43:32.216 +07:00 [INF] HTTP POST /hubs/chat/negotiate responded 200 in 0.3634 ms
2026-05-14 16:43:32.280 +07:00 [INF] HTTP GET /doi-tac responded 200 in 8.1985 ms
2026-05-14 16:43:32.286 +07:00 [INF] HTTP GET /hubs/chat responded 101 in 43.7143 ms
2026-05-14 16:43:32.364 +07:00 [INF] HTTP POST /hubs/chat/negotiate responded 200 in 0.2717 ms
2026-05-14 16:43:32.423 +07:00 [INF] HTTP GET /doi-tac responded 200 in 7.7893 ms
2026-05-14 16:43:32.428 +07:00 [INF] HTTP GET /hubs/chat responded 101 in 33.1949 ms
2026-05-14 16:43:32.518 +07:00 [INF] HTTP POST /hubs/chat/negotiate responded 200 in 0.3949 ms
2026-05-14 16:43:32.591 +07:00 [INF] HTTP GET /doi-tac responded 200 in 8.3453 ms
2026-05-14 16:43:32.598 +07:00 [INF] HTTP GET /hubs/chat responded 101 in 46.6846 ms
2026-05-14 16:43:32.681 +07:00 [INF] HTTP POST /hubs/chat/negotiate responded 200 in 0.7153 ms
2026-05-14 16:43:32.732 +07:00 [INF] HTTP GET /doi-tac responded 200 in 8.2279 ms
2026-05-14 16:43:32.738 +07:00 [INF] HTTP GET /hubs/chat responded 101 in 25.3274 ms
2026-05-14 16:43:32.823 +07:00 [INF] HTTP POST /hubs/chat/negotiate responded 200 in 0.2719 ms
2026-05-14 16:43:32.871 +07:00 [INF] HTTP GET /doi-tac responded 200 in 8.3297 ms
2026-05-14 16:43:32.877 +07:00 [INF] HTTP GET /hubs/chat responded 101 in 24.2819 ms
2026-05-14 16:43:32.989 +07:00 [INF] HTTP POST /hubs/chat/negotiate responded 200 in 0.5109 ms
2026-05-14 16:43:33.187 +07:00 [INF] HTTP GET /doi-tac responded 200 in 7.8548 ms
2026-05-14 16:43:33.192 +07:00 [INF] HTTP GET /hubs/chat responded 101 in 176.0239 ms
2026-05-14 16:43:33.298 +07:00 [INF] HTTP POST /hubs/chat/negotiate responded 200 in 0.4956 ms
2026-05-14 16:43:33.617 +07:00 [INF] HTTP GET /doi-tac responded 200 in 8.9962 ms
2026-05-14 16:43:33.623 +07:00 [INF] HTTP GET /hubs/chat responded 101 in 293.0566 ms
2026-05-14 16:43:33.718 +07:00 [INF] HTTP POST /hubs/chat/negotiate responded 200 in 0.5913 ms
2026-05-14 16:43:33.781 +07:00 [INF] HTTP GET /doi-tac responded 200 in 8.1853 ms
2026-05-14 16:43:33.787 +07:00 [INF] HTTP GET /hubs/chat responded 101 in 37.8584 ms
2026-05-14 16:43:33.867 +07:00 [INF] HTTP POST /hubs/chat/negotiate responded 200 in 0.2949 ms
2026-05-14 16:43:34.087 +07:00 [INF] HTTP GET /doi-tac responded 200 in 8.8075 ms
2026-05-14 16:43:34.093 +07:00 [INF] HTTP GET /hubs/chat responded 101 in 194.6466 ms
2026-05-14 16:43:34.187 +07:00 [INF] HTTP POST /hubs/chat/negotiate responded 200 in 0.5063 ms
2026-05-14 16:43:34.236 +07:00 [INF] HTTP GET /doi-tac responded 200 in 7.8841 ms
2026-05-14 16:43:34.242 +07:00 [INF] HTTP GET /hubs/chat responded 101 in 24.2162 ms
2026-05-14 16:43:34.331 +07:00 [INF] HTTP POST /hubs/chat/negotiate responded 200 in 0.2634 ms
2026-05-14 16:43:34.387 +07:00 [INF] HTTP GET /doi-tac responded 200 in 8.2034 ms
2026-05-14 16:43:34.392 +07:00 [INF] HTTP GET /hubs/chat responded 101 in 35.2758 ms
2026-05-14 16:43:34.488 +07:00 [INF] HTTP POST /hubs/chat/negotiate responded 200 in 0.1999 ms
2026-05-14 16:43:34.545 +07:00 [INF] HTTP GET /doi-tac responded 200 in 9.3757 ms
2026-05-14 16:43:34.552 +07:00 [INF] HTTP GET /hubs/chat responded 101 in 37.3921 ms
2026-05-14 16:43:34.638 +07:00 [INF] HTTP POST /hubs/chat/negotiate responded 200 in 0.2958 ms
2026-05-14 16:43:34.707 +07:00 [INF] HTTP GET /doi-tac responded 200 in 8.5799 ms
2026-05-14 16:43:34.713 +07:00 [INF] HTTP GET /hubs/chat responded 101 in 47.3140 ms
2026-05-14 16:43:34.805 +07:00 [INF] HTTP POST /hubs/chat/negotiate responded 200 in 0.2005 ms
2026-05-14 16:43:34.852 +07:00 [INF] HTTP GET /doi-tac responded 200 in 7.9062 ms
2026-05-14 16:43:34.858 +07:00 [INF] HTTP GET /hubs/chat responded 101 in 26.6990 ms
2026-05-14 16:43:34.935 +07:00 [INF] HTTP POST /hubs/chat/negotiate responded 200 in 0.3142 ms
2026-05-14 16:43:35.006 +07:00 [INF] HTTP GET /doi-tac responded 200 in 8.0611 ms
2026-05-14 16:43:35.013 +07:00 [INF] HTTP GET /hubs/chat responded 101 in 46.9572 ms
2026-05-14 16:43:35.104 +07:00 [INF] HTTP POST /hubs/chat/negotiate responded 200 in 0.2199 ms
2026-05-14 16:43:35.163 +07:00 [INF] HTTP GET /doi-tac responded 200 in 8.5065 ms
2026-05-14 16:43:35.169 +07:00 [INF] HTTP GET /hubs/chat responded 101 in 34.4182 ms
2026-05-14 16:43:35.258 +07:00 [INF] HTTP POST /hubs/chat/negotiate responded 200 in 0.3466 ms
2026-05-14 16:43:35.311 +07:00 [INF] HTTP GET /doi-tac responded 200 in 8.6055 ms
2026-05-14 16:43:35.318 +07:00 [INF] HTTP GET /hubs/chat responded 101 in 31.1698 ms
2026-05-14 16:43:35.397 +07:00 [INF] HTTP POST /hubs/chat/negotiate responded 200 in 0.3117 ms
2026-05-14 16:43:35.474 +07:00 [INF] HTTP GET /doi-tac responded 200 in 8.6649 ms
2026-05-14 16:43:35.481 +07:00 [INF] HTTP GET /hubs/chat responded 101 in 54.7073 ms
2026-05-14 16:43:35.569 +07:00 [INF] HTTP POST /hubs/chat/negotiate responded 200 in 0.4424 ms
2026-05-14 16:43:35.627 +07:00 [INF] HTTP GET /doi-tac responded 200 in 7.9734 ms
2026-05-14 16:43:35.633 +07:00 [INF] HTTP GET /hubs/chat responded 101 in 36.6507 ms
2026-05-14 16:43:35.728 +07:00 [INF] HTTP POST /hubs/chat/negotiate responded 200 in 0.2415 ms
2026-05-14 16:43:35.777 +07:00 [INF] HTTP GET /doi-tac responded 200 in 8.0176 ms
2026-05-14 16:43:35.783 +07:00 [INF] HTTP GET /hubs/chat responded 101 in 24.7923 ms
2026-05-14 16:43:35.872 +07:00 [INF] HTTP POST /hubs/chat/negotiate responded 200 in 0.2900 ms
2026-05-14 16:43:35.924 +07:00 [INF] HTTP GET /doi-tac responded 200 in 7.8467 ms
2026-05-14 16:43:35.931 +07:00 [INF] HTTP GET /hubs/chat responded 101 in 29.7646 ms
2026-05-14 16:43:36.033 +07:00 [INF] HTTP POST /hubs/chat/negotiate responded 200 in 0.2629 ms
2026-05-14 16:43:38.441 +07:00 [INF] HTTP GET /doi-tac responded 200 in 8.4896 ms
2026-05-14 16:43:38.448 +07:00 [INF] HTTP GET /hubs/chat responded 101 in 2386.0513 ms
2026-05-14 16:43:38.546 +07:00 [INF] HTTP POST /hubs/chat/negotiate responded 200 in 0.4242 ms
2026-05-14 16:43:39.847 +07:00 [INF] HTTP GET /doi-tac/cong-ty-thuy-san-mien-tay-1 responded 200 in 53.9129 ms
2026-05-14 16:43:39.932 +07:00 [INF] HTTP POST /hubs/chat/negotiate responded 200 in 0.2040 ms
2026-05-14 16:43:39.955 +07:00 [INF] HTTP GET /hubs/chat responded 101 in 1374.6927 ms
2026-05-14 16:43:43.175 +07:00 [INF] HTTP GET /doi-tac responded 200 in 6.9150 ms
2026-05-14 16:43:43.269 +07:00 [INF] HTTP POST /hubs/chat/negotiate responded 200 in 0.1758 ms
2026-05-14 16:43:43.281 +07:00 [INF] HTTP GET /hubs/chat responded 101 in 3314.4309 ms
2026-05-14 16:43:44.756 +07:00 [INF] HTTP GET / responded 200 in 359.9506 ms
2026-05-14 16:43:44.840 +07:00 [INF] HTTP GET /uploads/banners/67f34fbb474a40cc917dbf8aff09e10a.jpg responded 304 in 3.1593 ms
2026-05-14 16:43:44.884 +07:00 [INF] HTTP POST /hubs/chat/negotiate responded 200 in 0.2042 ms
2026-05-14 16:43:44.920 +07:00 [INF] HTTP GET /hubs/chat responded 101 in 1614.3435 ms
2026-05-14 16:43:45.713 +07:00 [INF] HTTP GET /san-pham responded 200 in 63.2018 ms
2026-05-14 16:43:45.805 +07:00 [INF] HTTP POST /hubs/chat/negotiate responded 200 in 0.1635 ms
2026-05-14 16:43:45.834 +07:00 [INF] HTTP GET /hubs/chat responded 101 in 850.0539 ms
2026-05-14 16:43:46.597 +07:00 [INF] HTTP GET /kien-thuc responded 200 in 90.0879 ms
2026-05-14 16:43:46.680 +07:00 [INF] HTTP POST /hubs/chat/negotiate responded 200 in 0.1714 ms
2026-05-14 16:43:46.701 +07:00 [INF] HTTP GET /hubs/chat responded 101 in 848.9278 ms
2026-05-14 16:43:47.543 +07:00 [INF] HTTP GET /doi-tac responded 200 in 7.4185 ms
2026-05-14 16:43:47.627 +07:00 [INF] HTTP POST /hubs/chat/negotiate responded 200 in 0.1476 ms
2026-05-14 16:43:47.649 +07:00 [INF] HTTP GET /hubs/chat responded 101 in 936.2459 ms
2026-05-14 16:43:48.273 +07:00 [INF] HTTP GET /kien-thuc responded 200 in 7.8793 ms
2026-05-14 16:43:48.360 +07:00 [INF] HTTP POST /hubs/chat/negotiate responded 200 in 0.1653 ms
2026-05-14 16:43:48.381 +07:00 [INF] HTTP GET /hubs/chat responded 101 in 719.4306 ms
2026-05-14 16:43:48.877 +07:00 [INF] HTTP GET / responded 200 in 28.7683 ms
2026-05-14 16:43:48.991 +07:00 [INF] HTTP POST /hubs/chat/negotiate responded 200 in 0.1768 ms
2026-05-14 16:43:49.025 +07:00 [INF] HTTP GET /hubs/chat responded 101 in 631.7126 ms
2026-05-14 16:44:00.849 +07:00 [INF] HTTP GET /dat-ngon-ngu/en responded 302 in 4.9043 ms
2026-05-14 16:44:00.879 +07:00 [INF] HTTP GET / responded 200 in 23.6966 ms
2026-05-14 16:44:00.887 +07:00 [INF] HTTP GET /hubs/chat responded 101 in 11782.8679 ms
2026-05-14 16:44:01.010 +07:00 [INF] HTTP POST /hubs/chat/negotiate responded 200 in 0.2508 ms
2026-05-14 16:44:02.269 +07:00 [INF] HTTP GET /dat-ngon-ngu/vi responded 302 in 0.7460 ms
2026-05-14 16:44:02.295 +07:00 [INF] HTTP GET / responded 200 in 20.4052 ms
2026-05-14 16:44:02.303 +07:00 [INF] HTTP GET /hubs/chat responded 101 in 1197.7499 ms
2026-05-14 16:44:02.426 +07:00 [INF] HTTP POST /hubs/chat/negotiate responded 200 in 0.2607 ms
2026-05-14 16:44:34.054 +07:00 [INF] HTTP GET /admin/settings responded 200 in 12.1612 ms
2026-05-14 16:44:34.061 +07:00 [INF] HTTP GET /hubs/chat responded 101 in 67705.4953 ms
2026-05-14 16:44:34.264 +07:00 [INF] HTTP POST /hubs/chat/negotiate responded 200 in 0.1482 ms
2026-05-14 16:44:35.126 +07:00 [INF] HTTP GET /admin/profile responded 200 in 39.6218 ms
2026-05-14 16:44:35.134 +07:00 [INF] HTTP GET /hubs/chat responded 101 in 796.0655 ms
2026-05-14 16:44:35.230 +07:00 [INF] HTTP POST /hubs/chat/negotiate responded 200 in 0.1803 ms
2026-05-14 16:44:35.723 +07:00 [INF] HTTP GET /admin/activity responded 200 in 134.8728 ms
2026-05-14 16:44:35.729 +07:00 [INF] HTTP GET /hubs/chat responded 101 in 452.7528 ms
2026-05-14 16:44:35.832 +07:00 [INF] HTTP POST /hubs/chat/negotiate responded 200 in 0.2187 ms
2026-05-14 16:46:54.079 +07:00 [INF] HTTP GET /hubs/chat responded 101 in 171551.9242 ms
2026-05-14 16:46:54.079 +07:00 [INF] HTTP GET /hubs/chat responded 101 in 138192.1050 ms
2026-05-14 16:46:54.082 +07:00 [INF] HTTP POST /hubs/chat/negotiate responded 200 in 0.2132 ms
2026-05-14 16:47:08.042 +07:00 [INF] HTTP POST /hubs/chat/negotiate responded 200 in 50.5249 ms
2026-05-14 16:47:08.042 +07:00 [INF] HTTP POST /hubs/chat/negotiate responded 200 in 38.3394 ms
2026-05-14 16:47:23.540 +07:00 [INF] HTTP GET /hubs/chat responded 101 in 15495.1604 ms
2026-05-14 16:47:23.653 +07:00 [INF] HTTP GET /uploads/banners/67f34fbb474a40cc917dbf8aff09e10a.jpg responded 304 in 3.2713 ms
2026-05-14 16:47:23.670 +07:00 [INF] HTTP POST /hubs/chat/negotiate responded 200 in 1.0136 ms
2026-05-14 16:47:23.777 +07:00 [INF] HTTP GET / responded 200 in 2146.6803 ms
2026-05-14 16:47:25.414 +07:00 [INF] HTTP GET /uploads/settings/beab110c755a43038d0ef5a6deab4b51.png responded 304 in 0.5172 ms
2026-05-14 16:47:25.430 +07:00 [INF] HTTP GET /Home/About responded 200 in 43.3165 ms
2026-05-14 16:47:25.502 +07:00 [INF] HTTP POST /hubs/chat/negotiate responded 200 in 0.3962 ms
2026-05-14 16:47:25.523 +07:00 [INF] HTTP GET /hubs/chat responded 101 in 1806.9177 ms
2026-05-14 16:47:27.827 +07:00 [INF] HTTP GET / responded 200 in 32.3890 ms
2026-05-14 16:47:27.997 +07:00 [INF] HTTP POST /hubs/chat/negotiate responded 200 in 0.4439 ms
2026-05-14 16:47:28.038 +07:00 [INF] HTTP GET /hubs/chat responded 101 in 2488.7538 ms
2026-05-14 16:50:03.605 +07:00 [INF] HTTP GET /hubs/chat responded 101 in 155495.9953 ms
2026-05-14 16:50:03.605 +07:00 [INF] HTTP GET /hubs/chat responded 101 in 175530.6792 ms
2026-05-14 16:50:03.609 +07:00 [INF] HTTP POST /hubs/chat/negotiate responded 200 in 0.3778 ms
2026-05-14 16:50:19.278 +07:00 [INF] HTTP POST /hubs/chat/negotiate responded 200 in 47.5887 ms
2026-05-14 16:50:26.513 +07:00 [INF] HTTP POST /hubs/chat/negotiate responded 200 in 3.5537 ms
2026-05-14 16:50:35.995 +07:00 [INF] HTTP GET /uploads/settings/85eddb21b13c4e56a70ab970ffd354f5.png responded 304 in 5.0723 ms
2026-05-14 16:50:35.999 +07:00 [INF] HTTP GET /hubs/chat responded 101 in 9482.2146 ms
2026-05-14 16:50:36.109 +07:00 [INF] HTTP GET /uploads/banners/67f34fbb474a40cc917dbf8aff09e10a.jpg responded 304 in 0.4696 ms
2026-05-14 16:50:36.126 +07:00 [INF] HTTP POST /hubs/chat/negotiate responded 200 in 0.5353 ms
2026-05-14 16:50:36.244 +07:00 [INF] HTTP GET / responded 200 in 2163.8390 ms
2026-05-14 16:50:38.526 +07:00 [INF] HTTP GET /san-pham responded 200 in 134.2935 ms
2026-05-14 16:50:38.625 +07:00 [INF] HTTP POST /hubs/chat/negotiate responded 200 in 0.4039 ms
2026-05-14 16:50:38.649 +07:00 [INF] HTTP GET /hubs/chat responded 101 in 2477.1789 ms
2026-05-14 16:50:39.411 +07:00 [INF] HTTP GET /kien-thuc responded 200 in 91.6358 ms
2026-05-14 16:50:39.498 +07:00 [INF] HTTP POST /hubs/chat/negotiate responded 200 in 0.3858 ms
2026-05-14 16:50:39.517 +07:00 [INF] HTTP GET /hubs/chat responded 101 in 847.2128 ms
2026-05-14 16:50:40.340 +07:00 [INF] HTTP GET /doi-tac responded 200 in 121.2219 ms
2026-05-14 16:50:40.421 +07:00 [INF] HTTP POST /hubs/chat/negotiate responded 200 in 0.3295 ms
2026-05-14 16:50:40.439 +07:00 [INF] HTTP GET /hubs/chat responded 101 in 904.9835 ms
2026-05-14 16:50:41.507 +07:00 [INF] HTTP GET /Home/About responded 200 in 23.9759 ms
2026-05-14 16:50:41.586 +07:00 [INF] HTTP POST /hubs/chat/negotiate responded 200 in 0.4199 ms
2026-05-14 16:50:41.606 +07:00 [INF] HTTP GET /hubs/chat responded 101 in 1154.8120 ms
2026-05-14 16:50:51.761 +07:00 [INF] HTTP GET /admin/settings responded 200 in 392.2470 ms
2026-05-14 16:50:51.768 +07:00 [INF] HTTP GET /hubs/chat responded 101 in 32485.9533 ms
2026-05-14 16:50:52.004 +07:00 [INF] HTTP POST /hubs/chat/negotiate responded 200 in 0.3806 ms
2026-05-14 16:54:59.776 +07:00 [INF] HTTP GET /hubs/chat responded 101 in 258157.8466 ms
2026-05-14 16:54:59.776 +07:00 [INF] HTTP GET /hubs/chat responded 101 in 247703.8098 ms
2026-05-14 16:54:59.779 +07:00 [INF] HTTP POST /hubs/chat/negotiate responded 200 in 0.4477 ms
2026-05-14 16:54:59.782 +07:00 [INF] HTTP POST /hubs/chat/negotiate responded 200 in 0.5851 ms
2026-05-14 16:55:14.968 +07:00 [INF] HTTP POST /hubs/chat/negotiate responded 200 in 55.5007 ms
2026-05-14 16:55:15.182 +07:00 [INF] HTTP POST /hubs/chat/negotiate responded 200 in 2.9910 ms
2026-05-14 16:55:18.208 +07:00 [INF] HTTP GET /admin/settings responded 200 in 1635.1208 ms
2026-05-14 16:55:18.219 +07:00 [INF] HTTP GET /hubs/chat responded 101 in 3246.6052 ms
2026-05-14 16:55:18.223 +07:00 [INF] HTTP GET /uploads/settings/beab110c755a43038d0ef5a6deab4b51.png responded 304 in 3.8990 ms
2026-05-14 16:55:18.413 +07:00 [INF] HTTP POST /hubs/chat/negotiate responded 200 in 0.6879 ms
2026-05-14 16:55:29.146 +07:00 [INF] HTTP GET /admin/about responded 302 in 9.4393 ms
2026-05-14 16:55:29.201 +07:00 [INF] HTTP GET /khong-co-quyen responded 200 in 46.8585 ms
2026-05-14 16:55:29.209 +07:00 [INF] HTTP GET /hubs/chat responded 101 in 10739.0396 ms
2026-05-14 16:55:29.214 +07:00 [INF] HTTP GET /uploads/icons/youtube.png responded 304 in 0.5323 ms
2026-05-14 16:55:29.214 +07:00 [INF] HTTP GET /uploads/icons/zalo.png responded 304 in 0.3288 ms
2026-05-14 16:55:29.310 +07:00 [INF] HTTP POST /hubs/chat/negotiate responded 200 in 0.5487 ms
2026-05-14 16:55:35.464 +07:00 [INF] HTTP GET /hubs/chat responded 101 in 6124.1862 ms
2026-05-14 16:55:35.540 +07:00 [INF] HTTP GET /uploads/banners/67f34fbb474a40cc917dbf8aff09e10a.jpg responded 304 in 0.1792 ms
2026-05-14 16:55:35.622 +07:00 [INF] HTTP POST /hubs/chat/negotiate responded 200 in 0.4705 ms
2026-05-14 16:55:35.631 +07:00 [INF] HTTP GET / responded 200 in 694.1111 ms
2026-05-14 16:55:42.327 +07:00 [INF] HTTP GET /admin responded 200 in 259.8930 ms
2026-05-14 16:55:42.334 +07:00 [INF] HTTP GET /hubs/chat responded 101 in 6617.7054 ms
2026-05-14 16:55:42.450 +07:00 [INF] HTTP POST /hubs/chat/negotiate responded 200 in 0.3738 ms
2026-05-14 16:55:43.719 +07:00 [INF] HTTP GET /admin/about responded 302 in 0.6745 ms
2026-05-14 16:55:43.726 +07:00 [INF] HTTP GET /khong-co-quyen responded 200 in 1.8140 ms
2026-05-14 16:55:43.734 +07:00 [INF] HTTP GET /hubs/chat responded 101 in 1222.7393 ms
2026-05-14 16:55:43.817 +07:00 [INF] HTTP POST /hubs/chat/negotiate responded 200 in 0.4078 ms
2026-05-14 16:55:47.572 +07:00 [INF] HTTP GET /hubs/chat responded 101 in 3722.4087 ms
2026-05-14 16:55:47.687 +07:00 [INF] HTTP POST /hubs/chat/negotiate responded 200 in 0.8592 ms
2026-05-14 16:55:50.212 +07:00 [INF] HTTP GET /admin/users responded 200 in 69.5855 ms
2026-05-14 16:55:50.218 +07:00 [INF] HTTP GET /hubs/chat responded 101 in 2482.1025 ms
2026-05-14 16:55:50.318 +07:00 [INF] HTTP POST /hubs/chat/negotiate responded 200 in 0.2914 ms
2026-05-14 16:55:52.447 +07:00 [INF] HTTP GET /admin/about responded 302 in 0.6156 ms
2026-05-14 16:55:52.457 +07:00 [INF] HTTP GET /khong-co-quyen responded 200 in 2.1276 ms
2026-05-14 16:55:52.465 +07:00 [INF] HTTP GET /hubs/chat responded 101 in 2112.3626 ms
2026-05-14 16:55:52.546 +07:00 [INF] HTTP POST /hubs/chat/negotiate responded 200 in 0.4028 ms
2026-05-14 16:59:35.990 +07:00 [INF] HTTP GET /admin/users responded 200 in 7.0138 ms
2026-05-14 16:59:35.997 +07:00 [INF] HTTP GET /hubs/chat responded 101 in 223420.6113 ms
2026-05-14 16:59:36.118 +07:00 [INF] HTTP POST /hubs/chat/negotiate responded 200 in 0.4219 ms
2026-05-14 16:59:39.725 +07:00 [INF] HTTP GET /admin/users responded 200 in 7.9313 ms
2026-05-14 16:59:39.732 +07:00 [INF] HTTP GET /hubs/chat responded 101 in 3578.0896 ms
2026-05-14 16:59:39.911 +07:00 [INF] HTTP POST /hubs/chat/negotiate responded 200 in 0.3749 ms
2026-05-14 16:59:40.647 +07:00 [INF] HTTP GET /admin/users/create responded 200 in 33.6094 ms
2026-05-14 16:59:40.654 +07:00 [INF] HTTP GET /hubs/chat responded 101 in 703.6362 ms
2026-05-14 16:59:40.753 +07:00 [INF] HTTP POST /hubs/chat/negotiate responded 200 in 0.3307 ms
2026-05-14 16:59:48.893 +07:00 [INF] HTTP GET /admin/activity responded 200 in 128.5089 ms
2026-05-14 16:59:48.894 +07:00 [INF] HTTP GET /hubs/chat responded 101 in 8095.9299 ms
2026-05-14 16:59:48.986 +07:00 [INF] HTTP POST /hubs/chat/negotiate responded 200 in 0.3566 ms
2026-05-14 17:00:07.752 +07:00 [INF] HTTP GET /admin/about responded 302 in 0.2671 ms
2026-05-14 17:00:07.761 +07:00 [INF] HTTP GET /khong-co-quyen responded 200 in 1.2135 ms
2026-05-14 17:00:07.769 +07:00 [INF] HTTP GET /hubs/chat responded 101 in 18731.9557 ms
2026-05-14 17:00:07.861 +07:00 [INF] HTTP POST /hubs/chat/negotiate responded 200 in 0.3071 ms
2026-05-14 17:00:12.633 +07:00 [INF] HTTP GET /hubs/chat responded 101 in 297448.0030 ms
2026-05-14 17:00:12.634 +07:00 [INF] HTTP POST /hubs/chat/negotiate responded 200 in 0.3707 ms
2026-05-14 17:00:12.637 +07:00 [INF] HTTP GET /hubs/chat responded 101 in 4740.0845 ms
2026-05-14 17:00:12.639 +07:00 [INF] HTTP POST /hubs/chat/negotiate responded 200 in 0.3438 ms
2026-05-14 17:00:42.628 +07:00 [INF] HTTP GET /hubs/chat responded 101 in 29989.9387 ms
2026-05-14 17:01:07.252 +07:00 [INF] HTTP POST /hubs/chat/negotiate responded 200 in 46.2997 ms
2026-05-14 17:01:14.074 +07:00 [INF] HTTP POST /hubs/chat/negotiate responded 200 in 4.1483 ms
2026-05-14 17:01:16.698 +07:00 [INF] HTTP GET /khong-co-quyen responded 200 in 1383.8510 ms
2026-05-14 17:01:16.709 +07:00 [INF] HTTP GET /hubs/chat responded 101 in 2625.8783 ms
2026-05-14 17:01:16.802 +07:00 [INF] HTTP POST /hubs/chat/negotiate responded 200 in 0.6347 ms
2026-05-14 17:01:18.166 +07:00 [INF] HTTP GET /hubs/chat responded 101 in 1334.8954 ms
2026-05-14 17:01:18.284 +07:00 [INF] HTTP POST /hubs/chat/negotiate responded 200 in 0.5972 ms
2026-05-14 17:01:19.340 +07:00 [INF] HTTP GET /admin/activity responded 200 in 414.7965 ms
2026-05-14 17:01:19.346 +07:00 [INF] HTTP GET /hubs/chat responded 101 in 1011.9434 ms
2026-05-14 17:01:19.586 +07:00 [INF] HTTP POST /hubs/chat/negotiate responded 200 in 0.4019 ms
2026-05-14 17:01:20.536 +07:00 [INF] HTTP GET /admin/about responded 302 in 7.5287 ms
2026-05-14 17:01:20.547 +07:00 [INF] HTTP GET /khong-co-quyen responded 200 in 4.3282 ms
2026-05-14 17:01:20.555 +07:00 [INF] HTTP GET /hubs/chat responded 101 in 910.4500 ms
2026-05-14 17:01:20.639 +07:00 [INF] HTTP POST /hubs/chat/negotiate responded 200 in 0.4008 ms
2026-05-14 17:01:22.857 +07:00 [INF] HTTP GET /hubs/chat responded 101 in 15601.5175 ms
2026-05-14 17:01:22.864 +07:00 [INF] HTTP GET /uploads/icons/youtube.png responded 304 in 4.0591 ms
2026-05-14 17:01:22.864 +07:00 [INF] HTTP GET /uploads/settings/beab110c755a43038d0ef5a6deab4b51.png responded 304 in 4.0591 ms
2026-05-14 17:01:22.885 +07:00 [INF] HTTP GET /uploads/icons/zalo.png responded 304 in 0.3098 ms
2026-05-14 17:01:22.981 +07:00 [INF] HTTP POST /hubs/chat/negotiate responded 200 in 0.6164 ms
2026-05-14 17:01:23.054 +07:00 [INF] HTTP GET /Home/About responded 200 in 218.1585 ms
2026-05-14 17:01:24.698 +07:00 [INF] HTTP GET / responded 200 in 403.4771 ms
2026-05-14 17:01:24.810 +07:00 [INF] HTTP GET /uploads/banners/67f34fbb474a40cc917dbf8aff09e10a.jpg responded 304 in 0.1771 ms
2026-05-14 17:01:24.887 +07:00 [INF] HTTP POST /hubs/chat/negotiate responded 200 in 0.6554 ms
2026-05-14 17:01:24.930 +07:00 [INF] HTTP GET /hubs/chat responded 101 in 1924.3241 ms
2026-05-14 17:01:28.665 +07:00 [INF] HTTP GET /hubs/chat responded 101 in 7992.9754 ms
2026-05-14 17:01:28.793 +07:00 [INF] HTTP POST /hubs/chat/negotiate responded 200 in 0.4142 ms
2026-05-14 17:01:29.270 +07:00 [INF] HTTP GET /admin/about responded 302 in 2.9338 ms
2026-05-14 17:01:29.279 +07:00 [INF] HTTP GET /khong-co-quyen responded 200 in 1.9715 ms
2026-05-14 17:01:29.286 +07:00 [INF] HTTP GET /hubs/chat responded 101 in 427.2768 ms
2026-05-14 17:01:29.370 +07:00 [INF] HTTP POST /hubs/chat/negotiate responded 200 in 0.4028 ms
2026-05-14 17:01:31.373 +07:00 [INF] HTTP GET /hubs/chat responded 101 in 1963.3635 ms
2026-05-14 17:01:31.491 +07:00 [INF] HTTP POST /hubs/chat/negotiate responded 200 in 0.3870 ms
2026-05-14 17:01:32.654 +07:00 [INF] HTTP GET /admin/banners responded 200 in 37.7778 ms
2026-05-14 17:01:32.661 +07:00 [INF] HTTP GET /hubs/chat responded 101 in 1111.9528 ms
2026-05-14 17:01:32.759 +07:00 [INF] HTTP POST /hubs/chat/negotiate responded 200 in 0.3172 ms
2026-05-14 17:01:34.816 +07:00 [INF] HTTP GET /admin/products responded 200 in 103.3057 ms
2026-05-14 17:01:34.816 +07:00 [INF] HTTP GET /hubs/chat responded 101 in 2019.1637 ms
2026-05-14 17:01:34.915 +07:00 [INF] HTTP POST /hubs/chat/negotiate responded 200 in 0.2643 ms
2026-05-14 17:01:35.753 +07:00 [INF] HTTP GET /admin/users responded 200 in 62.3198 ms
2026-05-14 17:01:35.760 +07:00 [INF] HTTP GET /hubs/chat responded 101 in 761.1622 ms
2026-05-14 17:01:35.849 +07:00 [INF] HTTP POST /hubs/chat/negotiate responded 200 in 0.2321 ms
2026-05-14 17:01:40.174 +07:00 [INF] HTTP GET /admin/messages responded 200 in 31.7439 ms
2026-05-14 17:01:40.180 +07:00 [INF] HTTP GET /hubs/chat responded 101 in 4291.6200 ms
2026-05-14 17:01:40.266 +07:00 [INF] HTTP POST /hubs/chat/negotiate responded 200 in 0.2417 ms
2026-05-14 17:01:41.572 +07:00 [INF] HTTP GET /admin/about responded 302 in 0.3137 ms
2026-05-14 17:01:41.579 +07:00 [INF] HTTP GET /khong-co-quyen responded 200 in 0.7984 ms
2026-05-14 17:01:41.587 +07:00 [INF] HTTP GET /hubs/chat responded 101 in 1281.2656 ms
2026-05-14 17:01:41.666 +07:00 [INF] HTTP POST /hubs/chat/negotiate responded 200 in 0.3175 ms
2026-05-14 17:03:00.870 +07:00 [INF] HTTP GET /hubs/chat responded 101 in 95869.2960 ms
2026-05-14 17:03:00.870 +07:00 [INF] HTTP GET /hubs/chat responded 101 in 79172.9229 ms
2026-05-14 17:03:00.872 +07:00 [INF] HTTP POST /hubs/chat/negotiate responded 200 in 0.2323 ms
2026-05-14 17:03:22.985 +07:00 [INF] HTTP GET /khong-co-quyen responded 200 in 1575.2011 ms
2026-05-14 17:03:23.106 +07:00 [INF] HTTP POST /hubs/chat/negotiate responded 200 in 10.8316 ms
2026-05-14 17:03:24.242 +07:00 [INF] HTTP GET /hubs/chat responded 101 in 1112.1308 ms
2026-05-14 17:03:24.334 +07:00 [INF] HTTP POST /hubs/chat/negotiate responded 200 in 1.0184 ms
2026-05-14 17:03:25.062 +07:00 [INF] HTTP GET /admin/messages responded 200 in 179.9133 ms
2026-05-14 17:03:25.071 +07:00 [INF] HTTP GET /hubs/chat responded 101 in 708.2055 ms
2026-05-14 17:03:25.249 +07:00 [INF] HTTP POST /hubs/chat/negotiate responded 200 in 0.3560 ms
2026-05-14 17:03:26.296 +07:00 [INF] HTTP GET /admin/about responded 200 in 62.5362 ms
2026-05-14 17:03:26.302 +07:00 [INF] HTTP GET /hubs/chat responded 101 in 1019.8621 ms
2026-05-14 17:03:26.397 +07:00 [INF] HTTP POST /hubs/chat/negotiate responded 200 in 0.4327 ms
2026-05-14 17:03:27.190 +07:00 [INF] HTTP POST /hubs/chat/negotiate responded 200 in 0.6554 ms
2026-05-14 17:06:10.267 +07:00 [INF] HTTP GET /hubs/chat responded 101 in 163073.3078 ms
2026-05-14 17:06:10.269 +07:00 [INF] HTTP GET /hubs/chat responded 101 in 163814.4754 ms
2026-05-14 17:06:10.270 +07:00 [INF] HTTP POST /hubs/chat/negotiate responded 200 in 0.6003 ms
2026-05-14 17:06:10.273 +07:00 [INF] HTTP POST /hubs/chat/negotiate responded 200 in 0.5566 ms
2026-05-14 17:06:24.529 +07:00 [INF] HTTP POST /hubs/chat/negotiate responded 200 in 11.8410 ms
2026-05-14 17:06:24.952 +07:00 [INF] HTTP GET /admin/about responded 200 in 1487.3029 ms
2026-05-14 17:06:24.967 +07:00 [INF] HTTP GET /hubs/chat responded 101 in 435.0220 ms
2026-05-14 17:06:25.145 +07:00 [INF] HTTP POST /hubs/chat/negotiate responded 200 in 0.5578 ms
2026-05-14 17:06:25.189 +07:00 [INF] HTTP POST /hubs/chat/negotiate responded 200 in 0.2909 ms
2026-05-14 17:06:37.014 +07:00 [INF] HTTP POST /hubs/chat/negotiate responded 200 in 0.5738 ms
2026-05-14 17:06:37.038 +07:00 [INF] HTTP GET /hubs/chat responded 101 in 11845.0713 ms
2026-05-14 17:06:37.195 +07:00 [INF] HTTP GET /Home/About responded 200 in 395.5102 ms
2026-05-14 17:06:42.917 +07:00 [INF] Upload thành công: /uploads/content/7ecfc9c28321425599084565a3f515c2.png (651905 bytes)
2026-05-14 17:06:42.936 +07:00 [INF] HTTP POST /admin/api/upload responded 200 in 102.4560 ms
2026-05-14 17:06:42.985 +07:00 [INF] HTTP GET /uploads/content/7ecfc9c28321425599084565a3f515c2.png responded 200 in 26.1300 ms
2026-05-14 17:06:43.747 +07:00 [INF] Cập nhật SiteSettings
2026-05-14 17:06:43.752 +07:00 [INF] HTTP POST /admin/About/Update responded 302 in 92.9858 ms
2026-05-14 17:06:43.772 +07:00 [INF] HTTP GET /admin/About responded 200 in 13.3052 ms
2026-05-14 17:06:43.780 +07:00 [INF] HTTP GET /hubs/chat responded 101 in 18573.6273 ms
2026-05-14 17:06:43.885 +07:00 [INF] HTTP POST /hubs/chat/negotiate responded 200 in 0.5411 ms
2026-05-14 17:06:43.909 +07:00 [INF] HTTP GET /uploads/content/7ecfc9c28321425599084565a3f515c2.png responded 304 in 1.2446 ms
2026-05-14 17:06:45.292 +07:00 [INF] HTTP GET /Home/About responded 200 in 3.9916 ms
2026-05-14 17:06:45.299 +07:00 [INF] HTTP GET /hubs/chat responded 101 in 8232.7721 ms
2026-05-14 17:06:45.303 +07:00 [INF] HTTP GET /uploads/content/7ecfc9c28321425599084565a3f515c2.png responded 304 in 0.4199 ms
2026-05-14 17:06:45.408 +07:00 [INF] HTTP POST /hubs/chat/negotiate responded 200 in 0.9013 ms
2026-05-14 17:06:59.928 +07:00 [INF] Cập nhật SiteSettings
2026-05-14 17:06:59.930 +07:00 [INF] HTTP POST /admin/About/Update responded 302 in 38.7867 ms
2026-05-14 17:06:59.943 +07:00 [INF] HTTP GET /admin/About responded 200 in 6.1156 ms
2026-05-14 17:06:59.951 +07:00 [INF] HTTP GET /hubs/chat responded 101 in 16012.3708 ms
2026-05-14 17:07:00.043 +07:00 [INF] HTTP POST /hubs/chat/negotiate responded 200 in 0.3307 ms
2026-05-14 17:07:00.065 +07:00 [INF] HTTP GET /uploads/content/7ecfc9c28321425599084565a3f515c2.png responded 304 in 0.2822 ms
2026-05-14 17:07:03.705 +07:00 [INF] HTTP GET /Home/About responded 200 in 2.8227 ms
2026-05-14 17:07:03.713 +07:00 [INF] HTTP GET /hubs/chat responded 101 in 18263.8009 ms
2026-05-14 17:07:03.717 +07:00 [INF] HTTP GET /uploads/content/7ecfc9c28321425599084565a3f515c2.png responded 304 in 0.2534 ms
2026-05-14 17:07:03.818 +07:00 [INF] HTTP POST /hubs/chat/negotiate responded 200 in 0.7607 ms
2026-05-14 17:08:48.969 +07:00 [INF] HTTP GET /hubs/chat responded 101 in 108869.4420 ms
2026-05-14 17:08:48.971 +07:00 [INF] HTTP POST /hubs/chat/negotiate responded 200 in 0.3476 ms
2026-05-14 17:08:48.973 +07:00 [INF] HTTP POST /hubs/chat/negotiate responded 200 in 0.3411 ms
2026-05-14 17:08:48.978 +07:00 [INF] HTTP GET /hubs/chat responded 101 in 105120.3868 ms
2026-05-14 17:09:18.972 +07:00 [INF] HTTP GET /hubs/chat responded 101 in 29996.3299 ms
2026-05-14 17:10:16.275 +07:00 [INF] HTTP POST /hubs/chat/negotiate responded 200 in 46.8648 ms
2026-05-14 17:10:41.290 +07:00 [INF] HTTP GET /uploads/settings/beab110c755a43038d0ef5a6deab4b51.png responded 304 in 4.2006 ms
2026-05-14 17:10:41.290 +07:00 [INF] HTTP GET /uploads/settings/85eddb21b13c4e56a70ab970ffd354f5.png responded 304 in 4.3374 ms
2026-05-14 17:10:41.290 +07:00 [INF] HTTP GET /uploads/content/7ecfc9c28321425599084565a3f515c2.png responded 304 in 3.8538 ms
2026-05-14 17:10:41.380 +07:00 [INF] HTTP POST /hubs/chat/negotiate responded 200 in 1.3603 ms
2026-05-14 17:10:41.543 +07:00 [INF] HTTP GET /Home/About responded 200 in 1699.1137 ms
2026-05-14 17:11:09.086 +07:00 [INF] Upload thành công: /uploads/content/29aa16137acb4747b4637c384858c4cd.jpg (3629816 bytes)
2026-05-14 17:11:09.104 +07:00 [INF] HTTP POST /admin/api/upload responded 200 in 121.8575 ms
2026-05-14 17:11:09.159 +07:00 [INF] HTTP GET /uploads/content/29aa16137acb4747b4637c384858c4cd.jpg responded 200 in 47.8623 ms
2026-05-14 17:11:10.110 +07:00 [INF] Cập nhật SiteSettings
2026-05-14 17:11:10.129 +07:00 [INF] HTTP POST /admin/About/Update responded 302 in 101.4631 ms
2026-05-14 17:11:10.230 +07:00 [INF] HTTP GET /admin/About responded 200 in 93.3279 ms
2026-05-14 17:11:10.238 +07:00 [INF] HTTP GET /uploads/settings/beab110c755a43038d0ef5a6deab4b51.png responded 304 in 0.2433 ms
2026-05-14 17:11:10.241 +07:00 [INF] HTTP GET /hubs/chat responded 101 in 53963.7412 ms
2026-05-14 17:11:10.436 +07:00 [INF] HTTP POST /hubs/chat/negotiate responded 200 in 0.2859 ms
2026-05-14 17:11:10.471 +07:00 [INF] HTTP GET /uploads/content/29aa16137acb4747b4637c384858c4cd.jpg responded 304 in 0.6558 ms
2026-05-14 17:11:11.847 +07:00 [INF] HTTP GET /Home/About responded 200 in 5.4839 ms
2026-05-14 17:11:11.853 +07:00 [INF] HTTP GET /hubs/chat responded 101 in 30444.2358 ms
2026-05-14 17:11:11.857 +07:00 [INF] HTTP GET /uploads/content/29aa16137acb4747b4637c384858c4cd.jpg responded 304 in 0.2574 ms
2026-05-14 17:11:11.962 +07:00 [INF] HTTP POST /hubs/chat/negotiate responded 200 in 0.8385 ms
2026-05-14 17:11:18.551 +07:00 [INF] HTTP GET / responded 200 in 464.2895 ms
2026-05-14 17:11:18.667 +07:00 [INF] HTTP GET /uploads/banners/67f34fbb474a40cc917dbf8aff09e10a.jpg responded 304 in 0.1753 ms
2026-05-14 17:11:18.737 +07:00 [INF] HTTP POST /hubs/chat/negotiate responded 200 in 3.5958 ms
2026-05-14 17:11:18.774 +07:00 [INF] HTTP GET /hubs/chat responded 101 in 6593.0988 ms
2026-05-14 17:11:21.468 +07:00 [INF] HTTP GET /admin/users responded 200 in 64.6240 ms
2026-05-14 17:11:21.474 +07:00 [INF] HTTP GET /hubs/chat responded 101 in 10979.1580 ms
2026-05-14 17:11:21.581 +07:00 [INF] HTTP POST /hubs/chat/negotiate responded 200 in 0.3401 ms
2026-05-14 17:11:22.352 +07:00 [INF] HTTP GET /admin/activity responded 200 in 143.6649 ms
2026-05-14 17:11:22.358 +07:00 [INF] HTTP GET /hubs/chat responded 101 in 730.1021 ms
2026-05-14 17:11:22.460 +07:00 [INF] HTTP POST /hubs/chat/negotiate responded 200 in 0.3349 ms
2026-05-14 17:11:28.596 +07:00 [INF] HTTP GET /admin/banners responded 200 in 43.6533 ms
2026-05-14 17:11:28.603 +07:00 [INF] HTTP GET /hubs/chat responded 101 in 6085.8927 ms
2026-05-14 17:11:28.697 +07:00 [INF] HTTP POST /hubs/chat/negotiate responded 200 in 0.3049 ms
2026-05-14 17:11:29.161 +07:00 [INF] HTTP GET /admin/about responded 200 in 4.5883 ms
2026-05-14 17:11:29.167 +07:00 [INF] HTTP GET /hubs/chat responded 101 in 430.7429 ms
2026-05-14 17:11:29.256 +07:00 [INF] HTTP POST /hubs/chat/negotiate responded 200 in 0.2685 ms
2026-05-14 17:11:29.288 +07:00 [INF] HTTP GET /uploads/content/29aa16137acb4747b4637c384858c4cd.jpg responded 304 in 0.5362 ms
2026-05-14 17:11:31.612 +07:00 [INF] HTTP GET /admin/settings responded 200 in 282.8464 ms
2026-05-14 17:11:31.619 +07:00 [INF] HTTP GET /hubs/chat responded 101 in 2296.8839 ms
2026-05-14 17:11:31.711 +07:00 [INF] HTTP POST /hubs/chat/negotiate responded 200 in 0.3334 ms
2026-05-14 17:11:34.344 +07:00 [INF] HTTP GET /admin/profile responded 200 in 32.5211 ms
2026-05-14 17:11:34.351 +07:00 [INF] HTTP GET /hubs/chat responded 101 in 2584.8381 ms
2026-05-14 17:11:34.442 +07:00 [INF] HTTP POST /hubs/chat/negotiate responded 200 in 0.3052 ms
2026-05-14 17:11:35.259 +07:00 [INF] HTTP GET /admin/settings responded 200 in 7.1859 ms
2026-05-14 17:11:35.266 +07:00 [INF] HTTP GET /hubs/chat responded 101 in 779.8821 ms
2026-05-14 17:11:35.358 +07:00 [INF] HTTP POST /hubs/chat/negotiate responded 200 in 0.6338 ms
2026-05-14 17:11:36.070 +07:00 [INF] HTTP GET /admin/activity responded 200 in 17.8752 ms
2026-05-14 17:11:36.078 +07:00 [INF] HTTP GET /hubs/chat responded 101 in 659.2493 ms
2026-05-14 17:11:36.189 +07:00 [INF] HTTP POST /hubs/chat/negotiate responded 200 in 0.2700 ms
2026-05-14 17:11:36.782 +07:00 [INF] HTTP GET /admin/settings responded 200 in 7.2087 ms
2026-05-14 17:11:36.788 +07:00 [INF] HTTP GET /hubs/chat responded 101 in 537.9135 ms
2026-05-14 17:11:36.880 +07:00 [INF] HTTP POST /hubs/chat/negotiate responded 200 in 0.3020 ms
2026-05-14 17:11:44.758 +07:00 [INF] HTTP GET /hubs/chat responded 101 in 25914.0956 ms
2026-05-14 17:11:44.761 +07:00 [INF] HTTP POST /hubs/chat/negotiate responded 200 in 0.3419 ms
2026-05-14 17:11:44.761 +07:00 [INF] HTTP POST /hubs/chat/negotiate responded 200 in 0.2771 ms
2026-05-14 17:11:44.766 +07:00 [INF] HTTP GET /hubs/chat responded 101 in 7822.8404 ms
2026-05-14 17:12:14.773 +07:00 [INF] HTTP GET /hubs/chat responded 101 in 30008.1383 ms
2026-05-14 17:19:14.826 +07:00 [INF] HTTP GET /admin/settings responded 200 in 1777.3354 ms
2026-05-14 17:19:15.045 +07:00 [INF] HTTP POST /hubs/chat/negotiate responded 200 in 9.5392 ms
2026-05-14 17:19:23.710 +07:00 [INF] HTTP GET /admin/about responded 200 in 100.1260 ms
2026-05-14 17:19:23.731 +07:00 [INF] HTTP GET /hubs/chat responded 101 in 8648.6313 ms
2026-05-14 17:19:23.827 +07:00 [INF] HTTP POST /hubs/chat/negotiate responded 200 in 0.6807 ms
2026-05-14 17:19:23.869 +07:00 [INF] HTTP GET /uploads/content/29aa16137acb4747b4637c384858c4cd.jpg responded 304 in 3.6107 ms
2026-05-14 17:19:27.079 +07:00 [INF] HTTP GET /uploads/icons/youtube.png responded 304 in 0.5417 ms
2026-05-14 17:19:27.079 +07:00 [INF] HTTP GET /uploads/icons/zalo.png responded 304 in 0.1881 ms
2026-05-14 17:19:27.197 +07:00 [INF] HTTP GET /uploads/banners/67f34fbb474a40cc917dbf8aff09e10a.jpg responded 304 in 0.1692 ms
2026-05-14 17:19:27.213 +07:00 [INF] HTTP POST /hubs/chat/negotiate responded 200 in 0.5652 ms
2026-05-14 17:19:27.246 +07:00 [INF] HTTP GET / responded 200 in 749.6486 ms
2026-05-14 17:19:32.972 +07:00 [INF] HTTP GET /Home/About responded 200 in 26.3312 ms
2026-05-14 17:19:33.062 +07:00 [INF] HTTP POST /hubs/chat/negotiate responded 200 in 0.6717 ms
2026-05-14 17:19:33.090 +07:00 [INF] HTTP GET /hubs/chat responded 101 in 5781.8863 ms
2026-05-14 17:19:41.465 +07:00 [INF] HTTP GET /admin/messages responded 200 in 35.1500 ms
2026-05-14 17:19:41.472 +07:00 [INF] HTTP GET /hubs/chat responded 101 in 17570.7706 ms
2026-05-14 17:19:41.561 +07:00 [INF] HTTP POST /hubs/chat/negotiate responded 200 in 0.4331 ms
2026-05-14 17:19:42.388 +07:00 [INF] HTTP GET /admin/users responded 200 in 63.0668 ms
2026-05-14 17:19:42.394 +07:00 [INF] HTTP GET /hubs/chat responded 101 in 797.1609 ms
2026-05-14 17:19:42.483 +07:00 [INF] HTTP POST /hubs/chat/negotiate responded 200 in 0.5775 ms
2026-05-14 17:20:34.333 +07:00 [INF] HTTP GET / responded 200 in 41.7047 ms
2026-05-14 17:20:34.539 +07:00 [INF] HTTP POST /hubs/chat/negotiate responded 200 in 0.3911 ms
2026-05-14 17:20:34.580 +07:00 [INF] HTTP GET /hubs/chat responded 101 in 61472.2607 ms
2026-05-14 17:20:51.298 +07:00 [INF] HTTP GET /admin/about responded 200 in 6.5695 ms
2026-05-14 17:20:51.305 +07:00 [INF] HTTP GET /hubs/chat responded 101 in 68781.6039 ms
2026-05-14 17:20:51.577 +07:00 [INF] HTTP POST /hubs/chat/negotiate responded 200 in 0.5180 ms
2026-05-14 17:20:51.608 +07:00 [INF] HTTP GET /uploads/content/29aa16137acb4747b4637c384858c4cd.jpg responded 304 in 0.3788 ms
2026-05-14 17:20:53.190 +07:00 [INF] HTTP GET /admin/messages responded 200 in 6.3910 ms
2026-05-14 17:20:53.198 +07:00 [INF] HTTP GET /hubs/chat responded 101 in 1568.6911 ms
2026-05-14 17:20:53.291 +07:00 [INF] HTTP POST /hubs/chat/negotiate responded 200 in 0.4157 ms
2026-05-14 17:20:54.027 +07:00 [INF] HTTP GET /admin/settings responded 200 in 7.1138 ms
2026-05-14 17:20:54.034 +07:00 [INF] HTTP GET /hubs/chat responded 101 in 701.9839 ms
2026-05-14 17:20:54.130 +07:00 [INF] HTTP POST /hubs/chat/negotiate responded 200 in 0.3561 ms
2026-05-14 17:20:54.804 +07:00 [INF] HTTP GET /admin/profile responded 200 in 34.6474 ms
2026-05-14 17:20:54.811 +07:00 [INF] HTTP GET /hubs/chat responded 101 in 622.8424 ms
2026-05-14 17:20:54.898 +07:00 [INF] HTTP POST /hubs/chat/negotiate responded 200 in 0.4790 ms
2026-05-14 17:20:55.397 +07:00 [INF] HTTP GET /admin/settings responded 200 in 7.1896 ms
2026-05-14 17:20:55.404 +07:00 [INF] HTTP GET /hubs/chat responded 101 in 464.4123 ms
2026-05-14 17:20:55.503 +07:00 [INF] HTTP POST /hubs/chat/negotiate responded 200 in 0.3367 ms
2026-05-14 17:20:59.207 +07:00 [INF] HTTP GET / responded 200 in 25.6984 ms
2026-05-14 17:20:59.214 +07:00 [INF] HTTP GET /hubs/chat responded 101 in 24625.1442 ms
2026-05-14 17:20:59.345 +07:00 [INF] HTTP POST /hubs/chat/negotiate responded 200 in 0.2934 ms
2026-05-14 17:20:59.901 +07:00 [INF] HTTP GET / responded 200 in 20.6812 ms
2026-05-14 17:20:59.908 +07:00 [INF] HTTP GET /hubs/chat responded 101 in 458.9014 ms
2026-05-14 17:21:00.024 +07:00 [INF] HTTP POST /hubs/chat/negotiate responded 200 in 0.2979 ms
2026-05-14 17:21:20.329 +07:00 [INF] HTTP GET /hubs/chat responded 101 in 20206.4262 ms
2026-05-14 17:21:20.329 +07:00 [INF] HTTP GET /hubs/chat responded 101 in 24753.0102 ms
2026-05-14 17:21:20.330 +07:00 [INF] HTTP POST /hubs/chat/negotiate responded 200 in 0.4122 ms
