2026-05-12 14:52:40.521 +07:00 [INF] HTTP GET /js/site.js responded 304 in 1.3685 ms
2026-05-12 14:52:40.521 +07:00 [INF] HTTP GET /css/site.css responded 304 in 13.2865 ms
2026-05-12 14:52:40.784 +07:00 [INF] HTTP GET / responded 200 in 3701.8840 ms
2026-05-12 14:52:41.012 +07:00 [INF] HTTP POST /hubs/chat/negotiate responded 200 in 16.6612 ms
2026-05-12 14:53:48.617 +07:00 [INF] HTTP GET /admin responded 302 in 9.5478 ms
2026-05-12 14:53:48.703 +07:00 [INF] HTTP GET /dang-nhap responded 200 in 79.1076 ms
2026-05-12 14:53:48.996 +07:00 [INF] HTTP POST /hubs/chat/negotiate responded 200 in 0.8667 ms
2026-05-12 14:56:15.274 +07:00 [INF] HTTP GET /danh-muc/sieu-oxy-fanto responded 200 in 149.3598 ms
2026-05-12 14:56:15.611 +07:00 [INF] HTTP POST /hubs/chat/negotiate responded 200 in 0.4025 ms
2026-05-12 14:56:15.651 +07:00 [INF] HTTP GET /hubs/chat responded 101 in 214509.7713 ms
2026-05-12 14:56:19.951 +07:00 [INF] HTTP POST /hubs/chat/negotiate responded 200 in 0.5436 ms
2026-05-12 14:56:20.001 +07:00 [INF] HTTP GET /hubs/chat responded 101 in 4324.3527 ms
2026-05-12 14:56:23.318 +07:00 [INF] HTTP GET /san-pham/may-cho-ca-an-6-bao-inox-xoay-360-fanto-45 responded 200 in 162.1063 ms
2026-05-12 14:56:23.455 +07:00 [INF] HTTP GET /hubs/chat responded 101 in 3350.8364 ms
2026-05-12 14:56:23.462 +07:00 [INF] HTTP POST /hubs/chat/negotiate responded 200 in 0.4008 ms
2026-05-12 14:56:38.465 +07:00 [INF] HTTP GET /gio-hang responded 200 in 22.8565 ms
2026-05-12 14:56:38.661 +07:00 [INF] HTTP POST /hubs/chat/negotiate responded 200 in 0.4989 ms
2026-05-12 14:56:38.685 +07:00 [INF] HTTP GET /hubs/chat responded 101 in 15134.3130 ms
2026-05-12 14:56:43.467 +07:00 [INF] HTTP GET /san-pham responded 200 in 64.0792 ms
2026-05-12 14:56:43.685 +07:00 [INF] HTTP POST /hubs/chat/negotiate responded 200 in 0.2830 ms
2026-05-12 14:56:43.714 +07:00 [INF] HTTP GET /hubs/chat responded 101 in 4973.3208 ms
2026-05-12 14:56:44.758 +07:00 [INF] HTTP GET /danh-muc/may-cho-ca-an responded 200 in 26.6259 ms
2026-05-12 14:56:44.953 +07:00 [INF] HTTP POST /hubs/chat/negotiate responded 200 in 0.2815 ms
2026-05-12 14:56:44.983 +07:00 [INF] HTTP GET /hubs/chat responded 101 in 1248.4200 ms
2026-05-12 14:56:45.594 +07:00 [INF] HTTP GET /danh-muc/quat-nuoc-tao-dong responded 200 in 21.0850 ms
2026-05-12 14:56:45.778 +07:00 [INF] HTTP POST /hubs/chat/negotiate responded 200 in 0.2446 ms
2026-05-12 14:56:45.802 +07:00 [INF] HTTP GET /hubs/chat responded 101 in 793.4272 ms
2026-05-12 14:56:46.379 +07:00 [INF] HTTP GET /danh-muc/sieu-oxy-fanto responded 200 in 15.6124 ms
2026-05-12 14:56:46.558 +07:00 [INF] HTTP POST /hubs/chat/negotiate responded 200 in 0.2003 ms
2026-05-12 14:56:46.582 +07:00 [INF] HTTP GET /hubs/chat responded 101 in 760.8119 ms
2026-05-12 14:56:47.313 +07:00 [INF] HTTP GET /danh-muc/tam-hoa-bien-tan-fanto responded 200 in 22.6383 ms
2026-05-12 14:56:47.491 +07:00 [INF] HTTP POST /hubs/chat/negotiate responded 200 in 0.3205 ms
2026-05-12 14:56:47.513 +07:00 [INF] HTTP GET /hubs/chat responded 101 in 913.1050 ms
2026-05-12 14:56:48.412 +07:00 [INF] HTTP GET /danh-muc/tao-song-1-tac-dung responded 200 in 20.6403 ms
2026-05-12 14:56:48.588 +07:00 [INF] HTTP POST /hubs/chat/negotiate responded 200 in 0.1763 ms
2026-05-12 14:56:48.613 +07:00 [INF] HTTP GET /hubs/chat responded 101 in 1080.1045 ms
2026-05-12 14:56:48.964 +07:00 [INF] HTTP GET /danh-muc/tao-song-2-tac-dung responded 200 in 19.6672 ms
2026-05-12 14:56:49.168 +07:00 [INF] HTTP POST /hubs/chat/negotiate responded 200 in 0.3317 ms
2026-05-12 14:56:49.194 +07:00 [INF] HTTP GET /hubs/chat responded 101 in 558.9603 ms
2026-05-12 14:56:49.536 +07:00 [INF] HTTP GET /danh-muc/may-thoi-khi responded 200 in 24.1456 ms
2026-05-12 14:56:49.732 +07:00 [INF] HTTP POST /hubs/chat/negotiate responded 200 in 0.2289 ms
2026-05-12 14:56:49.760 +07:00 [INF] HTTP GET /hubs/chat responded 101 in 544.4790 ms
2026-05-12 14:56:50.143 +07:00 [INF] HTTP GET /danh-muc/bom-chim-inox responded 200 in 31.3804 ms
2026-05-12 14:56:50.323 +07:00 [INF] HTTP POST /hubs/chat/negotiate responded 200 in 0.3890 ms
2026-05-12 14:56:50.348 +07:00 [INF] HTTP GET /hubs/chat responded 101 in 570.3514 ms
2026-05-12 14:56:50.612 +07:00 [INF] HTTP GET /danh-muc/bom-mua responded 200 in 20.7440 ms
2026-05-12 14:56:50.801 +07:00 [INF] HTTP POST /hubs/chat/negotiate responded 200 in 0.4359 ms
2026-05-12 14:56:50.822 +07:00 [INF] HTTP GET /hubs/chat responded 101 in 455.1340 ms
2026-05-12 14:56:52.017 +07:00 [INF] HTTP GET /kien-thuc responded 200 in 124.1891 ms
2026-05-12 14:56:52.288 +07:00 [INF] HTTP POST /hubs/chat/negotiate responded 200 in 0.3621 ms
2026-05-12 14:56:52.312 +07:00 [INF] HTTP GET /hubs/chat responded 101 in 1474.2728 ms
2026-05-12 14:56:53.367 +07:00 [INF] HTTP GET /kien-thuc/5-buoc-chuan-bi-ao-nuoi-tom-dat-chuan-1 responded 200 in 55.4301 ms
2026-05-12 14:56:53.569 +07:00 [INF] HTTP POST /hubs/chat/negotiate responded 200 in 0.2057 ms
2026-05-12 14:56:53.594 +07:00 [INF] HTTP GET /hubs/chat responded 101 in 1262.0407 ms
2026-05-12 14:56:57.072 +07:00 [INF] HTTP GET /doi-tac responded 200 in 180.0216 ms
2026-05-12 14:56:57.306 +07:00 [INF] HTTP POST /hubs/chat/negotiate responded 200 in 0.2460 ms
2026-05-12 14:56:57.333 +07:00 [INF] HTTP GET /hubs/chat responded 101 in 3715.6077 ms
2026-05-12 14:56:58.378 +07:00 [INF] HTTP GET /doi-tac/cong-ty-thuy-san-mien-tay-1 responded 200 in 42.0444 ms
2026-05-12 14:56:58.572 +07:00 [INF] HTTP POST /hubs/chat/negotiate responded 200 in 0.2151 ms
2026-05-12 14:56:58.592 +07:00 [INF] HTTP GET /hubs/chat responded 101 in 1236.5317 ms
2026-05-12 14:57:03.444 +07:00 [INF] HTTP GET /api/search/suggest responded 200 in 134.6768 ms
2026-05-12 14:57:04.438 +07:00 [INF] HTTP GET /api/search/suggest responded 200 in 16.2343 ms
2026-05-12 14:57:06.775 +07:00 [INF] HTTP GET /san-pham/may-cho-ca-an-2-bao-nhua-fanto-13 responded 200 in 38.1951 ms
2026-05-12 14:57:06.969 +07:00 [INF] HTTP GET /hubs/chat responded 101 in 8359.8935 ms
2026-05-12 14:57:06.975 +07:00 [INF] HTTP POST /hubs/chat/negotiate responded 200 in 0.4849 ms
2026-05-12 14:57:09.453 +07:00 [INF] HTTP GET /dat-ngon-ngu/en responded 302 in 3.3402 ms
2026-05-12 14:57:09.489 +07:00 [INF] HTTP GET /san-pham/may-cho-ca-an-2-bao-nhua-fanto-13 responded 200 in 28.9289 ms
2026-05-12 14:57:09.500 +07:00 [INF] HTTP GET /hubs/chat responded 101 in 2443.9855 ms
2026-05-12 14:57:09.718 +07:00 [INF] HTTP POST /hubs/chat/negotiate responded 200 in 0.1524 ms
2026-05-12 14:57:12.802 +07:00 [INF] HTTP GET /dat-ngon-ngu/vi responded 302 in 0.4884 ms
2026-05-12 14:57:12.826 +07:00 [INF] HTTP GET /san-pham/may-cho-ca-an-2-bao-nhua-fanto-13 responded 200 in 17.3577 ms
2026-05-12 14:57:12.839 +07:00 [INF] HTTP GET /hubs/chat responded 101 in 3040.6680 ms
2026-05-12 14:57:13.044 +07:00 [INF] HTTP POST /hubs/chat/negotiate responded 200 in 0.1871 ms
2026-05-12 14:57:21.542 +07:00 [INF] HTTP GET / responded 200 in 29.4362 ms
2026-05-12 14:57:21.698 +07:00 [INF] HTTP GET /hubs/chat responded 101 in 8559.2314 ms
2026-05-12 14:57:21.707 +07:00 [INF] HTTP POST /hubs/chat/negotiate responded 200 in 0.1774 ms
2026-05-12 14:57:23.482 +07:00 [INF] HTTP GET /san-pham responded 200 in 13.7823 ms
2026-05-12 14:57:23.734 +07:00 [INF] HTTP POST /hubs/chat/negotiate responded 200 in 0.4516 ms
2026-05-12 14:57:23.761 +07:00 [INF] HTTP GET /hubs/chat responded 101 in 1949.4845 ms
2026-05-12 14:57:29.293 +07:00 [WRN] Đăng nhập thất bại — sai mật khẩu: admin@aquacms.com
2026-05-12 14:57:29.298 +07:00 [INF] HTTP POST /dang-nhap responded 200 in 1032.4135 ms
2026-05-12 14:57:29.303 +07:00 [INF] HTTP GET /hubs/chat responded 101 in 220243.6449 ms
2026-05-12 14:57:29.580 +07:00 [INF] HTTP POST /hubs/chat/negotiate responded 200 in 0.1151 ms
2026-05-12 14:57:36.480 +07:00 [INF] Đăng nhập thành công: admin@aquacms.com (Role: "SUPER_ADMIN")
2026-05-12 14:57:36.506 +07:00 [INF] HTTP POST /dang-nhap responded 302 in 532.3700 ms
2026-05-12 14:57:36.791 +07:00 [INF] HTTP GET /admin responded 200 in 279.8862 ms
2026-05-12 14:57:36.797 +07:00 [INF] HTTP GET /hubs/chat responded 101 in 7173.8072 ms
2026-05-12 14:57:36.819 +07:00 [INF] HTTP GET /css/admin.css responded 304 in 0.2403 ms
2026-05-12 14:57:37.049 +07:00 [INF] HTTP POST /hubs/chat/negotiate responded 200 in 0.6729 ms
2026-05-12 14:58:05.591 +07:00 [INF] HTTP GET /admin/products responded 200 in 121.7686 ms
2026-05-12 14:58:05.649 +07:00 [INF] HTTP GET /hubs/chat responded 101 in 28482.5387 ms
2026-05-12 14:58:05.793 +07:00 [INF] HTTP POST /hubs/chat/negotiate responded 200 in 0.3472 ms
2026-05-12 14:58:11.950 +07:00 [INF] HTTP GET /admin/products responded 200 in 34.5233 ms
2026-05-12 14:58:11.955 +07:00 [INF] HTTP GET /hubs/chat responded 101 in 6086.0053 ms
2026-05-12 14:58:12.139 +07:00 [INF] HTTP POST /hubs/chat/negotiate responded 200 in 0.4989 ms
2026-05-12 14:58:14.556 +07:00 [INF] HTTP GET /admin/products/edit/54c129cb-a71b-40ed-a22e-691ea6ce19b0 responded 200 in 124.9848 ms
2026-05-12 14:58:14.562 +07:00 [INF] HTTP GET /hubs/chat responded 101 in 2336.3796 ms
2026-05-12 14:58:14.757 +07:00 [INF] HTTP POST /hubs/chat/negotiate responded 200 in 0.4143 ms
2026-05-12 14:58:32.510 +07:00 [INF] HTTP GET /admin/products responded 200 in 16.6164 ms
2026-05-12 14:58:32.516 +07:00 [INF] HTTP GET /hubs/chat responded 101 in 17682.4213 ms
2026-05-12 14:58:32.641 +07:00 [INF] HTTP POST /hubs/chat/negotiate responded 200 in 0.2964 ms
2026-05-12 14:58:33.613 +07:00 [INF] HTTP GET /admin/products/create responded 200 in 15.4714 ms
2026-05-12 14:58:33.620 +07:00 [INF] HTTP GET /hubs/chat responded 101 in 918.5620 ms
2026-05-12 14:58:33.786 +07:00 [INF] HTTP POST /hubs/chat/negotiate responded 200 in 0.4455 ms
2026-05-12 14:59:46.049 +07:00 [INF] Upload thành công: /uploads/products/2d723613e74549978dd9b77f1c9d705f.png (3330748 bytes)
2026-05-12 14:59:46.172 +07:00 [INF] Tạo sản phẩm mới: sản phẩm test (ID: "a894f615-157f-4c75-b11c-6bbf3c103d31")
2026-05-12 14:59:46.226 +07:00 [INF] HTTP POST /admin/products/create responded 302 in 271.4693 ms
2026-05-12 14:59:46.244 +07:00 [INF] HTTP GET /admin/Products responded 200 in 12.5787 ms
2026-05-12 14:59:46.249 +07:00 [INF] HTTP GET /hubs/chat responded 101 in 72435.9507 ms
2026-05-12 14:59:46.515 +07:00 [INF] HTTP POST /hubs/chat/negotiate responded 200 in 0.2733 ms
2026-05-12 14:59:50.510 +07:00 [INF] HTTP GET / responded 200 in 32.8738 ms
2026-05-12 14:59:50.837 +07:00 [INF] HTTP POST /hubs/chat/negotiate responded 200 in 0.3950 ms
2026-05-12 14:59:50.877 +07:00 [INF] HTTP GET /uploads/products/2d723613e74549978dd9b77f1c9d705f.png responded 200 in 45.5231 ms
2026-05-12 14:59:50.894 +07:00 [INF] HTTP GET /hubs/chat responded 101 in 147101.2254 ms
2026-05-12 14:59:56.120 +07:00 [INF] HTTP GET /san-pham/san-pham-test-49 responded 200 in 29.6369 ms
2026-05-12 14:59:56.141 +07:00 [INF] HTTP GET /uploads/products/2d723613e74549978dd9b77f1c9d705f.png responded 304 in 0.8222 ms
2026-05-12 14:59:56.305 +07:00 [INF] HTTP GET /hubs/chat responded 101 in 5338.4708 ms
2026-05-12 14:59:56.312 +07:00 [INF] HTTP POST /hubs/chat/negotiate responded 200 in 0.2670 ms
2026-05-12 15:00:04.468 +07:00 [INF] HTTP GET /favicon.ico responded 304 in 0.1411 ms
2026-05-12 15:00:11.323 +07:00 [INF] Đã xóa file: /uploads/products/2d723613e74549978dd9b77f1c9d705f.png
2026-05-12 15:00:11.382 +07:00 [INF] Xóa sản phẩm: sản phẩm test (ID: "a894f615-157f-4c75-b11c-6bbf3c103d31")
2026-05-12 15:00:11.388 +07:00 [INF] HTTP POST /admin/products/delete/a894f615-157f-4c75-b11c-6bbf3c103d31 responded 302 in 79.9620 ms
2026-05-12 15:00:11.412 +07:00 [INF] HTTP GET /admin/Products responded 200 in 15.9923 ms
2026-05-12 15:00:11.420 +07:00 [INF] HTTP GET /hubs/chat responded 101 in 24837.4883 ms
2026-05-12 15:00:11.558 +07:00 [INF] HTTP POST /hubs/chat/negotiate responded 200 in 0.2995 ms
2026-05-12 15:00:14.768 +07:00 [INF] HTTP GET /admin/categories responded 200 in 24.1195 ms
2026-05-12 15:00:14.774 +07:00 [INF] HTTP GET /hubs/chat responded 101 in 3155.0017 ms
2026-05-12 15:00:14.887 +07:00 [INF] HTTP POST /hubs/chat/negotiate responded 200 in 0.2965 ms
2026-05-12 15:00:16.557 +07:00 [INF] HTTP GET /admin/categories/create responded 200 in 30.5531 ms
2026-05-12 15:00:16.563 +07:00 [INF] HTTP GET /hubs/chat responded 101 in 1634.8853 ms
2026-05-12 15:00:16.675 +07:00 [INF] HTTP POST /hubs/chat/negotiate responded 200 in 0.2982 ms
2026-05-12 15:00:18.409 +07:00 [INF] HTTP GET /admin/categories responded 200 in 7.2516 ms
2026-05-12 15:00:18.414 +07:00 [INF] HTTP GET /hubs/chat responded 101 in 1701.8138 ms
2026-05-12 15:00:18.528 +07:00 [INF] HTTP POST /hubs/chat/negotiate responded 200 in 0.3158 ms
2026-05-12 15:00:19.448 +07:00 [INF] HTTP GET /admin/categories/edit/f6ff294a-eb36-47b3-82e3-acf886b20e0f responded 200 in 33.0525 ms
2026-05-12 15:00:19.454 +07:00 [INF] HTTP GET /hubs/chat responded 101 in 877.1180 ms
2026-05-12 15:00:19.562 +07:00 [INF] HTTP POST /hubs/chat/negotiate responded 200 in 0.3274 ms
2026-05-12 15:00:20.988 +07:00 [INF] HTTP GET /admin/categories responded 200 in 8.6708 ms
2026-05-12 15:00:20.993 +07:00 [INF] HTTP GET /hubs/chat responded 101 in 1398.9830 ms
2026-05-12 15:00:21.109 +07:00 [INF] HTTP POST /hubs/chat/negotiate responded 200 in 0.3141 ms
2026-05-12 15:00:26.243 +07:00 [INF] HTTP GET /admin/knowledge responded 200 in 2074.4396 ms
2026-05-12 15:00:26.249 +07:00 [INF] HTTP GET /hubs/chat responded 101 in 5086.7578 ms
2026-05-12 15:00:26.352 +07:00 [INF] HTTP POST /hubs/chat/negotiate responded 200 in 0.1988 ms
2026-05-12 15:00:27.571 +07:00 [INF] HTTP GET /admin/knowledgecategories responded 200 in 24.8627 ms
2026-05-12 15:00:27.577 +07:00 [INF] HTTP GET /hubs/chat responded 101 in 1191.3303 ms
2026-05-12 15:00:27.697 +07:00 [INF] HTTP POST /hubs/chat/negotiate responded 200 in 0.2268 ms
2026-05-12 15:00:28.955 +07:00 [INF] HTTP GET /admin/partners responded 200 in 59.6852 ms
2026-05-12 15:00:28.961 +07:00 [INF] HTTP GET /hubs/chat responded 101 in 1229.5414 ms
2026-05-12 15:00:29.085 +07:00 [INF] HTTP POST /hubs/chat/negotiate responded 200 in 0.1771 ms
2026-05-12 15:00:30.474 +07:00 [INF] HTTP GET /admin/partnercategories responded 200 in 22.3724 ms
2026-05-12 15:00:30.480 +07:00 [INF] HTTP GET /hubs/chat responded 101 in 1363.0970 ms
2026-05-12 15:00:30.602 +07:00 [INF] HTTP POST /hubs/chat/negotiate responded 200 in 0.2883 ms
2026-05-12 15:00:31.699 +07:00 [INF] HTTP GET /admin/banners responded 200 in 34.3260 ms
2026-05-12 15:00:31.704 +07:00 [INF] HTTP GET /hubs/chat responded 101 in 1074.3283 ms
2026-05-12 15:00:31.828 +07:00 [INF] HTTP POST /hubs/chat/negotiate responded 200 in 0.2301 ms
2026-05-12 15:00:33.161 +07:00 [INF] HTTP GET /admin/banners/create responded 200 in 31.7230 ms
2026-05-12 15:00:33.166 +07:00 [INF] HTTP GET /hubs/chat responded 101 in 1309.8398 ms
2026-05-12 15:00:33.320 +07:00 [INF] HTTP POST /hubs/chat/negotiate responded 200 in 0.2491 ms
2026-05-12 15:00:55.069 +07:00 [INF] HTTP GET /san-pham/san-pham-test-49 responded 404 in 46.8692 ms
2026-05-12 15:00:55.076 +07:00 [INF] HTTP GET /hubs/chat responded 101 in 58681.8058 ms
2026-05-12 15:00:55.261 +07:00 [INF] HTTP POST /hubs/chat/negotiate responded 200 in 0.2844 ms
2026-05-12 15:00:56.484 +07:00 [INF] HTTP GET / responded 200 in 20.4110 ms
2026-05-12 15:00:56.491 +07:00 [INF] HTTP GET /hubs/chat responded 101 in 1222.7942 ms
2026-05-12 15:00:56.734 +07:00 [INF] HTTP POST /hubs/chat/negotiate responded 200 in 0.4281 ms
2026-05-12 15:00:59.387 +07:00 [INF] HTTP GET /san-pham/may-tron-cam-fanto-1b-50l-9 responded 200 in 36.6230 ms
2026-05-12 15:00:59.536 +07:00 [INF] HTTP GET /hubs/chat responded 101 in 2755.9628 ms
2026-05-12 15:00:59.543 +07:00 [INF] HTTP POST /hubs/chat/negotiate responded 200 in 0.3521 ms
2026-05-12 15:01:08.843 +07:00 [ERR] Failed executing DbCommand (9ms) [Parameters=[@p0='?', @p1='?' (DbType = DateTime), @p2='?', @p3='?', @p4='?', @p5='?' (DbType = Int32), @p6='?', @p7='?'], CommandType='"Text"', CommandTimeout='30']
INSERT INTO banners (color, created_at, description, image, link_url, sort_order, subtitle, title)
VALUES (@p0, @p1, @p2, @p3, @p4, @p5, @p6, @p7)
RETURNING id, is_active;
2026-05-12 15:01:08.865 +07:00 [ERR] An exception occurred in the database while saving changes for context type 'AquaCMS.Data.AppDbContext'.
Microsoft.EntityFrameworkCore.DbUpdateException: An error occurred while saving the entity changes. See the inner exception for details.
 ---> Npgsql.PostgresException (0x80004005): 23502: null value in column "image" of relation "banners" violates not-null constraint

DETAIL: Detail redacted as it may contain sensitive data. Specify 'Include Error Detail' in the connection string to include this information.
   at Npgsql.Internal.NpgsqlConnector.ReadMessageLong(Boolean async, DataRowLoadingMode dataRowLoadingMode, Boolean readingNotifications, Boolean isReadingPrependedMessage)
   at System.Runtime.CompilerServices.PoolingAsyncValueTaskMethodBuilder`1.StateMachineBox`1.System.Threading.Tasks.Sources.IValueTaskSource<TResult>.GetResult(Int16 token)
   at Npgsql.NpgsqlDataReader.NextResult(Boolean async, Boolean isConsuming, CancellationToken cancellationToken)
   at Npgsql.NpgsqlDataReader.NextResult(Boolean async, Boolean isConsuming, CancellationToken cancellationToken)
   at Npgsql.NpgsqlCommand.ExecuteReader(Boolean async, CommandBehavior behavior, CancellationToken cancellationToken)
   at Npgsql.NpgsqlCommand.ExecuteReader(Boolean async, CommandBehavior behavior, CancellationToken cancellationToken)
   at Npgsql.NpgsqlCommand.ExecuteDbDataReaderAsync(CommandBehavior behavior, CancellationToken cancellationToken)
   at Microsoft.EntityFrameworkCore.Storage.RelationalCommand.ExecuteReaderAsync(RelationalCommandParameterObject parameterObject, CancellationToken cancellationToken)
   at Microsoft.EntityFrameworkCore.Storage.RelationalCommand.ExecuteReaderAsync(RelationalCommandParameterObject parameterObject, CancellationToken cancellationToken)
   at Microsoft.EntityFrameworkCore.Update.ReaderModificationCommandBatch.ExecuteAsync(IRelationalConnection connection, CancellationToken cancellationToken)
  Exception data:
    Severity: ERROR
    SqlState: 23502
    MessageText: null value in column "image" of relation "banners" violates not-null constraint
    Detail: Detail redacted as it may contain sensitive data. Specify 'Include Error Detail' in the connection string to include this information.
    SchemaName: public
    TableName: banners
    ColumnName: image
    File: execMain.c
    Line: 2057
    Routine: ExecConstraints
   --- End of inner exception stack trace ---
   at Microsoft.EntityFrameworkCore.Update.ReaderModificationCommandBatch.ExecuteAsync(IRelationalConnection connection, CancellationToken cancellationToken)
   at Microsoft.EntityFrameworkCore.Update.Internal.BatchExecutor.ExecuteAsync(IEnumerable`1 commandBatches, IRelationalConnection connection, CancellationToken cancellationToken)
   at Microsoft.EntityFrameworkCore.Update.Internal.BatchExecutor.ExecuteAsync(IEnumerable`1 commandBatches, IRelationalConnection connection, CancellationToken cancellationToken)
   at Microsoft.EntityFrameworkCore.Update.Internal.BatchExecutor.ExecuteAsync(IEnumerable`1 commandBatches, IRelationalConnection connection, CancellationToken cancellationToken)
   at Microsoft.EntityFrameworkCore.Storage.RelationalDatabase.SaveChangesAsync(IList`1 entries, CancellationToken cancellationToken)
   at Microsoft.EntityFrameworkCore.ChangeTracking.Internal.StateManager.SaveChangesAsync(IList`1 entriesToSave, CancellationToken cancellationToken)
   at Microsoft.EntityFrameworkCore.ChangeTracking.Internal.StateManager.SaveChangesAsync(StateManager stateManager, Boolean acceptAllChangesOnSuccess, CancellationToken cancellationToken)
   at Npgsql.EntityFrameworkCore.PostgreSQL.Storage.Internal.NpgsqlExecutionStrategy.ExecuteAsync[TState,TResult](TState state, Func`4 operation, Func`4 verifySucceeded, CancellationToken cancellationToken)
   at Microsoft.EntityFrameworkCore.DbContext.SaveChangesAsync(Boolean acceptAllChangesOnSuccess, CancellationToken cancellationToken)
Microsoft.EntityFrameworkCore.DbUpdateException: An error occurred while saving the entity changes. See the inner exception for details.
 ---> Npgsql.PostgresException (0x80004005): 23502: null value in column "image" of relation "banners" violates not-null constraint

DETAIL: Detail redacted as it may contain sensitive data. Specify 'Include Error Detail' in the connection string to include this information.
   at Npgsql.Internal.NpgsqlConnector.ReadMessageLong(Boolean async, DataRowLoadingMode dataRowLoadingMode, Boolean readingNotifications, Boolean isReadingPrependedMessage)
   at System.Runtime.CompilerServices.PoolingAsyncValueTaskMethodBuilder`1.StateMachineBox`1.System.Threading.Tasks.Sources.IValueTaskSource<TResult>.GetResult(Int16 token)
   at Npgsql.NpgsqlDataReader.NextResult(Boolean async, Boolean isConsuming, CancellationToken cancellationToken)
   at Npgsql.NpgsqlDataReader.NextResult(Boolean async, Boolean isConsuming, CancellationToken cancellationToken)
   at Npgsql.NpgsqlCommand.ExecuteReader(Boolean async, CommandBehavior behavior, CancellationToken cancellationToken)
   at Npgsql.NpgsqlCommand.ExecuteReader(Boolean async, CommandBehavior behavior, CancellationToken cancellationToken)
   at Npgsql.NpgsqlCommand.ExecuteDbDataReaderAsync(CommandBehavior behavior, CancellationToken cancellationToken)
   at Microsoft.EntityFrameworkCore.Storage.RelationalCommand.ExecuteReaderAsync(RelationalCommandParameterObject parameterObject, CancellationToken cancellationToken)
   at Microsoft.EntityFrameworkCore.Storage.RelationalCommand.ExecuteReaderAsync(RelationalCommandParameterObject parameterObject, CancellationToken cancellationToken)
   at Microsoft.EntityFrameworkCore.Update.ReaderModificationCommandBatch.ExecuteAsync(IRelationalConnection connection, CancellationToken cancellationToken)
  Exception data:
    Severity: ERROR
    SqlState: 23502
    MessageText: null value in column "image" of relation "banners" violates not-null constraint
    Detail: Detail redacted as it may contain sensitive data. Specify 'Include Error Detail' in the connection string to include this information.
    SchemaName: public
    TableName: banners
    ColumnName: image
    File: execMain.c
    Line: 2057
    Routine: ExecConstraints
   --- End of inner exception stack trace ---
   at Microsoft.EntityFrameworkCore.Update.ReaderModificationCommandBatch.ExecuteAsync(IRelationalConnection connection, CancellationToken cancellationToken)
   at Microsoft.EntityFrameworkCore.Update.Internal.BatchExecutor.ExecuteAsync(IEnumerable`1 commandBatches, IRelationalConnection connection, CancellationToken cancellationToken)
   at Microsoft.EntityFrameworkCore.Update.Internal.BatchExecutor.ExecuteAsync(IEnumerable`1 commandBatches, IRelationalConnection connection, CancellationToken cancellationToken)
   at Microsoft.EntityFrameworkCore.Update.Internal.BatchExecutor.ExecuteAsync(IEnumerable`1 commandBatches, IRelationalConnection connection, CancellationToken cancellationToken)
   at Microsoft.EntityFrameworkCore.Storage.RelationalDatabase.SaveChangesAsync(IList`1 entries, CancellationToken cancellationToken)
   at Microsoft.EntityFrameworkCore.ChangeTracking.Internal.StateManager.SaveChangesAsync(IList`1 entriesToSave, CancellationToken cancellationToken)
   at Microsoft.EntityFrameworkCore.ChangeTracking.Internal.StateManager.SaveChangesAsync(StateManager stateManager, Boolean acceptAllChangesOnSuccess, CancellationToken cancellationToken)
   at Npgsql.EntityFrameworkCore.PostgreSQL.Storage.Internal.NpgsqlExecutionStrategy.ExecuteAsync[TState,TResult](TState state, Func`4 operation, Func`4 verifySucceeded, CancellationToken cancellationToken)
   at Microsoft.EntityFrameworkCore.DbContext.SaveChangesAsync(Boolean acceptAllChangesOnSuccess, CancellationToken cancellationToken)
2026-05-12 15:01:08.877 +07:00 [ERR] Lỗi tạo banner
Microsoft.EntityFrameworkCore.DbUpdateException: An error occurred while saving the entity changes. See the inner exception for details.
 ---> Npgsql.PostgresException (0x80004005): 23502: null value in column "image" of relation "banners" violates not-null constraint

DETAIL: Detail redacted as it may contain sensitive data. Specify 'Include Error Detail' in the connection string to include this information.
   at Npgsql.Internal.NpgsqlConnector.ReadMessageLong(Boolean async, DataRowLoadingMode dataRowLoadingMode, Boolean readingNotifications, Boolean isReadingPrependedMessage)
   at System.Runtime.CompilerServices.PoolingAsyncValueTaskMethodBuilder`1.StateMachineBox`1.System.Threading.Tasks.Sources.IValueTaskSource<TResult>.GetResult(Int16 token)
   at Npgsql.NpgsqlDataReader.NextResult(Boolean async, Boolean isConsuming, CancellationToken cancellationToken)
   at Npgsql.NpgsqlDataReader.NextResult(Boolean async, Boolean isConsuming, CancellationToken cancellationToken)
   at Npgsql.NpgsqlCommand.ExecuteReader(Boolean async, CommandBehavior behavior, CancellationToken cancellationToken)
   at Npgsql.NpgsqlCommand.ExecuteReader(Boolean async, CommandBehavior behavior, CancellationToken cancellationToken)
   at Npgsql.NpgsqlCommand.ExecuteDbDataReaderAsync(CommandBehavior behavior, CancellationToken cancellationToken)
   at Microsoft.EntityFrameworkCore.Storage.RelationalCommand.ExecuteReaderAsync(RelationalCommandParameterObject parameterObject, CancellationToken cancellationToken)
   at Microsoft.EntityFrameworkCore.Storage.RelationalCommand.ExecuteReaderAsync(RelationalCommandParameterObject parameterObject, CancellationToken cancellationToken)
   at Microsoft.EntityFrameworkCore.Update.ReaderModificationCommandBatch.ExecuteAsync(IRelationalConnection connection, CancellationToken cancellationToken)
  Exception data:
    Severity: ERROR
    SqlState: 23502
    MessageText: null value in column "image" of relation "banners" violates not-null constraint
    Detail: Detail redacted as it may contain sensitive data. Specify 'Include Error Detail' in the connection string to include this information.
    SchemaName: public
    TableName: banners
    ColumnName: image
    File: execMain.c
    Line: 2057
    Routine: ExecConstraints
   --- End of inner exception stack trace ---
   at Microsoft.EntityFrameworkCore.Update.ReaderModificationCommandBatch.ExecuteAsync(IRelationalConnection connection, CancellationToken cancellationToken)
   at Microsoft.EntityFrameworkCore.Update.Internal.BatchExecutor.ExecuteAsync(IEnumerable`1 commandBatches, IRelationalConnection connection, CancellationToken cancellationToken)
   at Microsoft.EntityFrameworkCore.Update.Internal.BatchExecutor.ExecuteAsync(IEnumerable`1 commandBatches, IRelationalConnection connection, CancellationToken cancellationToken)
   at Microsoft.EntityFrameworkCore.Update.Internal.BatchExecutor.ExecuteAsync(IEnumerable`1 commandBatches, IRelationalConnection connection, CancellationToken cancellationToken)
   at Microsoft.EntityFrameworkCore.Storage.RelationalDatabase.SaveChangesAsync(IList`1 entries, CancellationToken cancellationToken)
   at Microsoft.EntityFrameworkCore.ChangeTracking.Internal.StateManager.SaveChangesAsync(IList`1 entriesToSave, CancellationToken cancellationToken)
   at Microsoft.EntityFrameworkCore.ChangeTracking.Internal.StateManager.SaveChangesAsync(StateManager stateManager, Boolean acceptAllChangesOnSuccess, CancellationToken cancellationToken)
   at Npgsql.EntityFrameworkCore.PostgreSQL.Storage.Internal.NpgsqlExecutionStrategy.ExecuteAsync[TState,TResult](TState state, Func`4 operation, Func`4 verifySucceeded, CancellationToken cancellationToken)
   at Microsoft.EntityFrameworkCore.DbContext.SaveChangesAsync(Boolean acceptAllChangesOnSuccess, CancellationToken cancellationToken)
   at Microsoft.EntityFrameworkCore.DbContext.SaveChangesAsync(Boolean acceptAllChangesOnSuccess, CancellationToken cancellationToken)
   at AquaCMS.Services.BannerService.CreateAsync(Banner banner) in E:\sourceCode\catalog\src\AquaCMS\Services\BannerService.cs:line 35
   at AquaCMS.Areas.Admin.Controllers.BannersController.Create(Banner banner, IFormFile imageFile) in E:\sourceCode\catalog\src\AquaCMS\Areas\Admin\Controllers\BannersController.cs:line 53
2026-05-12 15:01:08.902 +07:00 [INF] HTTP POST /admin/banners/create responded 200 in 100.1687 ms
2026-05-12 15:01:08.909 +07:00 [INF] HTTP GET /hubs/chat responded 101 in 35553.9385 ms
2026-05-12 15:01:09.105 +07:00 [INF] HTTP POST /hubs/chat/negotiate responded 200 in 0.2261 ms
2026-05-12 15:01:11.009 +07:00 [ERR] Failed executing DbCommand (2ms) [Parameters=[@p0='?', @p1='?' (DbType = DateTime), @p2='?', @p3='?', @p4='?', @p5='?' (DbType = Int32), @p6='?', @p7='?'], CommandType='"Text"', CommandTimeout='30']
INSERT INTO banners (color, created_at, description, image, link_url, sort_order, subtitle, title)
VALUES (@p0, @p1, @p2, @p3, @p4, @p5, @p6, @p7)
RETURNING id, is_active;
2026-05-12 15:01:11.012 +07:00 [ERR] An exception occurred in the database while saving changes for context type 'AquaCMS.Data.AppDbContext'.
Microsoft.EntityFrameworkCore.DbUpdateException: An error occurred while saving the entity changes. See the inner exception for details.
 ---> Npgsql.PostgresException (0x80004005): 23502: null value in column "image" of relation "banners" violates not-null constraint

DETAIL: Detail redacted as it may contain sensitive data. Specify 'Include Error Detail' in the connection string to include this information.
   at Npgsql.Internal.NpgsqlConnector.ReadMessageLong(Boolean async, DataRowLoadingMode dataRowLoadingMode, Boolean readingNotifications, Boolean isReadingPrependedMessage)
   at System.Runtime.CompilerServices.PoolingAsyncValueTaskMethodBuilder`1.StateMachineBox`1.System.Threading.Tasks.Sources.IValueTaskSource<TResult>.GetResult(Int16 token)
   at Npgsql.NpgsqlDataReader.NextResult(Boolean async, Boolean isConsuming, CancellationToken cancellationToken)
   at Npgsql.NpgsqlDataReader.NextResult(Boolean async, Boolean isConsuming, CancellationToken cancellationToken)
   at Npgsql.NpgsqlCommand.ExecuteReader(Boolean async, CommandBehavior behavior, CancellationToken cancellationToken)
   at Npgsql.NpgsqlCommand.ExecuteReader(Boolean async, CommandBehavior behavior, CancellationToken cancellationToken)
   at Npgsql.NpgsqlCommand.ExecuteDbDataReaderAsync(CommandBehavior behavior, CancellationToken cancellationToken)
   at Microsoft.EntityFrameworkCore.Storage.RelationalCommand.ExecuteReaderAsync(RelationalCommandParameterObject parameterObject, CancellationToken cancellationToken)
   at Microsoft.EntityFrameworkCore.Storage.RelationalCommand.ExecuteReaderAsync(RelationalCommandParameterObject parameterObject, CancellationToken cancellationToken)
   at Microsoft.EntityFrameworkCore.Update.ReaderModificationCommandBatch.ExecuteAsync(IRelationalConnection connection, CancellationToken cancellationToken)
  Exception data:
    Severity: ERROR
    SqlState: 23502
    MessageText: null value in column "image" of relation "banners" violates not-null constraint
    Detail: Detail redacted as it may contain sensitive data. Specify 'Include Error Detail' in the connection string to include this information.
    SchemaName: public
    TableName: banners
    ColumnName: image
    File: execMain.c
    Line: 2057
    Routine: ExecConstraints
   --- End of inner exception stack trace ---
   at Microsoft.EntityFrameworkCore.Update.ReaderModificationCommandBatch.ExecuteAsync(IRelationalConnection connection, CancellationToken cancellationToken)
   at Microsoft.EntityFrameworkCore.Update.Internal.BatchExecutor.ExecuteAsync(IEnumerable`1 commandBatches, IRelationalConnection connection, CancellationToken cancellationToken)
   at Microsoft.EntityFrameworkCore.Update.Internal.BatchExecutor.ExecuteAsync(IEnumerable`1 commandBatches, IRelationalConnection connection, CancellationToken cancellationToken)
   at Microsoft.EntityFrameworkCore.Update.Internal.BatchExecutor.ExecuteAsync(IEnumerable`1 commandBatches, IRelationalConnection connection, CancellationToken cancellationToken)
   at Microsoft.EntityFrameworkCore.Storage.RelationalDatabase.SaveChangesAsync(IList`1 entries, CancellationToken cancellationToken)
   at Microsoft.EntityFrameworkCore.ChangeTracking.Internal.StateManager.SaveChangesAsync(IList`1 entriesToSave, CancellationToken cancellationToken)
   at Microsoft.EntityFrameworkCore.ChangeTracking.Internal.StateManager.SaveChangesAsync(StateManager stateManager, Boolean acceptAllChangesOnSuccess, CancellationToken cancellationToken)
   at Npgsql.EntityFrameworkCore.PostgreSQL.Storage.Internal.NpgsqlExecutionStrategy.ExecuteAsync[TState,TResult](TState state, Func`4 operation, Func`4 verifySucceeded, CancellationToken cancellationToken)
   at Microsoft.EntityFrameworkCore.DbContext.SaveChangesAsync(Boolean acceptAllChangesOnSuccess, CancellationToken cancellationToken)
Microsoft.EntityFrameworkCore.DbUpdateException: An error occurred while saving the entity changes. See the inner exception for details.
 ---> Npgsql.PostgresException (0x80004005): 23502: null value in column "image" of relation "banners" violates not-null constraint

DETAIL: Detail redacted as it may contain sensitive data. Specify 'Include Error Detail' in the connection string to include this information.
   at Npgsql.Internal.NpgsqlConnector.ReadMessageLong(Boolean async, DataRowLoadingMode dataRowLoadingMode, Boolean readingNotifications, Boolean isReadingPrependedMessage)
   at System.Runtime.CompilerServices.PoolingAsyncValueTaskMethodBuilder`1.StateMachineBox`1.System.Threading.Tasks.Sources.IValueTaskSource<TResult>.GetResult(Int16 token)
   at Npgsql.NpgsqlDataReader.NextResult(Boolean async, Boolean isConsuming, CancellationToken cancellationToken)
   at Npgsql.NpgsqlDataReader.NextResult(Boolean async, Boolean isConsuming, CancellationToken cancellationToken)
   at Npgsql.NpgsqlCommand.ExecuteReader(Boolean async, CommandBehavior behavior, CancellationToken cancellationToken)
   at Npgsql.NpgsqlCommand.ExecuteReader(Boolean async, CommandBehavior behavior, CancellationToken cancellationToken)
   at Npgsql.NpgsqlCommand.ExecuteDbDataReaderAsync(CommandBehavior behavior, CancellationToken cancellationToken)
   at Microsoft.EntityFrameworkCore.Storage.RelationalCommand.ExecuteReaderAsync(RelationalCommandParameterObject parameterObject, CancellationToken cancellationToken)
   at Microsoft.EntityFrameworkCore.Storage.RelationalCommand.ExecuteReaderAsync(RelationalCommandParameterObject parameterObject, CancellationToken cancellationToken)
   at Microsoft.EntityFrameworkCore.Update.ReaderModificationCommandBatch.ExecuteAsync(IRelationalConnection connection, CancellationToken cancellationToken)
  Exception data:
    Severity: ERROR
    SqlState: 23502
    MessageText: null value in column "image" of relation "banners" violates not-null constraint
    Detail: Detail redacted as it may contain sensitive data. Specify 'Include Error Detail' in the connection string to include this information.
    SchemaName: public
    TableName: banners
    ColumnName: image
    File: execMain.c
    Line: 2057
    Routine: ExecConstraints
   --- End of inner exception stack trace ---
   at Microsoft.EntityFrameworkCore.Update.ReaderModificationCommandBatch.ExecuteAsync(IRelationalConnection connection, CancellationToken cancellationToken)
   at Microsoft.EntityFrameworkCore.Update.Internal.BatchExecutor.ExecuteAsync(IEnumerable`1 commandBatches, IRelationalConnection connection, CancellationToken cancellationToken)
   at Microsoft.EntityFrameworkCore.Update.Internal.BatchExecutor.ExecuteAsync(IEnumerable`1 commandBatches, IRelationalConnection connection, CancellationToken cancellationToken)
   at Microsoft.EntityFrameworkCore.Update.Internal.BatchExecutor.ExecuteAsync(IEnumerable`1 commandBatches, IRelationalConnection connection, CancellationToken cancellationToken)
   at Microsoft.EntityFrameworkCore.Storage.RelationalDatabase.SaveChangesAsync(IList`1 entries, CancellationToken cancellationToken)
   at Microsoft.EntityFrameworkCore.ChangeTracking.Internal.StateManager.SaveChangesAsync(IList`1 entriesToSave, CancellationToken cancellationToken)
   at Microsoft.EntityFrameworkCore.ChangeTracking.Internal.StateManager.SaveChangesAsync(StateManager stateManager, Boolean acceptAllChangesOnSuccess, CancellationToken cancellationToken)
   at Npgsql.EntityFrameworkCore.PostgreSQL.Storage.Internal.NpgsqlExecutionStrategy.ExecuteAsync[TState,TResult](TState state, Func`4 operation, Func`4 verifySucceeded, CancellationToken cancellationToken)
   at Microsoft.EntityFrameworkCore.DbContext.SaveChangesAsync(Boolean acceptAllChangesOnSuccess, CancellationToken cancellationToken)
2026-05-12 15:01:11.022 +07:00 [ERR] Lỗi tạo banner
Microsoft.EntityFrameworkCore.DbUpdateException: An error occurred while saving the entity changes. See the inner exception for details.
 ---> Npgsql.PostgresException (0x80004005): 23502: null value in column "image" of relation "banners" violates not-null constraint

DETAIL: Detail redacted as it may contain sensitive data. Specify 'Include Error Detail' in the connection string to include this information.
   at Npgsql.Internal.NpgsqlConnector.ReadMessageLong(Boolean async, DataRowLoadingMode dataRowLoadingMode, Boolean readingNotifications, Boolean isReadingPrependedMessage)
   at System.Runtime.CompilerServices.PoolingAsyncValueTaskMethodBuilder`1.StateMachineBox`1.System.Threading.Tasks.Sources.IValueTaskSource<TResult>.GetResult(Int16 token)
   at Npgsql.NpgsqlDataReader.NextResult(Boolean async, Boolean isConsuming, CancellationToken cancellationToken)
   at Npgsql.NpgsqlDataReader.NextResult(Boolean async, Boolean isConsuming, CancellationToken cancellationToken)
   at Npgsql.NpgsqlCommand.ExecuteReader(Boolean async, CommandBehavior behavior, CancellationToken cancellationToken)
   at Npgsql.NpgsqlCommand.ExecuteReader(Boolean async, CommandBehavior behavior, CancellationToken cancellationToken)
   at Npgsql.NpgsqlCommand.ExecuteDbDataReaderAsync(CommandBehavior behavior, CancellationToken cancellationToken)
   at Microsoft.EntityFrameworkCore.Storage.RelationalCommand.ExecuteReaderAsync(RelationalCommandParameterObject parameterObject, CancellationToken cancellationToken)
   at Microsoft.EntityFrameworkCore.Storage.RelationalCommand.ExecuteReaderAsync(RelationalCommandParameterObject parameterObject, CancellationToken cancellationToken)
   at Microsoft.EntityFrameworkCore.Update.ReaderModificationCommandBatch.ExecuteAsync(IRelationalConnection connection, CancellationToken cancellationToken)
  Exception data:
    Severity: ERROR
    SqlState: 23502
    MessageText: null value in column "image" of relation "banners" violates not-null constraint
    Detail: Detail redacted as it may contain sensitive data. Specify 'Include Error Detail' in the connection string to include this information.
    SchemaName: public
    TableName: banners
    ColumnName: image
    File: execMain.c
    Line: 2057
    Routine: ExecConstraints
   --- End of inner exception stack trace ---
   at Microsoft.EntityFrameworkCore.Update.ReaderModificationCommandBatch.ExecuteAsync(IRelationalConnection connection, CancellationToken cancellationToken)
   at Microsoft.EntityFrameworkCore.Update.Internal.BatchExecutor.ExecuteAsync(IEnumerable`1 commandBatches, IRelationalConnection connection, CancellationToken cancellationToken)
   at Microsoft.EntityFrameworkCore.Update.Internal.BatchExecutor.ExecuteAsync(IEnumerable`1 commandBatches, IRelationalConnection connection, CancellationToken cancellationToken)
   at Microsoft.EntityFrameworkCore.Update.Internal.BatchExecutor.ExecuteAsync(IEnumerable`1 commandBatches, IRelationalConnection connection, CancellationToken cancellationToken)
   at Microsoft.EntityFrameworkCore.Storage.RelationalDatabase.SaveChangesAsync(IList`1 entries, CancellationToken cancellationToken)
   at Microsoft.EntityFrameworkCore.ChangeTracking.Internal.StateManager.SaveChangesAsync(IList`1 entriesToSave, CancellationToken cancellationToken)
   at Microsoft.EntityFrameworkCore.ChangeTracking.Internal.StateManager.SaveChangesAsync(StateManager stateManager, Boolean acceptAllChangesOnSuccess, CancellationToken cancellationToken)
   at Npgsql.EntityFrameworkCore.PostgreSQL.Storage.Internal.NpgsqlExecutionStrategy.ExecuteAsync[TState,TResult](TState state, Func`4 operation, Func`4 verifySucceeded, CancellationToken cancellationToken)
   at Microsoft.EntityFrameworkCore.DbContext.SaveChangesAsync(Boolean acceptAllChangesOnSuccess, CancellationToken cancellationToken)
   at Microsoft.EntityFrameworkCore.DbContext.SaveChangesAsync(Boolean acceptAllChangesOnSuccess, CancellationToken cancellationToken)
   at AquaCMS.Services.BannerService.CreateAsync(Banner banner) in E:\sourceCode\catalog\src\AquaCMS\Services\BannerService.cs:line 35
   at AquaCMS.Areas.Admin.Controllers.BannersController.Create(Banner banner, IFormFile imageFile) in E:\sourceCode\catalog\src\AquaCMS\Areas\Admin\Controllers\BannersController.cs:line 53
2026-05-12 15:01:11.036 +07:00 [INF] HTTP POST /admin/banners/create responded 200 in 31.0851 ms
2026-05-12 15:01:11.042 +07:00 [INF] HTTP GET /hubs/chat responded 101 in 1908.1200 ms
2026-05-12 15:01:11.224 +07:00 [INF] HTTP POST /hubs/chat/negotiate responded 200 in 0.1627 ms
2026-05-12 15:01:14.034 +07:00 [INF] HTTP GET /admin/banners responded 200 in 8.8610 ms
2026-05-12 15:01:14.041 +07:00 [INF] HTTP GET /hubs/chat responded 101 in 2783.1900 ms
2026-05-12 15:01:14.216 +07:00 [INF] HTTP POST /hubs/chat/negotiate responded 200 in 0.1819 ms
2026-05-12 15:01:15.402 +07:00 [INF] HTTP GET /admin/banners responded 200 in 8.4289 ms
2026-05-12 15:01:15.409 +07:00 [INF] HTTP GET /hubs/chat responded 101 in 1161.8419 ms
2026-05-12 15:01:15.581 +07:00 [INF] HTTP POST /hubs/chat/negotiate responded 200 in 0.1868 ms
2026-05-12 15:01:17.449 +07:00 [INF] HTTP GET /admin/banners/create responded 200 in 3.1495 ms
2026-05-12 15:01:17.455 +07:00 [INF] HTTP GET /hubs/chat responded 101 in 1842.0441 ms
2026-05-12 15:01:17.642 +07:00 [INF] HTTP POST /hubs/chat/negotiate responded 200 in 0.3107 ms
2026-05-12 15:01:26.746 +07:00 [ERR] Failed executing DbCommand (2ms) [Parameters=[@p0='?', @p1='?' (DbType = DateTime), @p2='?', @p3='?', @p4='?', @p5='?', @p6='?'], CommandType='"Text"', CommandTimeout='30']
INSERT INTO banners (color, created_at, description, image, link_url, subtitle, title)
VALUES (@p0, @p1, @p2, @p3, @p4, @p5, @p6)
RETURNING id, is_active, sort_order;
2026-05-12 15:01:26.749 +07:00 [ERR] An exception occurred in the database while saving changes for context type 'AquaCMS.Data.AppDbContext'.
Microsoft.EntityFrameworkCore.DbUpdateException: An error occurred while saving the entity changes. See the inner exception for details.
 ---> Npgsql.PostgresException (0x80004005): 23502: null value in column "image" of relation "banners" violates not-null constraint

DETAIL: Detail redacted as it may contain sensitive data. Specify 'Include Error Detail' in the connection string to include this information.
   at Npgsql.Internal.NpgsqlConnector.ReadMessageLong(Boolean async, DataRowLoadingMode dataRowLoadingMode, Boolean readingNotifications, Boolean isReadingPrependedMessage)
   at System.Runtime.CompilerServices.PoolingAsyncValueTaskMethodBuilder`1.StateMachineBox`1.System.Threading.Tasks.Sources.IValueTaskSource<TResult>.GetResult(Int16 token)
   at Npgsql.NpgsqlDataReader.NextResult(Boolean async, Boolean isConsuming, CancellationToken cancellationToken)
   at Npgsql.NpgsqlDataReader.NextResult(Boolean async, Boolean isConsuming, CancellationToken cancellationToken)
   at Npgsql.NpgsqlCommand.ExecuteReader(Boolean async, CommandBehavior behavior, CancellationToken cancellationToken)
   at Npgsql.NpgsqlCommand.ExecuteReader(Boolean async, CommandBehavior behavior, CancellationToken cancellationToken)
   at Npgsql.NpgsqlCommand.ExecuteDbDataReaderAsync(CommandBehavior behavior, CancellationToken cancellationToken)
   at Microsoft.EntityFrameworkCore.Storage.RelationalCommand.ExecuteReaderAsync(RelationalCommandParameterObject parameterObject, CancellationToken cancellationToken)
   at Microsoft.EntityFrameworkCore.Storage.RelationalCommand.ExecuteReaderAsync(RelationalCommandParameterObject parameterObject, CancellationToken cancellationToken)
   at Microsoft.EntityFrameworkCore.Update.ReaderModificationCommandBatch.ExecuteAsync(IRelationalConnection connection, CancellationToken cancellationToken)
  Exception data:
    Severity: ERROR
    SqlState: 23502
    MessageText: null value in column "image" of relation "banners" violates not-null constraint
    Detail: Detail redacted as it may contain sensitive data. Specify 'Include Error Detail' in the connection string to include this information.
    SchemaName: public
    TableName: banners
    ColumnName: image
    File: execMain.c
    Line: 2057
    Routine: ExecConstraints
   --- End of inner exception stack trace ---
   at Microsoft.EntityFrameworkCore.Update.ReaderModificationCommandBatch.ExecuteAsync(IRelationalConnection connection, CancellationToken cancellationToken)
   at Microsoft.EntityFrameworkCore.Update.Internal.BatchExecutor.ExecuteAsync(IEnumerable`1 commandBatches, IRelationalConnection connection, CancellationToken cancellationToken)
   at Microsoft.EntityFrameworkCore.Update.Internal.BatchExecutor.ExecuteAsync(IEnumerable`1 commandBatches, IRelationalConnection connection, CancellationToken cancellationToken)
   at Microsoft.EntityFrameworkCore.Update.Internal.BatchExecutor.ExecuteAsync(IEnumerable`1 commandBatches, IRelationalConnection connection, CancellationToken cancellationToken)
   at Microsoft.EntityFrameworkCore.Storage.RelationalDatabase.SaveChangesAsync(IList`1 entries, CancellationToken cancellationToken)
   at Microsoft.EntityFrameworkCore.ChangeTracking.Internal.StateManager.SaveChangesAsync(IList`1 entriesToSave, CancellationToken cancellationToken)
   at Microsoft.EntityFrameworkCore.ChangeTracking.Internal.StateManager.SaveChangesAsync(StateManager stateManager, Boolean acceptAllChangesOnSuccess, CancellationToken cancellationToken)
   at Npgsql.EntityFrameworkCore.PostgreSQL.Storage.Internal.NpgsqlExecutionStrategy.ExecuteAsync[TState,TResult](TState state, Func`4 operation, Func`4 verifySucceeded, CancellationToken cancellationToken)
   at Microsoft.EntityFrameworkCore.DbContext.SaveChangesAsync(Boolean acceptAllChangesOnSuccess, CancellationToken cancellationToken)
Microsoft.EntityFrameworkCore.DbUpdateException: An error occurred while saving the entity changes. See the inner exception for details.
 ---> Npgsql.PostgresException (0x80004005): 23502: null value in column "image" of relation "banners" violates not-null constraint

DETAIL: Detail redacted as it may contain sensitive data. Specify 'Include Error Detail' in the connection string to include this information.
   at Npgsql.Internal.NpgsqlConnector.ReadMessageLong(Boolean async, DataRowLoadingMode dataRowLoadingMode, Boolean readingNotifications, Boolean isReadingPrependedMessage)
   at System.Runtime.CompilerServices.PoolingAsyncValueTaskMethodBuilder`1.StateMachineBox`1.System.Threading.Tasks.Sources.IValueTaskSource<TResult>.GetResult(Int16 token)
   at Npgsql.NpgsqlDataReader.NextResult(Boolean async, Boolean isConsuming, CancellationToken cancellationToken)
   at Npgsql.NpgsqlDataReader.NextResult(Boolean async, Boolean isConsuming, CancellationToken cancellationToken)
   at Npgsql.NpgsqlCommand.ExecuteReader(Boolean async, CommandBehavior behavior, CancellationToken cancellationToken)
   at Npgsql.NpgsqlCommand.ExecuteReader(Boolean async, CommandBehavior behavior, CancellationToken cancellationToken)
   at Npgsql.NpgsqlCommand.ExecuteDbDataReaderAsync(CommandBehavior behavior, CancellationToken cancellationToken)
   at Microsoft.EntityFrameworkCore.Storage.RelationalCommand.ExecuteReaderAsync(RelationalCommandParameterObject parameterObject, CancellationToken cancellationToken)
   at Microsoft.EntityFrameworkCore.Storage.RelationalCommand.ExecuteReaderAsync(RelationalCommandParameterObject parameterObject, CancellationToken cancellationToken)
   at Microsoft.EntityFrameworkCore.Update.ReaderModificationCommandBatch.ExecuteAsync(IRelationalConnection connection, CancellationToken cancellationToken)
  Exception data:
    Severity: ERROR
    SqlState: 23502
    MessageText: null value in column "image" of relation "banners" violates not-null constraint
    Detail: Detail redacted as it may contain sensitive data. Specify 'Include Error Detail' in the connection string to include this information.
    SchemaName: public
    TableName: banners
    ColumnName: image
    File: execMain.c
    Line: 2057
    Routine: ExecConstraints
   --- End of inner exception stack trace ---
   at Microsoft.EntityFrameworkCore.Update.ReaderModificationCommandBatch.ExecuteAsync(IRelationalConnection connection, CancellationToken cancellationToken)
   at Microsoft.EntityFrameworkCore.Update.Internal.BatchExecutor.ExecuteAsync(IEnumerable`1 commandBatches, IRelationalConnection connection, CancellationToken cancellationToken)
   at Microsoft.EntityFrameworkCore.Update.Internal.BatchExecutor.ExecuteAsync(IEnumerable`1 commandBatches, IRelationalConnection connection, CancellationToken cancellationToken)
   at Microsoft.EntityFrameworkCore.Update.Internal.BatchExecutor.ExecuteAsync(IEnumerable`1 commandBatches, IRelationalConnection connection, CancellationToken cancellationToken)
   at Microsoft.EntityFrameworkCore.Storage.RelationalDatabase.SaveChangesAsync(IList`1 entries, CancellationToken cancellationToken)
   at Microsoft.EntityFrameworkCore.ChangeTracking.Internal.StateManager.SaveChangesAsync(IList`1 entriesToSave, CancellationToken cancellationToken)
   at Microsoft.EntityFrameworkCore.ChangeTracking.Internal.StateManager.SaveChangesAsync(StateManager stateManager, Boolean acceptAllChangesOnSuccess, CancellationToken cancellationToken)
   at Npgsql.EntityFrameworkCore.PostgreSQL.Storage.Internal.NpgsqlExecutionStrategy.ExecuteAsync[TState,TResult](TState state, Func`4 operation, Func`4 verifySucceeded, CancellationToken cancellationToken)
   at Microsoft.EntityFrameworkCore.DbContext.SaveChangesAsync(Boolean acceptAllChangesOnSuccess, CancellationToken cancellationToken)
2026-05-12 15:01:26.760 +07:00 [ERR] Lỗi tạo banner
Microsoft.EntityFrameworkCore.DbUpdateException: An error occurred while saving the entity changes. See the inner exception for details.
 ---> Npgsql.PostgresException (0x80004005): 23502: null value in column "image" of relation "banners" violates not-null constraint

DETAIL: Detail redacted as it may contain sensitive data. Specify 'Include Error Detail' in the connection string to include this information.
   at Npgsql.Internal.NpgsqlConnector.ReadMessageLong(Boolean async, DataRowLoadingMode dataRowLoadingMode, Boolean readingNotifications, Boolean isReadingPrependedMessage)
   at System.Runtime.CompilerServices.PoolingAsyncValueTaskMethodBuilder`1.StateMachineBox`1.System.Threading.Tasks.Sources.IValueTaskSource<TResult>.GetResult(Int16 token)
   at Npgsql.NpgsqlDataReader.NextResult(Boolean async, Boolean isConsuming, CancellationToken cancellationToken)
   at Npgsql.NpgsqlDataReader.NextResult(Boolean async, Boolean isConsuming, CancellationToken cancellationToken)
   at Npgsql.NpgsqlCommand.ExecuteReader(Boolean async, CommandBehavior behavior, CancellationToken cancellationToken)
   at Npgsql.NpgsqlCommand.ExecuteReader(Boolean async, CommandBehavior behavior, CancellationToken cancellationToken)
   at Npgsql.NpgsqlCommand.ExecuteDbDataReaderAsync(CommandBehavior behavior, CancellationToken cancellationToken)
   at Microsoft.EntityFrameworkCore.Storage.RelationalCommand.ExecuteReaderAsync(RelationalCommandParameterObject parameterObject, CancellationToken cancellationToken)
   at Microsoft.EntityFrameworkCore.Storage.RelationalCommand.ExecuteReaderAsync(RelationalCommandParameterObject parameterObject, CancellationToken cancellationToken)
   at Microsoft.EntityFrameworkCore.Update.ReaderModificationCommandBatch.ExecuteAsync(IRelationalConnection connection, CancellationToken cancellationToken)
  Exception data:
    Severity: ERROR
    SqlState: 23502
    MessageText: null value in column "image" of relation "banners" violates not-null constraint
    Detail: Detail redacted as it may contain sensitive data. Specify 'Include Error Detail' in the connection string to include this information.
    SchemaName: public
    TableName: banners
    ColumnName: image
    File: execMain.c
    Line: 2057
    Routine: ExecConstraints
   --- End of inner exception stack trace ---
   at Microsoft.EntityFrameworkCore.Update.ReaderModificationCommandBatch.ExecuteAsync(IRelationalConnection connection, CancellationToken cancellationToken)
   at Microsoft.EntityFrameworkCore.Update.Internal.BatchExecutor.ExecuteAsync(IEnumerable`1 commandBatches, IRelationalConnection connection, CancellationToken cancellationToken)
   at Microsoft.EntityFrameworkCore.Update.Internal.BatchExecutor.ExecuteAsync(IEnumerable`1 commandBatches, IRelationalConnection connection, CancellationToken cancellationToken)
   at Microsoft.EntityFrameworkCore.Update.Internal.BatchExecutor.ExecuteAsync(IEnumerable`1 commandBatches, IRelationalConnection connection, CancellationToken cancellationToken)
   at Microsoft.EntityFrameworkCore.Storage.RelationalDatabase.SaveChangesAsync(IList`1 entries, CancellationToken cancellationToken)
   at Microsoft.EntityFrameworkCore.ChangeTracking.Internal.StateManager.SaveChangesAsync(IList`1 entriesToSave, CancellationToken cancellationToken)
   at Microsoft.EntityFrameworkCore.ChangeTracking.Internal.StateManager.SaveChangesAsync(StateManager stateManager, Boolean acceptAllChangesOnSuccess, CancellationToken cancellationToken)
   at Npgsql.EntityFrameworkCore.PostgreSQL.Storage.Internal.NpgsqlExecutionStrategy.ExecuteAsync[TState,TResult](TState state, Func`4 operation, Func`4 verifySucceeded, CancellationToken cancellationToken)
   at Microsoft.EntityFrameworkCore.DbContext.SaveChangesAsync(Boolean acceptAllChangesOnSuccess, CancellationToken cancellationToken)
   at Microsoft.EntityFrameworkCore.DbContext.SaveChangesAsync(Boolean acceptAllChangesOnSuccess, CancellationToken cancellationToken)
   at AquaCMS.Services.BannerService.CreateAsync(Banner banner) in E:\sourceCode\catalog\src\AquaCMS\Services\BannerService.cs:line 35
   at AquaCMS.Areas.Admin.Controllers.BannersController.Create(Banner banner, IFormFile imageFile) in E:\sourceCode\catalog\src\AquaCMS\Areas\Admin\Controllers\BannersController.cs:line 53
2026-05-12 15:01:26.773 +07:00 [INF] HTTP POST /admin/banners/create responded 200 in 30.8421 ms
2026-05-12 15:01:26.779 +07:00 [INF] HTTP GET /hubs/chat responded 101 in 9102.7226 ms
2026-05-12 15:01:26.948 +07:00 [INF] HTTP POST /hubs/chat/negotiate responded 200 in 0.1822 ms
2026-05-12 15:01:35.561 +07:00 [ERR] Failed executing DbCommand (2ms) [Parameters=[@p0='?', @p1='?' (DbType = DateTime), @p2='?', @p3='?', @p4='?', @p5='?' (DbType = Int32), @p6='?', @p7='?'], CommandType='"Text"', CommandTimeout='30']
INSERT INTO banners (color, created_at, description, image, link_url, sort_order, subtitle, title)
VALUES (@p0, @p1, @p2, @p3, @p4, @p5, @p6, @p7)
RETURNING id, is_active;
2026-05-12 15:01:35.565 +07:00 [ERR] An exception occurred in the database while saving changes for context type 'AquaCMS.Data.AppDbContext'.
Microsoft.EntityFrameworkCore.DbUpdateException: An error occurred while saving the entity changes. See the inner exception for details.
 ---> Npgsql.PostgresException (0x80004005): 23502: null value in column "image" of relation "banners" violates not-null constraint

DETAIL: Detail redacted as it may contain sensitive data. Specify 'Include Error Detail' in the connection string to include this information.
   at Npgsql.Internal.NpgsqlConnector.ReadMessageLong(Boolean async, DataRowLoadingMode dataRowLoadingMode, Boolean readingNotifications, Boolean isReadingPrependedMessage)
   at System.Runtime.CompilerServices.PoolingAsyncValueTaskMethodBuilder`1.StateMachineBox`1.System.Threading.Tasks.Sources.IValueTaskSource<TResult>.GetResult(Int16 token)
   at Npgsql.NpgsqlDataReader.NextResult(Boolean async, Boolean isConsuming, CancellationToken cancellationToken)
   at Npgsql.NpgsqlDataReader.NextResult(Boolean async, Boolean isConsuming, CancellationToken cancellationToken)
   at Npgsql.NpgsqlCommand.ExecuteReader(Boolean async, CommandBehavior behavior, CancellationToken cancellationToken)
   at Npgsql.NpgsqlCommand.ExecuteReader(Boolean async, CommandBehavior behavior, CancellationToken cancellationToken)
   at Npgsql.NpgsqlCommand.ExecuteDbDataReaderAsync(CommandBehavior behavior, CancellationToken cancellationToken)
   at Microsoft.EntityFrameworkCore.Storage.RelationalCommand.ExecuteReaderAsync(RelationalCommandParameterObject parameterObject, CancellationToken cancellationToken)
   at Microsoft.EntityFrameworkCore.Storage.RelationalCommand.ExecuteReaderAsync(RelationalCommandParameterObject parameterObject, CancellationToken cancellationToken)
   at Microsoft.EntityFrameworkCore.Update.ReaderModificationCommandBatch.ExecuteAsync(IRelationalConnection connection, CancellationToken cancellationToken)
  Exception data:
    Severity: ERROR
    SqlState: 23502
    MessageText: null value in column "image" of relation "banners" violates not-null constraint
    Detail: Detail redacted as it may contain sensitive data. Specify 'Include Error Detail' in the connection string to include this information.
    SchemaName: public
    TableName: banners
    ColumnName: image
    File: execMain.c
    Line: 2057
    Routine: ExecConstraints
   --- End of inner exception stack trace ---
   at Microsoft.EntityFrameworkCore.Update.ReaderModificationCommandBatch.ExecuteAsync(IRelationalConnection connection, CancellationToken cancellationToken)
   at Microsoft.EntityFrameworkCore.Update.Internal.BatchExecutor.ExecuteAsync(IEnumerable`1 commandBatches, IRelationalConnection connection, CancellationToken cancellationToken)
   at Microsoft.EntityFrameworkCore.Update.Internal.BatchExecutor.ExecuteAsync(IEnumerable`1 commandBatches, IRelationalConnection connection, CancellationToken cancellationToken)
   at Microsoft.EntityFrameworkCore.Update.Internal.BatchExecutor.ExecuteAsync(IEnumerable`1 commandBatches, IRelationalConnection connection, CancellationToken cancellationToken)
   at Microsoft.EntityFrameworkCore.Storage.RelationalDatabase.SaveChangesAsync(IList`1 entries, CancellationToken cancellationToken)
   at Microsoft.EntityFrameworkCore.ChangeTracking.Internal.StateManager.SaveChangesAsync(IList`1 entriesToSave, CancellationToken cancellationToken)
   at Microsoft.EntityFrameworkCore.ChangeTracking.Internal.StateManager.SaveChangesAsync(StateManager stateManager, Boolean acceptAllChangesOnSuccess, CancellationToken cancellationToken)
   at Npgsql.EntityFrameworkCore.PostgreSQL.Storage.Internal.NpgsqlExecutionStrategy.ExecuteAsync[TState,TResult](TState state, Func`4 operation, Func`4 verifySucceeded, CancellationToken cancellationToken)
   at Microsoft.EntityFrameworkCore.DbContext.SaveChangesAsync(Boolean acceptAllChangesOnSuccess, CancellationToken cancellationToken)
Microsoft.EntityFrameworkCore.DbUpdateException: An error occurred while saving the entity changes. See the inner exception for details.
 ---> Npgsql.PostgresException (0x80004005): 23502: null value in column "image" of relation "banners" violates not-null constraint

DETAIL: Detail redacted as it may contain sensitive data. Specify 'Include Error Detail' in the connection string to include this information.
   at Npgsql.Internal.NpgsqlConnector.ReadMessageLong(Boolean async, DataRowLoadingMode dataRowLoadingMode, Boolean readingNotifications, Boolean isReadingPrependedMessage)
   at System.Runtime.CompilerServices.PoolingAsyncValueTaskMethodBuilder`1.StateMachineBox`1.System.Threading.Tasks.Sources.IValueTaskSource<TResult>.GetResult(Int16 token)
   at Npgsql.NpgsqlDataReader.NextResult(Boolean async, Boolean isConsuming, CancellationToken cancellationToken)
   at Npgsql.NpgsqlDataReader.NextResult(Boolean async, Boolean isConsuming, CancellationToken cancellationToken)
   at Npgsql.NpgsqlCommand.ExecuteReader(Boolean async, CommandBehavior behavior, CancellationToken cancellationToken)
   at Npgsql.NpgsqlCommand.ExecuteReader(Boolean async, CommandBehavior behavior, CancellationToken cancellationToken)
   at Npgsql.NpgsqlCommand.ExecuteDbDataReaderAsync(CommandBehavior behavior, CancellationToken cancellationToken)
   at Microsoft.EntityFrameworkCore.Storage.RelationalCommand.ExecuteReaderAsync(RelationalCommandParameterObject parameterObject, CancellationToken cancellationToken)
   at Microsoft.EntityFrameworkCore.Storage.RelationalCommand.ExecuteReaderAsync(RelationalCommandParameterObject parameterObject, CancellationToken cancellationToken)
   at Microsoft.EntityFrameworkCore.Update.ReaderModificationCommandBatch.ExecuteAsync(IRelationalConnection connection, CancellationToken cancellationToken)
  Exception data:
    Severity: ERROR
    SqlState: 23502
    MessageText: null value in column "image" of relation "banners" violates not-null constraint
    Detail: Detail redacted as it may contain sensitive data. Specify 'Include Error Detail' in the connection string to include this information.
    SchemaName: public
    TableName: banners
    ColumnName: image
    File: execMain.c
    Line: 2057
    Routine: ExecConstraints
   --- End of inner exception stack trace ---
   at Microsoft.EntityFrameworkCore.Update.ReaderModificationCommandBatch.ExecuteAsync(IRelationalConnection connection, CancellationToken cancellationToken)
   at Microsoft.EntityFrameworkCore.Update.Internal.BatchExecutor.ExecuteAsync(IEnumerable`1 commandBatches, IRelationalConnection connection, CancellationToken cancellationToken)
   at Microsoft.EntityFrameworkCore.Update.Internal.BatchExecutor.ExecuteAsync(IEnumerable`1 commandBatches, IRelationalConnection connection, CancellationToken cancellationToken)
   at Microsoft.EntityFrameworkCore.Update.Internal.BatchExecutor.ExecuteAsync(IEnumerable`1 commandBatches, IRelationalConnection connection, CancellationToken cancellationToken)
   at Microsoft.EntityFrameworkCore.Storage.RelationalDatabase.SaveChangesAsync(IList`1 entries, CancellationToken cancellationToken)
   at Microsoft.EntityFrameworkCore.ChangeTracking.Internal.StateManager.SaveChangesAsync(IList`1 entriesToSave, CancellationToken cancellationToken)
   at Microsoft.EntityFrameworkCore.ChangeTracking.Internal.StateManager.SaveChangesAsync(StateManager stateManager, Boolean acceptAllChangesOnSuccess, CancellationToken cancellationToken)
   at Npgsql.EntityFrameworkCore.PostgreSQL.Storage.Internal.NpgsqlExecutionStrategy.ExecuteAsync[TState,TResult](TState state, Func`4 operation, Func`4 verifySucceeded, CancellationToken cancellationToken)
   at Microsoft.EntityFrameworkCore.DbContext.SaveChangesAsync(Boolean acceptAllChangesOnSuccess, CancellationToken cancellationToken)
2026-05-12 15:01:35.576 +07:00 [ERR] Lỗi tạo banner
Microsoft.EntityFrameworkCore.DbUpdateException: An error occurred while saving the entity changes. See the inner exception for details.
 ---> Npgsql.PostgresException (0x80004005): 23502: null value in column "image" of relation "banners" violates not-null constraint

DETAIL: Detail redacted as it may contain sensitive data. Specify 'Include Error Detail' in the connection string to include this information.
   at Npgsql.Internal.NpgsqlConnector.ReadMessageLong(Boolean async, DataRowLoadingMode dataRowLoadingMode, Boolean readingNotifications, Boolean isReadingPrependedMessage)
   at System.Runtime.CompilerServices.PoolingAsyncValueTaskMethodBuilder`1.StateMachineBox`1.System.Threading.Tasks.Sources.IValueTaskSource<TResult>.GetResult(Int16 token)
   at Npgsql.NpgsqlDataReader.NextResult(Boolean async, Boolean isConsuming, CancellationToken cancellationToken)
   at Npgsql.NpgsqlDataReader.NextResult(Boolean async, Boolean isConsuming, CancellationToken cancellationToken)
   at Npgsql.NpgsqlCommand.ExecuteReader(Boolean async, CommandBehavior behavior, CancellationToken cancellationToken)
   at Npgsql.NpgsqlCommand.ExecuteReader(Boolean async, CommandBehavior behavior, CancellationToken cancellationToken)
   at Npgsql.NpgsqlCommand.ExecuteDbDataReaderAsync(CommandBehavior behavior, CancellationToken cancellationToken)
   at Microsoft.EntityFrameworkCore.Storage.RelationalCommand.ExecuteReaderAsync(RelationalCommandParameterObject parameterObject, CancellationToken cancellationToken)
   at Microsoft.EntityFrameworkCore.Storage.RelationalCommand.ExecuteReaderAsync(RelationalCommandParameterObject parameterObject, CancellationToken cancellationToken)
   at Microsoft.EntityFrameworkCore.Update.ReaderModificationCommandBatch.ExecuteAsync(IRelationalConnection connection, CancellationToken cancellationToken)
  Exception data:
    Severity: ERROR
    SqlState: 23502
    MessageText: null value in column "image" of relation "banners" violates not-null constraint
    Detail: Detail redacted as it may contain sensitive data. Specify 'Include Error Detail' in the connection string to include this information.
    SchemaName: public
    TableName: banners
    ColumnName: image
    File: execMain.c
    Line: 2057
    Routine: ExecConstraints
   --- End of inner exception stack trace ---
   at Microsoft.EntityFrameworkCore.Update.ReaderModificationCommandBatch.ExecuteAsync(IRelationalConnection connection, CancellationToken cancellationToken)
   at Microsoft.EntityFrameworkCore.Update.Internal.BatchExecutor.ExecuteAsync(IEnumerable`1 commandBatches, IRelationalConnection connection, CancellationToken cancellationToken)
   at Microsoft.EntityFrameworkCore.Update.Internal.BatchExecutor.ExecuteAsync(IEnumerable`1 commandBatches, IRelationalConnection connection, CancellationToken cancellationToken)
   at Microsoft.EntityFrameworkCore.Update.Internal.BatchExecutor.ExecuteAsync(IEnumerable`1 commandBatches, IRelationalConnection connection, CancellationToken cancellationToken)
   at Microsoft.EntityFrameworkCore.Storage.RelationalDatabase.SaveChangesAsync(IList`1 entries, CancellationToken cancellationToken)
   at Microsoft.EntityFrameworkCore.ChangeTracking.Internal.StateManager.SaveChangesAsync(IList`1 entriesToSave, CancellationToken cancellationToken)
   at Microsoft.EntityFrameworkCore.ChangeTracking.Internal.StateManager.SaveChangesAsync(StateManager stateManager, Boolean acceptAllChangesOnSuccess, CancellationToken cancellationToken)
   at Npgsql.EntityFrameworkCore.PostgreSQL.Storage.Internal.NpgsqlExecutionStrategy.ExecuteAsync[TState,TResult](TState state, Func`4 operation, Func`4 verifySucceeded, CancellationToken cancellationToken)
   at Microsoft.EntityFrameworkCore.DbContext.SaveChangesAsync(Boolean acceptAllChangesOnSuccess, CancellationToken cancellationToken)
   at Microsoft.EntityFrameworkCore.DbContext.SaveChangesAsync(Boolean acceptAllChangesOnSuccess, CancellationToken cancellationToken)
   at AquaCMS.Services.BannerService.CreateAsync(Banner banner) in E:\sourceCode\catalog\src\AquaCMS\Services\BannerService.cs:line 35
   at AquaCMS.Areas.Admin.Controllers.BannersController.Create(Banner banner, IFormFile imageFile) in E:\sourceCode\catalog\src\AquaCMS\Areas\Admin\Controllers\BannersController.cs:line 53
2026-05-12 15:01:35.587 +07:00 [INF] HTTP POST /admin/banners/create responded 200 in 29.3855 ms
2026-05-12 15:01:35.593 +07:00 [INF] HTTP GET /hubs/chat responded 101 in 8609.8573 ms
2026-05-12 15:01:35.769 +07:00 [INF] HTTP POST /hubs/chat/negotiate responded 200 in 0.2729 ms
2026-05-12 15:01:36.683 +07:00 [INF] HTTP GET /admin/banners responded 200 in 6.6042 ms
2026-05-12 15:01:36.689 +07:00 [INF] HTTP GET /hubs/chat responded 101 in 890.9831 ms
2026-05-12 15:01:36.878 +07:00 [INF] HTTP POST /hubs/chat/negotiate responded 200 in 0.2824 ms
2026-05-12 15:01:37.867 +07:00 [INF] HTTP GET /admin/banners responded 200 in 6.7273 ms
2026-05-12 15:01:37.873 +07:00 [INF] HTTP GET /hubs/chat responded 101 in 963.3829 ms
2026-05-12 15:01:38.045 +07:00 [INF] HTTP POST /hubs/chat/negotiate responded 200 in 0.2373 ms
2026-05-12 15:01:45.612 +07:00 [INF] HTTP GET /admin/partnercategories responded 200 in 6.6517 ms
2026-05-12 15:01:45.619 +07:00 [INF] HTTP GET /hubs/chat responded 101 in 7544.9810 ms
2026-05-12 15:01:45.805 +07:00 [INF] HTTP POST /hubs/chat/negotiate responded 200 in 0.2651 ms
2026-05-12 15:01:48.156 +07:00 [INF] HTTP GET /admin/partners responded 200 in 12.5400 ms
2026-05-12 15:01:48.162 +07:00 [INF] HTTP GET /hubs/chat responded 101 in 2315.4451 ms
2026-05-12 15:01:48.354 +07:00 [INF] HTTP POST /hubs/chat/negotiate responded 200 in 0.3603 ms
2026-05-12 15:01:48.909 +07:00 [INF] HTTP GET /admin/knowledgecategories responded 200 in 7.1351 ms
2026-05-12 15:01:48.915 +07:00 [INF] HTTP GET /hubs/chat responded 101 in 526.1683 ms
2026-05-12 15:01:49.088 +07:00 [INF] HTTP POST /hubs/chat/negotiate responded 200 in 0.4057 ms
2026-05-12 15:01:49.649 +07:00 [INF] HTTP GET /admin/partnercategories responded 200 in 6.6193 ms
2026-05-12 15:01:49.656 +07:00 [INF] HTTP GET /hubs/chat responded 101 in 531.2779 ms
2026-05-12 15:01:49.821 +07:00 [INF] HTTP POST /hubs/chat/negotiate responded 200 in 0.2098 ms
2026-05-12 15:01:50.745 +07:00 [INF] HTTP GET /admin/banners responded 200 in 6.0101 ms
2026-05-12 15:01:50.752 +07:00 [INF] HTTP GET /hubs/chat responded 101 in 899.9834 ms
2026-05-12 15:01:50.917 +07:00 [INF] HTTP POST /hubs/chat/negotiate responded 200 in 0.1923 ms
2026-05-12 15:01:52.925 +07:00 [INF] HTTP GET /admin/banners/create responded 200 in 2.9565 ms
2026-05-12 15:01:52.933 +07:00 [INF] HTTP GET /hubs/chat responded 101 in 1986.8076 ms
2026-05-12 15:01:53.105 +07:00 [INF] HTTP POST /hubs/chat/negotiate responded 200 in 0.1536 ms
2026-05-12 15:02:13.700 +07:00 [INF] Upload thành công: /uploads/banners/9b276573db044a82839d496eb6d7a50b.png (3330748 bytes)
2026-05-12 15:02:13.719 +07:00 [INF] HTTP POST /admin/banners/create responded 302 in 47.0200 ms
2026-05-12 15:02:13.730 +07:00 [INF] HTTP GET /admin/Banners responded 200 in 5.5816 ms
2026-05-12 15:02:13.737 +07:00 [INF] HTTP GET /hubs/chat responded 101 in 20599.8073 ms
2026-05-12 15:02:13.778 +07:00 [INF] HTTP GET /uploads/banners/9b276573db044a82839d496eb6d7a50b.png responded 200 in 23.7094 ms
2026-05-12 15:02:13.945 +07:00 [INF] HTTP POST /hubs/chat/negotiate responded 200 in 0.2395 ms
2026-05-12 15:02:16.933 +07:00 [INF] HTTP GET /admin/partnercategories responded 200 in 5.7142 ms
2026-05-12 15:02:16.940 +07:00 [INF] HTTP GET /hubs/chat responded 101 in 2921.9057 ms
2026-05-12 15:02:17.114 +07:00 [INF] HTTP POST /hubs/chat/negotiate responded 200 in 0.1704 ms
2026-05-12 15:02:17.656 +07:00 [INF] HTTP GET /admin/partners responded 200 in 10.4246 ms
2026-05-12 15:02:17.663 +07:00 [INF] HTTP GET /hubs/chat responded 101 in 517.9135 ms
2026-05-12 15:02:17.829 +07:00 [INF] HTTP POST /hubs/chat/negotiate responded 200 in 0.1516 ms
2026-05-12 15:02:18.351 +07:00 [INF] HTTP GET /admin/partnercategories responded 200 in 5.8277 ms
2026-05-12 15:02:18.357 +07:00 [INF] HTTP GET /hubs/chat responded 101 in 496.4540 ms
2026-05-12 15:02:18.516 +07:00 [INF] HTTP POST /hubs/chat/negotiate responded 200 in 0.3415 ms
2026-05-12 15:03:04.690 +07:00 [INF] HTTP GET /admin/banners responded 200 in 7.0323 ms
2026-05-12 15:03:04.696 +07:00 [INF] HTTP GET /hubs/chat responded 101 in 46150.6260 ms
2026-05-12 15:03:04.718 +07:00 [INF] HTTP GET /uploads/banners/9b276573db044a82839d496eb6d7a50b.png responded 304 in 1.0375 ms
2026-05-12 15:03:04.902 +07:00 [INF] HTTP POST /hubs/chat/negotiate responded 200 in 0.2939 ms
2026-05-12 15:03:07.232 +07:00 [INF] HTTP GET /admin/banners/create responded 200 in 25.1921 ms
2026-05-12 15:03:07.238 +07:00 [INF] HTTP GET /hubs/chat responded 101 in 2279.2505 ms
2026-05-12 15:03:07.422 +07:00 [INF] HTTP POST /hubs/chat/negotiate responded 200 in 0.2174 ms
2026-05-12 15:03:10.887 +07:00 [ERR] Failed executing DbCommand (5ms) [Parameters=[@p0='?', @p1='?' (DbType = DateTime), @p2='?', @p3='?', @p4='?', @p5='?', @p6='?'], CommandType='"Text"', CommandTimeout='30']
INSERT INTO banners (color, created_at, description, image, link_url, subtitle, title)
VALUES (@p0, @p1, @p2, @p3, @p4, @p5, @p6)
RETURNING id, is_active, sort_order;
2026-05-12 15:03:10.891 +07:00 [ERR] An exception occurred in the database while saving changes for context type 'AquaCMS.Data.AppDbContext'.
Microsoft.EntityFrameworkCore.DbUpdateException: An error occurred while saving the entity changes. See the inner exception for details.
 ---> Npgsql.PostgresException (0x80004005): 23502: null value in column "image" of relation "banners" violates not-null constraint

DETAIL: Detail redacted as it may contain sensitive data. Specify 'Include Error Detail' in the connection string to include this information.
   at Npgsql.Internal.NpgsqlConnector.ReadMessageLong(Boolean async, DataRowLoadingMode dataRowLoadingMode, Boolean readingNotifications, Boolean isReadingPrependedMessage)
   at System.Runtime.CompilerServices.PoolingAsyncValueTaskMethodBuilder`1.StateMachineBox`1.System.Threading.Tasks.Sources.IValueTaskSource<TResult>.GetResult(Int16 token)
   at Npgsql.NpgsqlDataReader.NextResult(Boolean async, Boolean isConsuming, CancellationToken cancellationToken)
   at Npgsql.NpgsqlDataReader.NextResult(Boolean async, Boolean isConsuming, CancellationToken cancellationToken)
   at Npgsql.NpgsqlCommand.ExecuteReader(Boolean async, CommandBehavior behavior, CancellationToken cancellationToken)
   at Npgsql.NpgsqlCommand.ExecuteReader(Boolean async, CommandBehavior behavior, CancellationToken cancellationToken)
   at Npgsql.NpgsqlCommand.ExecuteDbDataReaderAsync(CommandBehavior behavior, CancellationToken cancellationToken)
   at Microsoft.EntityFrameworkCore.Storage.RelationalCommand.ExecuteReaderAsync(RelationalCommandParameterObject parameterObject, CancellationToken cancellationToken)
   at Microsoft.EntityFrameworkCore.Storage.RelationalCommand.ExecuteReaderAsync(RelationalCommandParameterObject parameterObject, CancellationToken cancellationToken)
   at Microsoft.EntityFrameworkCore.Update.ReaderModificationCommandBatch.ExecuteAsync(IRelationalConnection connection, CancellationToken cancellationToken)
  Exception data:
    Severity: ERROR
    SqlState: 23502
    MessageText: null value in column "image" of relation "banners" violates not-null constraint
    Detail: Detail redacted as it may contain sensitive data. Specify 'Include Error Detail' in the connection string to include this information.
    SchemaName: public
    TableName: banners
    ColumnName: image
    File: execMain.c
    Line: 2057
    Routine: ExecConstraints
   --- End of inner exception stack trace ---
   at Microsoft.EntityFrameworkCore.Update.ReaderModificationCommandBatch.ExecuteAsync(IRelationalConnection connection, CancellationToken cancellationToken)
   at Microsoft.EntityFrameworkCore.Update.Internal.BatchExecutor.ExecuteAsync(IEnumerable`1 commandBatches, IRelationalConnection connection, CancellationToken cancellationToken)
   at Microsoft.EntityFrameworkCore.Update.Internal.BatchExecutor.ExecuteAsync(IEnumerable`1 commandBatches, IRelationalConnection connection, CancellationToken cancellationToken)
   at Microsoft.EntityFrameworkCore.Update.Internal.BatchExecutor.ExecuteAsync(IEnumerable`1 commandBatches, IRelationalConnection connection, CancellationToken cancellationToken)
   at Microsoft.EntityFrameworkCore.Storage.RelationalDatabase.SaveChangesAsync(IList`1 entries, CancellationToken cancellationToken)
   at Microsoft.EntityFrameworkCore.ChangeTracking.Internal.StateManager.SaveChangesAsync(IList`1 entriesToSave, CancellationToken cancellationToken)
   at Microsoft.EntityFrameworkCore.ChangeTracking.Internal.StateManager.SaveChangesAsync(StateManager stateManager, Boolean acceptAllChangesOnSuccess, CancellationToken cancellationToken)
   at Npgsql.EntityFrameworkCore.PostgreSQL.Storage.Internal.NpgsqlExecutionStrategy.ExecuteAsync[TState,TResult](TState state, Func`4 operation, Func`4 verifySucceeded, CancellationToken cancellationToken)
   at Microsoft.EntityFrameworkCore.DbContext.SaveChangesAsync(Boolean acceptAllChangesOnSuccess, CancellationToken cancellationToken)
Microsoft.EntityFrameworkCore.DbUpdateException: An error occurred while saving the entity changes. See the inner exception for details.
 ---> Npgsql.PostgresException (0x80004005): 23502: null value in column "image" of relation "banners" violates not-null constraint

DETAIL: Detail redacted as it may contain sensitive data. Specify 'Include Error Detail' in the connection string to include this information.
   at Npgsql.Internal.NpgsqlConnector.ReadMessageLong(Boolean async, DataRowLoadingMode dataRowLoadingMode, Boolean readingNotifications, Boolean isReadingPrependedMessage)
   at System.Runtime.CompilerServices.PoolingAsyncValueTaskMethodBuilder`1.StateMachineBox`1.System.Threading.Tasks.Sources.IValueTaskSource<TResult>.GetResult(Int16 token)
   at Npgsql.NpgsqlDataReader.NextResult(Boolean async, Boolean isConsuming, CancellationToken cancellationToken)
   at Npgsql.NpgsqlDataReader.NextResult(Boolean async, Boolean isConsuming, CancellationToken cancellationToken)
   at Npgsql.NpgsqlCommand.ExecuteReader(Boolean async, CommandBehavior behavior, CancellationToken cancellationToken)
   at Npgsql.NpgsqlCommand.ExecuteReader(Boolean async, CommandBehavior behavior, CancellationToken cancellationToken)
   at Npgsql.NpgsqlCommand.ExecuteDbDataReaderAsync(CommandBehavior behavior, CancellationToken cancellationToken)
   at Microsoft.EntityFrameworkCore.Storage.RelationalCommand.ExecuteReaderAsync(RelationalCommandParameterObject parameterObject, CancellationToken cancellationToken)
   at Microsoft.EntityFrameworkCore.Storage.RelationalCommand.ExecuteReaderAsync(RelationalCommandParameterObject parameterObject, CancellationToken cancellationToken)
   at Microsoft.EntityFrameworkCore.Update.ReaderModificationCommandBatch.ExecuteAsync(IRelationalConnection connection, CancellationToken cancellationToken)
  Exception data:
    Severity: ERROR
    SqlState: 23502
    MessageText: null value in column "image" of relation "banners" violates not-null constraint
    Detail: Detail redacted as it may contain sensitive data. Specify 'Include Error Detail' in the connection string to include this information.
    SchemaName: public
    TableName: banners
    ColumnName: image
    File: execMain.c
    Line: 2057
    Routine: ExecConstraints
   --- End of inner exception stack trace ---
   at Microsoft.EntityFrameworkCore.Update.ReaderModificationCommandBatch.ExecuteAsync(IRelationalConnection connection, CancellationToken cancellationToken)
   at Microsoft.EntityFrameworkCore.Update.Internal.BatchExecutor.ExecuteAsync(IEnumerable`1 commandBatches, IRelationalConnection connection, CancellationToken cancellationToken)
   at Microsoft.EntityFrameworkCore.Update.Internal.BatchExecutor.ExecuteAsync(IEnumerable`1 commandBatches, IRelationalConnection connection, CancellationToken cancellationToken)
   at Microsoft.EntityFrameworkCore.Update.Internal.BatchExecutor.ExecuteAsync(IEnumerable`1 commandBatches, IRelationalConnection connection, CancellationToken cancellationToken)
   at Microsoft.EntityFrameworkCore.Storage.RelationalDatabase.SaveChangesAsync(IList`1 entries, CancellationToken cancellationToken)
   at Microsoft.EntityFrameworkCore.ChangeTracking.Internal.StateManager.SaveChangesAsync(IList`1 entriesToSave, CancellationToken cancellationToken)
   at Microsoft.EntityFrameworkCore.ChangeTracking.Internal.StateManager.SaveChangesAsync(StateManager stateManager, Boolean acceptAllChangesOnSuccess, CancellationToken cancellationToken)
   at Npgsql.EntityFrameworkCore.PostgreSQL.Storage.Internal.NpgsqlExecutionStrategy.ExecuteAsync[TState,TResult](TState state, Func`4 operation, Func`4 verifySucceeded, CancellationToken cancellationToken)
   at Microsoft.EntityFrameworkCore.DbContext.SaveChangesAsync(Boolean acceptAllChangesOnSuccess, CancellationToken cancellationToken)
2026-05-12 15:03:10.902 +07:00 [ERR] Lỗi tạo banner
Microsoft.EntityFrameworkCore.DbUpdateException: An error occurred while saving the entity changes. See the inner exception for details.
 ---> Npgsql.PostgresException (0x80004005): 23502: null value in column "image" of relation "banners" violates not-null constraint

DETAIL: Detail redacted as it may contain sensitive data. Specify 'Include Error Detail' in the connection string to include this information.
   at Npgsql.Internal.NpgsqlConnector.ReadMessageLong(Boolean async, DataRowLoadingMode dataRowLoadingMode, Boolean readingNotifications, Boolean isReadingPrependedMessage)
   at System.Runtime.CompilerServices.PoolingAsyncValueTaskMethodBuilder`1.StateMachineBox`1.System.Threading.Tasks.Sources.IValueTaskSource<TResult>.GetResult(Int16 token)
   at Npgsql.NpgsqlDataReader.NextResult(Boolean async, Boolean isConsuming, CancellationToken cancellationToken)
   at Npgsql.NpgsqlDataReader.NextResult(Boolean async, Boolean isConsuming, CancellationToken cancellationToken)
   at Npgsql.NpgsqlCommand.ExecuteReader(Boolean async, CommandBehavior behavior, CancellationToken cancellationToken)
   at Npgsql.NpgsqlCommand.ExecuteReader(Boolean async, CommandBehavior behavior, CancellationToken cancellationToken)
   at Npgsql.NpgsqlCommand.ExecuteDbDataReaderAsync(CommandBehavior behavior, CancellationToken cancellationToken)
   at Microsoft.EntityFrameworkCore.Storage.RelationalCommand.ExecuteReaderAsync(RelationalCommandParameterObject parameterObject, CancellationToken cancellationToken)
   at Microsoft.EntityFrameworkCore.Storage.RelationalCommand.ExecuteReaderAsync(RelationalCommandParameterObject parameterObject, CancellationToken cancellationToken)
   at Microsoft.EntityFrameworkCore.Update.ReaderModificationCommandBatch.ExecuteAsync(IRelationalConnection connection, CancellationToken cancellationToken)
  Exception data:
    Severity: ERROR
    SqlState: 23502
    MessageText: null value in column "image" of relation "banners" violates not-null constraint
    Detail: Detail redacted as it may contain sensitive data. Specify 'Include Error Detail' in the connection string to include this information.
    SchemaName: public
    TableName: banners
    ColumnName: image
    File: execMain.c
    Line: 2057
    Routine: ExecConstraints
   --- End of inner exception stack trace ---
   at Microsoft.EntityFrameworkCore.Update.ReaderModificationCommandBatch.ExecuteAsync(IRelationalConnection connection, CancellationToken cancellationToken)
   at Microsoft.EntityFrameworkCore.Update.Internal.BatchExecutor.ExecuteAsync(IEnumerable`1 commandBatches, IRelationalConnection connection, CancellationToken cancellationToken)
   at Microsoft.EntityFrameworkCore.Update.Internal.BatchExecutor.ExecuteAsync(IEnumerable`1 commandBatches, IRelationalConnection connection, CancellationToken cancellationToken)
   at Microsoft.EntityFrameworkCore.Update.Internal.BatchExecutor.ExecuteAsync(IEnumerable`1 commandBatches, IRelationalConnection connection, CancellationToken cancellationToken)
   at Microsoft.EntityFrameworkCore.Storage.RelationalDatabase.SaveChangesAsync(IList`1 entries, CancellationToken cancellationToken)
   at Microsoft.EntityFrameworkCore.ChangeTracking.Internal.StateManager.SaveChangesAsync(IList`1 entriesToSave, CancellationToken cancellationToken)
   at Microsoft.EntityFrameworkCore.ChangeTracking.Internal.StateManager.SaveChangesAsync(StateManager stateManager, Boolean acceptAllChangesOnSuccess, CancellationToken cancellationToken)
   at Npgsql.EntityFrameworkCore.PostgreSQL.Storage.Internal.NpgsqlExecutionStrategy.ExecuteAsync[TState,TResult](TState state, Func`4 operation, Func`4 verifySucceeded, CancellationToken cancellationToken)
   at Microsoft.EntityFrameworkCore.DbContext.SaveChangesAsync(Boolean acceptAllChangesOnSuccess, CancellationToken cancellationToken)
   at Microsoft.EntityFrameworkCore.DbContext.SaveChangesAsync(Boolean acceptAllChangesOnSuccess, CancellationToken cancellationToken)
   at AquaCMS.Services.BannerService.CreateAsync(Banner banner) in E:\sourceCode\catalog\src\AquaCMS\Services\BannerService.cs:line 35
   at AquaCMS.Areas.Admin.Controllers.BannersController.Create(Banner banner, IFormFile imageFile) in E:\sourceCode\catalog\src\AquaCMS\Areas\Admin\Controllers\BannersController.cs:line 53
2026-05-12 15:03:10.915 +07:00 [INF] HTTP POST /admin/banners/create responded 200 in 34.4900 ms
2026-05-12 15:03:10.922 +07:00 [INF] HTTP GET /hubs/chat responded 101 in 3465.1453 ms
2026-05-12 15:03:11.101 +07:00 [INF] HTTP POST /hubs/chat/negotiate responded 200 in 0.2906 ms
2026-05-12 15:03:12.883 +07:00 [INF] HTTP GET /admin/partners responded 200 in 15.2451 ms
2026-05-12 15:03:12.890 +07:00 [INF] HTTP GET /hubs/chat responded 101 in 1753.9012 ms
2026-05-12 15:03:13.095 +07:00 [INF] HTTP POST /hubs/chat/negotiate responded 200 in 0.3250 ms
2026-05-12 15:03:14.498 +07:00 [INF] HTTP GET /admin/banners responded 200 in 7.6123 ms
2026-05-12 15:03:14.503 +07:00 [INF] HTTP GET /hubs/chat responded 101 in 1377.8380 ms
2026-05-12 15:03:14.524 +07:00 [INF] HTTP GET /uploads/banners/9b276573db044a82839d496eb6d7a50b.png responded 304 in 0.2711 ms
2026-05-12 15:03:14.696 +07:00 [INF] HTTP POST /hubs/chat/negotiate responded 200 in 0.2672 ms
2026-05-12 15:03:15.405 +07:00 [INF] HTTP GET /admin/banners/create responded 200 in 4.2015 ms
2026-05-12 15:03:15.411 +07:00 [INF] HTTP GET /hubs/chat responded 101 in 649.7545 ms
2026-05-12 15:03:15.599 +07:00 [INF] HTTP POST /hubs/chat/negotiate responded 200 in 0.2287 ms
2026-05-12 15:03:18.281 +07:00 [ERR] Failed executing DbCommand (2ms) [Parameters=[@p0='?', @p1='?' (DbType = DateTime), @p2='?', @p3='?', @p4='?', @p5='?', @p6='?'], CommandType='"Text"', CommandTimeout='30']
INSERT INTO banners (color, created_at, description, image, link_url, subtitle, title)
VALUES (@p0, @p1, @p2, @p3, @p4, @p5, @p6)
RETURNING id, is_active, sort_order;
2026-05-12 15:03:18.284 +07:00 [ERR] An exception occurred in the database while saving changes for context type 'AquaCMS.Data.AppDbContext'.
Microsoft.EntityFrameworkCore.DbUpdateException: An error occurred while saving the entity changes. See the inner exception for details.
 ---> Npgsql.PostgresException (0x80004005): 23502: null value in column "image" of relation "banners" violates not-null constraint

DETAIL: Detail redacted as it may contain sensitive data. Specify 'Include Error Detail' in the connection string to include this information.
   at Npgsql.Internal.NpgsqlConnector.ReadMessageLong(Boolean async, DataRowLoadingMode dataRowLoadingMode, Boolean readingNotifications, Boolean isReadingPrependedMessage)
   at System.Runtime.CompilerServices.PoolingAsyncValueTaskMethodBuilder`1.StateMachineBox`1.System.Threading.Tasks.Sources.IValueTaskSource<TResult>.GetResult(Int16 token)
   at Npgsql.NpgsqlDataReader.NextResult(Boolean async, Boolean isConsuming, CancellationToken cancellationToken)
   at Npgsql.NpgsqlDataReader.NextResult(Boolean async, Boolean isConsuming, CancellationToken cancellationToken)
   at Npgsql.NpgsqlCommand.ExecuteReader(Boolean async, CommandBehavior behavior, CancellationToken cancellationToken)
   at Npgsql.NpgsqlCommand.ExecuteReader(Boolean async, CommandBehavior behavior, CancellationToken cancellationToken)
   at Npgsql.NpgsqlCommand.ExecuteDbDataReaderAsync(CommandBehavior behavior, CancellationToken cancellationToken)
   at Microsoft.EntityFrameworkCore.Storage.RelationalCommand.ExecuteReaderAsync(RelationalCommandParameterObject parameterObject, CancellationToken cancellationToken)
   at Microsoft.EntityFrameworkCore.Storage.RelationalCommand.ExecuteReaderAsync(RelationalCommandParameterObject parameterObject, CancellationToken cancellationToken)
   at Microsoft.EntityFrameworkCore.Update.ReaderModificationCommandBatch.ExecuteAsync(IRelationalConnection connection, CancellationToken cancellationToken)
  Exception data:
    Severity: ERROR
    SqlState: 23502
    MessageText: null value in column "image" of relation "banners" violates not-null constraint
    Detail: Detail redacted as it may contain sensitive data. Specify 'Include Error Detail' in the connection string to include this information.
    SchemaName: public
    TableName: banners
    ColumnName: image
    File: execMain.c
    Line: 2057
    Routine: ExecConstraints
   --- End of inner exception stack trace ---
   at Microsoft.EntityFrameworkCore.Update.ReaderModificationCommandBatch.ExecuteAsync(IRelationalConnection connection, CancellationToken cancellationToken)
   at Microsoft.EntityFrameworkCore.Update.Internal.BatchExecutor.ExecuteAsync(IEnumerable`1 commandBatches, IRelationalConnection connection, CancellationToken cancellationToken)
   at Microsoft.EntityFrameworkCore.Update.Internal.BatchExecutor.ExecuteAsync(IEnumerable`1 commandBatches, IRelationalConnection connection, CancellationToken cancellationToken)
   at Microsoft.EntityFrameworkCore.Update.Internal.BatchExecutor.ExecuteAsync(IEnumerable`1 commandBatches, IRelationalConnection connection, CancellationToken cancellationToken)
   at Microsoft.EntityFrameworkCore.Storage.RelationalDatabase.SaveChangesAsync(IList`1 entries, CancellationToken cancellationToken)
   at Microsoft.EntityFrameworkCore.ChangeTracking.Internal.StateManager.SaveChangesAsync(IList`1 entriesToSave, CancellationToken cancellationToken)
   at Microsoft.EntityFrameworkCore.ChangeTracking.Internal.StateManager.SaveChangesAsync(StateManager stateManager, Boolean acceptAllChangesOnSuccess, CancellationToken cancellationToken)
   at Npgsql.EntityFrameworkCore.PostgreSQL.Storage.Internal.NpgsqlExecutionStrategy.ExecuteAsync[TState,TResult](TState state, Func`4 operation, Func`4 verifySucceeded, CancellationToken cancellationToken)
   at Microsoft.EntityFrameworkCore.DbContext.SaveChangesAsync(Boolean acceptAllChangesOnSuccess, CancellationToken cancellationToken)
Microsoft.EntityFrameworkCore.DbUpdateException: An error occurred while saving the entity changes. See the inner exception for details.
 ---> Npgsql.PostgresException (0x80004005): 23502: null value in column "image" of relation "banners" violates not-null constraint

DETAIL: Detail redacted as it may contain sensitive data. Specify 'Include Error Detail' in the connection string to include this information.
   at Npgsql.Internal.NpgsqlConnector.ReadMessageLong(Boolean async, DataRowLoadingMode dataRowLoadingMode, Boolean readingNotifications, Boolean isReadingPrependedMessage)
   at System.Runtime.CompilerServices.PoolingAsyncValueTaskMethodBuilder`1.StateMachineBox`1.System.Threading.Tasks.Sources.IValueTaskSource<TResult>.GetResult(Int16 token)
   at Npgsql.NpgsqlDataReader.NextResult(Boolean async, Boolean isConsuming, CancellationToken cancellationToken)
   at Npgsql.NpgsqlDataReader.NextResult(Boolean async, Boolean isConsuming, CancellationToken cancellationToken)
   at Npgsql.NpgsqlCommand.ExecuteReader(Boolean async, CommandBehavior behavior, CancellationToken cancellationToken)
   at Npgsql.NpgsqlCommand.ExecuteReader(Boolean async, CommandBehavior behavior, CancellationToken cancellationToken)
   at Npgsql.NpgsqlCommand.ExecuteDbDataReaderAsync(CommandBehavior behavior, CancellationToken cancellationToken)
   at Microsoft.EntityFrameworkCore.Storage.RelationalCommand.ExecuteReaderAsync(RelationalCommandParameterObject parameterObject, CancellationToken cancellationToken)
   at Microsoft.EntityFrameworkCore.Storage.RelationalCommand.ExecuteReaderAsync(RelationalCommandParameterObject parameterObject, CancellationToken cancellationToken)
   at Microsoft.EntityFrameworkCore.Update.ReaderModificationCommandBatch.ExecuteAsync(IRelationalConnection connection, CancellationToken cancellationToken)
  Exception data:
    Severity: ERROR
    SqlState: 23502
    MessageText: null value in column "image" of relation "banners" violates not-null constraint
    Detail: Detail redacted as it may contain sensitive data. Specify 'Include Error Detail' in the connection string to include this information.
    SchemaName: public
    TableName: banners
    ColumnName: image
    File: execMain.c
    Line: 2057
    Routine: ExecConstraints
   --- End of inner exception stack trace ---
   at Microsoft.EntityFrameworkCore.Update.ReaderModificationCommandBatch.ExecuteAsync(IRelationalConnection connection, CancellationToken cancellationToken)
   at Microsoft.EntityFrameworkCore.Update.Internal.BatchExecutor.ExecuteAsync(IEnumerable`1 commandBatches, IRelationalConnection connection, CancellationToken cancellationToken)
   at Microsoft.EntityFrameworkCore.Update.Internal.BatchExecutor.ExecuteAsync(IEnumerable`1 commandBatches, IRelationalConnection connection, CancellationToken cancellationToken)
   at Microsoft.EntityFrameworkCore.Update.Internal.BatchExecutor.ExecuteAsync(IEnumerable`1 commandBatches, IRelationalConnection connection, CancellationToken cancellationToken)
   at Microsoft.EntityFrameworkCore.Storage.RelationalDatabase.SaveChangesAsync(IList`1 entries, CancellationToken cancellationToken)
   at Microsoft.EntityFrameworkCore.ChangeTracking.Internal.StateManager.SaveChangesAsync(IList`1 entriesToSave, CancellationToken cancellationToken)
   at Microsoft.EntityFrameworkCore.ChangeTracking.Internal.StateManager.SaveChangesAsync(StateManager stateManager, Boolean acceptAllChangesOnSuccess, CancellationToken cancellationToken)
   at Npgsql.EntityFrameworkCore.PostgreSQL.Storage.Internal.NpgsqlExecutionStrategy.ExecuteAsync[TState,TResult](TState state, Func`4 operation, Func`4 verifySucceeded, CancellationToken cancellationToken)
   at Microsoft.EntityFrameworkCore.DbContext.SaveChangesAsync(Boolean acceptAllChangesOnSuccess, CancellationToken cancellationToken)
2026-05-12 15:03:18.295 +07:00 [ERR] Lỗi tạo banner
Microsoft.EntityFrameworkCore.DbUpdateException: An error occurred while saving the entity changes. See the inner exception for details.
 ---> Npgsql.PostgresException (0x80004005): 23502: null value in column "image" of relation "banners" violates not-null constraint

DETAIL: Detail redacted as it may contain sensitive data. Specify 'Include Error Detail' in the connection string to include this information.
   at Npgsql.Internal.NpgsqlConnector.ReadMessageLong(Boolean async, DataRowLoadingMode dataRowLoadingMode, Boolean readingNotifications, Boolean isReadingPrependedMessage)
   at System.Runtime.CompilerServices.PoolingAsyncValueTaskMethodBuilder`1.StateMachineBox`1.System.Threading.Tasks.Sources.IValueTaskSource<TResult>.GetResult(Int16 token)
   at Npgsql.NpgsqlDataReader.NextResult(Boolean async, Boolean isConsuming, CancellationToken cancellationToken)
   at Npgsql.NpgsqlDataReader.NextResult(Boolean async, Boolean isConsuming, CancellationToken cancellationToken)
   at Npgsql.NpgsqlCommand.ExecuteReader(Boolean async, CommandBehavior behavior, CancellationToken cancellationToken)
   at Npgsql.NpgsqlCommand.ExecuteReader(Boolean async, CommandBehavior behavior, CancellationToken cancellationToken)
   at Npgsql.NpgsqlCommand.ExecuteDbDataReaderAsync(CommandBehavior behavior, CancellationToken cancellationToken)
   at Microsoft.EntityFrameworkCore.Storage.RelationalCommand.ExecuteReaderAsync(RelationalCommandParameterObject parameterObject, CancellationToken cancellationToken)
   at Microsoft.EntityFrameworkCore.Storage.RelationalCommand.ExecuteReaderAsync(RelationalCommandParameterObject parameterObject, CancellationToken cancellationToken)
   at Microsoft.EntityFrameworkCore.Update.ReaderModificationCommandBatch.ExecuteAsync(IRelationalConnection connection, CancellationToken cancellationToken)
  Exception data:
    Severity: ERROR
    SqlState: 23502
    MessageText: null value in column "image" of relation "banners" violates not-null constraint
    Detail: Detail redacted as it may contain sensitive data. Specify 'Include Error Detail' in the connection string to include this information.
    SchemaName: public
    TableName: banners
    ColumnName: image
    File: execMain.c
    Line: 2057
    Routine: ExecConstraints
   --- End of inner exception stack trace ---
   at Microsoft.EntityFrameworkCore.Update.ReaderModificationCommandBatch.ExecuteAsync(IRelationalConnection connection, CancellationToken cancellationToken)
   at Microsoft.EntityFrameworkCore.Update.Internal.BatchExecutor.ExecuteAsync(IEnumerable`1 commandBatches, IRelationalConnection connection, CancellationToken cancellationToken)
   at Microsoft.EntityFrameworkCore.Update.Internal.BatchExecutor.ExecuteAsync(IEnumerable`1 commandBatches, IRelationalConnection connection, CancellationToken cancellationToken)
   at Microsoft.EntityFrameworkCore.Update.Internal.BatchExecutor.ExecuteAsync(IEnumerable`1 commandBatches, IRelationalConnection connection, CancellationToken cancellationToken)
   at Microsoft.EntityFrameworkCore.Storage.RelationalDatabase.SaveChangesAsync(IList`1 entries, CancellationToken cancellationToken)
   at Microsoft.EntityFrameworkCore.ChangeTracking.Internal.StateManager.SaveChangesAsync(IList`1 entriesToSave, CancellationToken cancellationToken)
   at Microsoft.EntityFrameworkCore.ChangeTracking.Internal.StateManager.SaveChangesAsync(StateManager stateManager, Boolean acceptAllChangesOnSuccess, CancellationToken cancellationToken)
   at Npgsql.EntityFrameworkCore.PostgreSQL.Storage.Internal.NpgsqlExecutionStrategy.ExecuteAsync[TState,TResult](TState state, Func`4 operation, Func`4 verifySucceeded, CancellationToken cancellationToken)
   at Microsoft.EntityFrameworkCore.DbContext.SaveChangesAsync(Boolean acceptAllChangesOnSuccess, CancellationToken cancellationToken)
   at Microsoft.EntityFrameworkCore.DbContext.SaveChangesAsync(Boolean acceptAllChangesOnSuccess, CancellationToken cancellationToken)
   at AquaCMS.Services.BannerService.CreateAsync(Banner banner) in E:\sourceCode\catalog\src\AquaCMS\Services\BannerService.cs:line 35
   at AquaCMS.Areas.Admin.Controllers.BannersController.Create(Banner banner, IFormFile imageFile) in E:\sourceCode\catalog\src\AquaCMS\Areas\Admin\Controllers\BannersController.cs:line 53
2026-05-12 15:03:18.309 +07:00 [INF] HTTP POST /admin/banners/create responded 200 in 32.0813 ms
2026-05-12 15:03:18.316 +07:00 [INF] HTTP GET /hubs/chat responded 101 in 2676.2519 ms
2026-05-12 15:03:18.493 +07:00 [INF] HTTP POST /hubs/chat/negotiate responded 200 in 0.1619 ms
2026-05-12 15:03:19.253 +07:00 [INF] HTTP GET /admin/knowledgecategories responded 200 in 10.8530 ms
2026-05-12 15:03:19.260 +07:00 [INF] HTTP GET /hubs/chat responded 101 in 739.1020 ms
2026-05-12 15:03:19.424 +07:00 [INF] HTTP POST /hubs/chat/negotiate responded 200 in 0.3072 ms
2026-05-12 15:03:23.798 +07:00 [INF] HTTP GET /admin/banners responded 200 in 7.2008 ms
2026-05-12 15:03:23.805 +07:00 [INF] HTTP GET /hubs/chat responded 101 in 4345.0561 ms
2026-05-12 15:03:23.827 +07:00 [INF] HTTP GET /uploads/banners/9b276573db044a82839d496eb6d7a50b.png responded 304 in 0.2915 ms
2026-05-12 15:03:24.024 +07:00 [INF] HTTP POST /hubs/chat/negotiate responded 200 in 0.3819 ms
2026-05-12 15:04:20.030 +07:00 [INF] Đã xóa file: /uploads/banners/9b276573db044a82839d496eb6d7a50b.png
2026-05-12 15:04:20.051 +07:00 [INF] HTTP POST /admin/banners/delete/7e047a5f-9e99-4892-b882-58ff07c65b94 responded 302 in 50.4207 ms
2026-05-12 15:04:20.071 +07:00 [INF] HTTP GET /admin/Banners responded 200 in 9.5511 ms
2026-05-12 15:04:20.079 +07:00 [INF] HTTP GET /hubs/chat responded 101 in 55992.4141 ms
2026-05-12 15:04:20.276 +07:00 [INF] HTTP POST /hubs/chat/negotiate responded 200 in 0.2430 ms
2026-05-12 15:08:47.088 +07:00 [INF] HTTP GET /hubs/chat responded 101 in 467466.9961 ms
2026-05-12 15:08:47.088 +07:00 [INF] HTTP GET /hubs/chat responded 101 in 266783.1240 ms
2026-05-12 15:09:12.814 +07:00 [INF] HTTP POST /hubs/chat/negotiate responded 200 in 54.3776 ms
2026-05-12 15:09:12.814 +07:00 [INF] HTTP POST /hubs/chat/negotiate responded 200 in 55.8807 ms
2026-05-12 15:09:37.411 +07:00 [INF] HTTP GET /admin/Banners responded 200 in 1568.5025 ms
2026-05-12 15:09:37.424 +07:00 [INF] HTTP GET /hubs/chat responded 101 in 24563.2916 ms
2026-05-12 15:09:37.613 +07:00 [INF] HTTP POST /hubs/chat/negotiate responded 200 in 1.1272 ms
2026-05-12 15:09:38.890 +07:00 [INF] HTTP GET /admin/banners/create responded 200 in 135.3043 ms
2026-05-12 15:09:38.896 +07:00 [INF] HTTP GET /hubs/chat responded 101 in 1249.9133 ms
2026-05-12 15:09:39.079 +07:00 [INF] HTTP POST /hubs/chat/negotiate responded 200 in 0.3800 ms
2026-05-12 15:09:42.220 +07:00 [ERR] Failed executing DbCommand (10ms) [Parameters=[@p0='?', @p1='?' (DbType = DateTime), @p2='?', @p3='?', @p4='?', @p5='?', @p6='?'], CommandType='"Text"', CommandTimeout='30']
INSERT INTO banners (color, created_at, description, image, link_url, subtitle, title)
VALUES (@p0, @p1, @p2, @p3, @p4, @p5, @p6)
RETURNING id, is_active, sort_order;
2026-05-12 15:09:42.264 +07:00 [ERR] An exception occurred in the database while saving changes for context type 'AquaCMS.Data.AppDbContext'.
Microsoft.EntityFrameworkCore.DbUpdateException: An error occurred while saving the entity changes. See the inner exception for details.
 ---> Npgsql.PostgresException (0x80004005): 23502: null value in column "image" of relation "banners" violates not-null constraint

DETAIL: Detail redacted as it may contain sensitive data. Specify 'Include Error Detail' in the connection string to include this information.
   at Npgsql.Internal.NpgsqlConnector.ReadMessageLong(Boolean async, DataRowLoadingMode dataRowLoadingMode, Boolean readingNotifications, Boolean isReadingPrependedMessage)
   at System.Runtime.CompilerServices.PoolingAsyncValueTaskMethodBuilder`1.StateMachineBox`1.System.Threading.Tasks.Sources.IValueTaskSource<TResult>.GetResult(Int16 token)
   at Npgsql.NpgsqlDataReader.NextResult(Boolean async, Boolean isConsuming, CancellationToken cancellationToken)
   at Npgsql.NpgsqlDataReader.NextResult(Boolean async, Boolean isConsuming, CancellationToken cancellationToken)
   at Npgsql.NpgsqlCommand.ExecuteReader(Boolean async, CommandBehavior behavior, CancellationToken cancellationToken)
   at Npgsql.NpgsqlCommand.ExecuteReader(Boolean async, CommandBehavior behavior, CancellationToken cancellationToken)
   at Npgsql.NpgsqlCommand.ExecuteDbDataReaderAsync(CommandBehavior behavior, CancellationToken cancellationToken)
   at Microsoft.EntityFrameworkCore.Storage.RelationalCommand.ExecuteReaderAsync(RelationalCommandParameterObject parameterObject, CancellationToken cancellationToken)
   at Microsoft.EntityFrameworkCore.Storage.RelationalCommand.ExecuteReaderAsync(RelationalCommandParameterObject parameterObject, CancellationToken cancellationToken)
   at Microsoft.EntityFrameworkCore.Update.ReaderModificationCommandBatch.ExecuteAsync(IRelationalConnection connection, CancellationToken cancellationToken)
  Exception data:
    Severity: ERROR
    SqlState: 23502
    MessageText: null value in column "image" of relation "banners" violates not-null constraint
    Detail: Detail redacted as it may contain sensitive data. Specify 'Include Error Detail' in the connection string to include this information.
    SchemaName: public
    TableName: banners
    ColumnName: image
    File: execMain.c
    Line: 2057
    Routine: ExecConstraints
   --- End of inner exception stack trace ---
   at Microsoft.EntityFrameworkCore.Update.ReaderModificationCommandBatch.ExecuteAsync(IRelationalConnection connection, CancellationToken cancellationToken)
   at Microsoft.EntityFrameworkCore.Update.Internal.BatchExecutor.ExecuteAsync(IEnumerable`1 commandBatches, IRelationalConnection connection, CancellationToken cancellationToken)
   at Microsoft.EntityFrameworkCore.Update.Internal.BatchExecutor.ExecuteAsync(IEnumerable`1 commandBatches, IRelationalConnection connection, CancellationToken cancellationToken)
   at Microsoft.EntityFrameworkCore.Update.Internal.BatchExecutor.ExecuteAsync(IEnumerable`1 commandBatches, IRelationalConnection connection, CancellationToken cancellationToken)
   at Microsoft.EntityFrameworkCore.Storage.RelationalDatabase.SaveChangesAsync(IList`1 entries, CancellationToken cancellationToken)
   at Microsoft.EntityFrameworkCore.ChangeTracking.Internal.StateManager.SaveChangesAsync(IList`1 entriesToSave, CancellationToken cancellationToken)
   at Microsoft.EntityFrameworkCore.ChangeTracking.Internal.StateManager.SaveChangesAsync(StateManager stateManager, Boolean acceptAllChangesOnSuccess, CancellationToken cancellationToken)
   at Npgsql.EntityFrameworkCore.PostgreSQL.Storage.Internal.NpgsqlExecutionStrategy.ExecuteAsync[TState,TResult](TState state, Func`4 operation, Func`4 verifySucceeded, CancellationToken cancellationToken)
   at Microsoft.EntityFrameworkCore.DbContext.SaveChangesAsync(Boolean acceptAllChangesOnSuccess, CancellationToken cancellationToken)
Microsoft.EntityFrameworkCore.DbUpdateException: An error occurred while saving the entity changes. See the inner exception for details.
 ---> Npgsql.PostgresException (0x80004005): 23502: null value in column "image" of relation "banners" violates not-null constraint

DETAIL: Detail redacted as it may contain sensitive data. Specify 'Include Error Detail' in the connection string to include this information.
   at Npgsql.Internal.NpgsqlConnector.ReadMessageLong(Boolean async, DataRowLoadingMode dataRowLoadingMode, Boolean readingNotifications, Boolean isReadingPrependedMessage)
   at System.Runtime.CompilerServices.PoolingAsyncValueTaskMethodBuilder`1.StateMachineBox`1.System.Threading.Tasks.Sources.IValueTaskSource<TResult>.GetResult(Int16 token)
   at Npgsql.NpgsqlDataReader.NextResult(Boolean async, Boolean isConsuming, CancellationToken cancellationToken)
   at Npgsql.NpgsqlDataReader.NextResult(Boolean async, Boolean isConsuming, CancellationToken cancellationToken)
   at Npgsql.NpgsqlCommand.ExecuteReader(Boolean async, CommandBehavior behavior, CancellationToken cancellationToken)
   at Npgsql.NpgsqlCommand.ExecuteReader(Boolean async, CommandBehavior behavior, CancellationToken cancellationToken)
   at Npgsql.NpgsqlCommand.ExecuteDbDataReaderAsync(CommandBehavior behavior, CancellationToken cancellationToken)
   at Microsoft.EntityFrameworkCore.Storage.RelationalCommand.ExecuteReaderAsync(RelationalCommandParameterObject parameterObject, CancellationToken cancellationToken)
   at Microsoft.EntityFrameworkCore.Storage.RelationalCommand.ExecuteReaderAsync(RelationalCommandParameterObject parameterObject, CancellationToken cancellationToken)
   at Microsoft.EntityFrameworkCore.Update.ReaderModificationCommandBatch.ExecuteAsync(IRelationalConnection connection, CancellationToken cancellationToken)
  Exception data:
    Severity: ERROR
    SqlState: 23502
    MessageText: null value in column "image" of relation "banners" violates not-null constraint
    Detail: Detail redacted as it may contain sensitive data. Specify 'Include Error Detail' in the connection string to include this information.
    SchemaName: public
    TableName: banners
    ColumnName: image
    File: execMain.c
    Line: 2057
    Routine: ExecConstraints
   --- End of inner exception stack trace ---
   at Microsoft.EntityFrameworkCore.Update.ReaderModificationCommandBatch.ExecuteAsync(IRelationalConnection connection, CancellationToken cancellationToken)
   at Microsoft.EntityFrameworkCore.Update.Internal.BatchExecutor.ExecuteAsync(IEnumerable`1 commandBatches, IRelationalConnection connection, CancellationToken cancellationToken)
   at Microsoft.EntityFrameworkCore.Update.Internal.BatchExecutor.ExecuteAsync(IEnumerable`1 commandBatches, IRelationalConnection connection, CancellationToken cancellationToken)
   at Microsoft.EntityFrameworkCore.Update.Internal.BatchExecutor.ExecuteAsync(IEnumerable`1 commandBatches, IRelationalConnection connection, CancellationToken cancellationToken)
   at Microsoft.EntityFrameworkCore.Storage.RelationalDatabase.SaveChangesAsync(IList`1 entries, CancellationToken cancellationToken)
   at Microsoft.EntityFrameworkCore.ChangeTracking.Internal.StateManager.SaveChangesAsync(IList`1 entriesToSave, CancellationToken cancellationToken)
   at Microsoft.EntityFrameworkCore.ChangeTracking.Internal.StateManager.SaveChangesAsync(StateManager stateManager, Boolean acceptAllChangesOnSuccess, CancellationToken cancellationToken)
   at Npgsql.EntityFrameworkCore.PostgreSQL.Storage.Internal.NpgsqlExecutionStrategy.ExecuteAsync[TState,TResult](TState state, Func`4 operation, Func`4 verifySucceeded, CancellationToken cancellationToken)
   at Microsoft.EntityFrameworkCore.DbContext.SaveChangesAsync(Boolean acceptAllChangesOnSuccess, CancellationToken cancellationToken)
2026-05-12 15:09:42.277 +07:00 [ERR] Lỗi tạo banner
Microsoft.EntityFrameworkCore.DbUpdateException: An error occurred while saving the entity changes. See the inner exception for details.
 ---> Npgsql.PostgresException (0x80004005): 23502: null value in column "image" of relation "banners" violates not-null constraint

DETAIL: Detail redacted as it may contain sensitive data. Specify 'Include Error Detail' in the connection string to include this information.
   at Npgsql.Internal.NpgsqlConnector.ReadMessageLong(Boolean async, DataRowLoadingMode dataRowLoadingMode, Boolean readingNotifications, Boolean isReadingPrependedMessage)
   at System.Runtime.CompilerServices.PoolingAsyncValueTaskMethodBuilder`1.StateMachineBox`1.System.Threading.Tasks.Sources.IValueTaskSource<TResult>.GetResult(Int16 token)
   at Npgsql.NpgsqlDataReader.NextResult(Boolean async, Boolean isConsuming, CancellationToken cancellationToken)
   at Npgsql.NpgsqlDataReader.NextResult(Boolean async, Boolean isConsuming, CancellationToken cancellationToken)
   at Npgsql.NpgsqlCommand.ExecuteReader(Boolean async, CommandBehavior behavior, CancellationToken cancellationToken)
   at Npgsql.NpgsqlCommand.ExecuteReader(Boolean async, CommandBehavior behavior, CancellationToken cancellationToken)
   at Npgsql.NpgsqlCommand.ExecuteDbDataReaderAsync(CommandBehavior behavior, CancellationToken cancellationToken)
   at Microsoft.EntityFrameworkCore.Storage.RelationalCommand.ExecuteReaderAsync(RelationalCommandParameterObject parameterObject, CancellationToken cancellationToken)
   at Microsoft.EntityFrameworkCore.Storage.RelationalCommand.ExecuteReaderAsync(RelationalCommandParameterObject parameterObject, CancellationToken cancellationToken)
   at Microsoft.EntityFrameworkCore.Update.ReaderModificationCommandBatch.ExecuteAsync(IRelationalConnection connection, CancellationToken cancellationToken)
  Exception data:
    Severity: ERROR
    SqlState: 23502
    MessageText: null value in column "image" of relation "banners" violates not-null constraint
    Detail: Detail redacted as it may contain sensitive data. Specify 'Include Error Detail' in the connection string to include this information.
    SchemaName: public
    TableName: banners
    ColumnName: image
    File: execMain.c
    Line: 2057
    Routine: ExecConstraints
   --- End of inner exception stack trace ---
   at Microsoft.EntityFrameworkCore.Update.ReaderModificationCommandBatch.ExecuteAsync(IRelationalConnection connection, CancellationToken cancellationToken)
   at Microsoft.EntityFrameworkCore.Update.Internal.BatchExecutor.ExecuteAsync(IEnumerable`1 commandBatches, IRelationalConnection connection, CancellationToken cancellationToken)
   at Microsoft.EntityFrameworkCore.Update.Internal.BatchExecutor.ExecuteAsync(IEnumerable`1 commandBatches, IRelationalConnection connection, CancellationToken cancellationToken)
   at Microsoft.EntityFrameworkCore.Update.Internal.BatchExecutor.ExecuteAsync(IEnumerable`1 commandBatches, IRelationalConnection connection, CancellationToken cancellationToken)
   at Microsoft.EntityFrameworkCore.Storage.RelationalDatabase.SaveChangesAsync(IList`1 entries, CancellationToken cancellationToken)
   at Microsoft.EntityFrameworkCore.ChangeTracking.Internal.StateManager.SaveChangesAsync(IList`1 entriesToSave, CancellationToken cancellationToken)
   at Microsoft.EntityFrameworkCore.ChangeTracking.Internal.StateManager.SaveChangesAsync(StateManager stateManager, Boolean acceptAllChangesOnSuccess, CancellationToken cancellationToken)
   at Npgsql.EntityFrameworkCore.PostgreSQL.Storage.Internal.NpgsqlExecutionStrategy.ExecuteAsync[TState,TResult](TState state, Func`4 operation, Func`4 verifySucceeded, CancellationToken cancellationToken)
   at Microsoft.EntityFrameworkCore.DbContext.SaveChangesAsync(Boolean acceptAllChangesOnSuccess, CancellationToken cancellationToken)
   at Microsoft.EntityFrameworkCore.DbContext.SaveChangesAsync(Boolean acceptAllChangesOnSuccess, CancellationToken cancellationToken)
   at AquaCMS.Services.BannerService.CreateAsync(Banner banner) in E:\sourceCode\catalog\src\AquaCMS\Services\BannerService.cs:line 35
   at AquaCMS.Areas.Admin.Controllers.BannersController.Create(Banner banner, IFormFile imageFile) in E:\sourceCode\catalog\src\AquaCMS\Areas\Admin\Controllers\BannersController.cs:line 53
2026-05-12 15:09:42.314 +07:00 [INF] HTTP POST /admin/banners/create responded 200 in 246.4514 ms
2026-05-12 15:09:42.320 +07:00 [INF] HTTP GET /hubs/chat responded 101 in 3211.7356 ms
2026-05-12 15:09:42.477 +07:00 [INF] HTTP POST /hubs/chat/negotiate responded 200 in 0.5473 ms
2026-05-12 15:09:44.453 +07:00 [INF] HTTP GET /admin/partners responded 200 in 424.4024 ms
2026-05-12 15:09:44.459 +07:00 [INF] HTTP GET /hubs/chat responded 101 in 1953.6502 ms
2026-05-12 15:09:44.621 +07:00 [INF] HTTP POST /hubs/chat/negotiate responded 200 in 0.4045 ms
2026-05-12 15:09:48.373 +07:00 [INF] HTTP GET / responded 200 in 481.1932 ms
2026-05-12 15:09:48.516 +07:00 [INF] HTTP GET /hubs/chat responded 101 in 35687.4590 ms
2026-05-12 15:09:48.524 +07:00 [INF] HTTP POST /hubs/chat/negotiate responded 200 in 0.4767 ms
2026-05-12 15:09:51.148 +07:00 [INF] HTTP GET /gio-hang responded 200 in 29.3738 ms
2026-05-12 15:09:51.352 +07:00 [INF] HTTP POST /hubs/chat/negotiate responded 200 in 0.4995 ms
2026-05-12 15:09:51.375 +07:00 [INF] HTTP GET /hubs/chat responded 101 in 2737.8575 ms
2026-05-12 15:09:55.980 +07:00 [INF] HTTP GET / responded 200 in 39.8962 ms
2026-05-12 15:09:56.215 +07:00 [INF] HTTP POST /hubs/chat/negotiate responded 200 in 0.4601 ms
2026-05-12 15:09:56.258 +07:00 [INF] HTTP GET /hubs/chat responded 101 in 4836.0553 ms
2026-05-12 15:11:27.439 +07:00 [INF] HTTP GET /danh-muc/quat-nuoc-tao-dong responded 200 in 110.9320 ms
2026-05-12 15:11:27.674 +07:00 [INF] HTTP POST /hubs/chat/negotiate responded 200 in 0.4058 ms
2026-05-12 15:11:27.701 +07:00 [INF] HTTP GET /hubs/chat responded 101 in 91430.4795 ms
2026-05-12 15:11:30.608 +07:00 [INF] HTTP GET /san-pham responded 200 in 52.9991 ms
2026-05-12 15:11:30.801 +07:00 [INF] HTTP POST /hubs/chat/negotiate responded 200 in 0.6484 ms
2026-05-12 15:11:30.831 +07:00 [INF] HTTP GET /hubs/chat responded 101 in 3105.4827 ms
2026-05-12 15:11:31.828 +07:00 [INF] HTTP GET /danh-muc/may-tron-cam responded 200 in 23.2509 ms
2026-05-12 15:11:32.032 +07:00 [INF] HTTP POST /hubs/chat/negotiate responded 200 in 0.6002 ms
2026-05-12 15:11:32.061 +07:00 [INF] HTTP GET /hubs/chat responded 101 in 1208.7713 ms
2026-05-12 15:11:32.564 +07:00 [INF] HTTP GET /danh-muc/may-cho-ca-an responded 200 in 21.4435 ms
2026-05-12 15:11:32.807 +07:00 [INF] HTTP POST /hubs/chat/negotiate responded 200 in 0.5045 ms
2026-05-12 15:11:32.862 +07:00 [INF] HTTP GET /hubs/chat responded 101 in 774.6067 ms
2026-05-12 15:11:33.346 +07:00 [INF] HTTP GET /danh-muc/quat-nuoc-tao-dong responded 200 in 16.7149 ms
2026-05-12 15:11:33.579 +07:00 [INF] HTTP POST /hubs/chat/negotiate responded 200 in 0.4756 ms
2026-05-12 15:11:33.604 +07:00 [INF] HTTP GET /hubs/chat responded 101 in 684.9563 ms
2026-05-12 15:11:33.932 +07:00 [INF] HTTP GET /danh-muc/sieu-oxy-fanto responded 200 in 24.8977 ms
2026-05-12 15:11:34.160 +07:00 [INF] HTTP POST /hubs/chat/negotiate responded 200 in 0.3585 ms
2026-05-12 15:11:34.186 +07:00 [INF] HTTP GET /hubs/chat responded 101 in 565.5769 ms
2026-05-12 15:11:34.537 +07:00 [INF] HTTP GET /danh-muc/tam-hoa-bien-tan-fanto responded 200 in 27.5796 ms
2026-05-12 15:11:34.730 +07:00 [INF] HTTP POST /hubs/chat/negotiate responded 200 in 0.3386 ms
2026-05-12 15:11:34.755 +07:00 [INF] HTTP GET /hubs/chat responded 101 in 545.8076 ms
2026-05-12 15:11:35.765 +07:00 [INF] HTTP GET /danh-muc/tao-song-1-tac-dung responded 200 in 21.3415 ms
2026-05-12 15:11:35.959 +07:00 [INF] HTTP POST /hubs/chat/negotiate responded 200 in 0.3647 ms
2026-05-12 15:11:35.988 +07:00 [INF] HTTP GET /hubs/chat responded 101 in 1210.7273 ms
2026-05-12 15:11:37.087 +07:00 [INF] HTTP GET / responded 200 in 24.4106 ms
2026-05-12 15:11:37.343 +07:00 [INF] HTTP POST /hubs/chat/negotiate responded 200 in 0.5632 ms
2026-05-12 15:11:37.391 +07:00 [INF] HTTP GET /hubs/chat responded 101 in 1381.5418 ms
2026-05-12 15:11:40.892 +07:00 [INF] HTTP GET /danh-muc/may-tron-cam responded 200 in 16.2576 ms
2026-05-12 15:11:41.054 +07:00 [INF] HTTP POST /hubs/chat/negotiate responded 200 in 0.3071 ms
2026-05-12 15:11:41.086 +07:00 [INF] HTTP GET /hubs/chat responded 101 in 3619.8148 ms
2026-05-12 15:11:45.301 +07:00 [INF] HTTP POST /hubs/chat/negotiate responded 200 in 0.4100 ms
2026-05-12 15:11:45.357 +07:00 [INF] HTTP GET /hubs/chat responded 101 in 4243.4600 ms
2026-05-12 15:12:05.036 +07:00 [INF] HTTP GET /san-pham/may-cho-ca-an-3-bao-nhua-fanto-14 responded 200 in 216.2556 ms
2026-05-12 15:12:05.268 +07:00 [INF] HTTP GET /hubs/chat responded 101 in 19885.1816 ms
2026-05-12 15:12:05.274 +07:00 [INF] HTTP POST /hubs/chat/negotiate responded 200 in 0.3013 ms
2026-05-12 15:12:17.565 +07:00 [INF] HTTP GET /san-pham/may-cho-ca-an-3-bao-inox-fanto-21 responded 200 in 41.3113 ms
2026-05-12 15:12:17.803 +07:00 [INF] HTTP GET /hubs/chat responded 101 in 12429.8758 ms
2026-05-12 15:12:17.810 +07:00 [INF] HTTP POST /hubs/chat/negotiate responded 200 in 0.2767 ms
2026-05-12 15:12:23.411 +07:00 [INF] HTTP GET /gio-hang responded 200 in 1.6932 ms
2026-05-12 15:12:23.568 +07:00 [INF] HTTP POST /hubs/chat/negotiate responded 200 in 0.2904 ms
2026-05-12 15:12:23.598 +07:00 [INF] HTTP GET /hubs/chat responded 101 in 5707.6853 ms
2026-05-12 15:12:31.481 +07:00 [INF] HTTP GET /hubs/chat responded 101 in 7835.0741 ms
2026-05-12 15:12:31.488 +07:00 [INF] HTTP POST /hubs/chat/negotiate responded 200 in 0.2872 ms
2026-05-12 15:12:35.804 +07:00 [INF] HTTP GET /kien-thuc responded 200 in 116.8270 ms
2026-05-12 15:12:36.008 +07:00 [INF] HTTP POST /hubs/chat/negotiate responded 200 in 0.2408 ms
2026-05-12 15:12:36.035 +07:00 [INF] HTTP GET /hubs/chat responded 101 in 4447.4373 ms
2026-05-12 15:12:37.377 +07:00 [INF] HTTP GET /kien-thuc/5-buoc-chuan-bi-ao-nuoi-tom-dat-chuan-1 responded 200 in 53.8310 ms
2026-05-12 15:12:37.560 +07:00 [INF] HTTP POST /hubs/chat/negotiate responded 200 in 0.1720 ms
2026-05-12 15:12:37.585 +07:00 [INF] HTTP GET /hubs/chat responded 101 in 1527.5858 ms
2026-05-12 15:12:42.484 +07:00 [INF] HTTP POST /hubs/chat/negotiate responded 200 in 0.2331 ms
2026-05-12 15:12:42.509 +07:00 [INF] HTTP GET /hubs/chat responded 101 in 4905.4382 ms
2026-05-12 15:12:42.983 +07:00 [INF] HTTP GET /kien-thuc responded 200 in 12.5081 ms
2026-05-12 15:12:42.989 +07:00 [INF] HTTP GET /hubs/chat responded 101 in 456.5330 ms
2026-05-12 15:12:43.164 +07:00 [INF] HTTP POST /hubs/chat/negotiate responded 200 in 0.1913 ms
2026-05-12 15:12:43.653 +07:00 [INF] HTTP GET /doi-tac responded 200 in 55.4220 ms
2026-05-12 15:12:43.877 +07:00 [INF] HTTP POST /hubs/chat/negotiate responded 200 in 0.2324 ms
2026-05-12 15:12:43.904 +07:00 [INF] HTTP GET /hubs/chat responded 101 in 701.4005 ms
2026-05-12 15:12:44.792 +07:00 [INF] HTTP GET /doi-tac/cong-ty-thuy-san-mien-tay-1 responded 200 in 39.7754 ms
2026-05-12 15:12:44.981 +07:00 [INF] HTTP POST /hubs/chat/negotiate responded 200 in 0.2060 ms
2026-05-12 15:12:45.003 +07:00 [INF] HTTP GET /hubs/chat responded 101 in 1073.7280 ms
2026-05-12 15:12:48.556 +07:00 [INF] HTTP GET /api/search/suggest responded 200 in 94.3420 ms
2026-05-12 15:12:53.710 +07:00 [INF] HTTP GET /api/search/suggest responded 200 in 16.6793 ms
2026-05-12 15:12:54.603 +07:00 [INF] HTTP GET /san-pham/may-tao-song-2-tac-dung-fanto-sc15-380v-19 responded 200 in 37.8170 ms
2026-05-12 15:12:54.850 +07:00 [INF] HTTP GET /hubs/chat responded 101 in 9827.9212 ms
2026-05-12 15:12:54.855 +07:00 [INF] HTTP POST /hubs/chat/negotiate responded 200 in 0.2487 ms
2026-05-12 15:12:56.342 +07:00 [INF] HTTP GET /dat-ngon-ngu/en responded 302 in 4.0897 ms
2026-05-12 15:12:56.377 +07:00 [INF] HTTP GET /san-pham/may-tao-song-2-tac-dung-fanto-sc15-380v-19 responded 200 in 28.1944 ms
2026-05-12 15:12:56.389 +07:00 [INF] HTTP GET /hubs/chat responded 101 in 1448.9204 ms
2026-05-12 15:12:56.597 +07:00 [INF] HTTP POST /hubs/chat/negotiate responded 200 in 0.3097 ms
2026-05-12 15:12:58.757 +07:00 [INF] HTTP GET / responded 200 in 21.8116 ms
2026-05-12 15:12:58.986 +07:00 [INF] HTTP POST /hubs/chat/negotiate responded 200 in 0.4280 ms
2026-05-12 15:12:59.032 +07:00 [INF] HTTP GET /hubs/chat responded 101 in 2425.4464 ms
2026-05-12 15:12:59.187 +07:00 [INF] HTTP GET /san-pham responded 200 in 13.8160 ms
2026-05-12 15:12:59.422 +07:00 [INF] HTTP POST /hubs/chat/negotiate responded 200 in 0.2755 ms
2026-05-12 15:12:59.455 +07:00 [INF] HTTP GET /hubs/chat responded 101 in 347.6446 ms
2026-05-12 15:12:59.759 +07:00 [INF] HTTP GET /kien-thuc responded 200 in 11.0500 ms
2026-05-12 15:12:59.980 +07:00 [INF] HTTP POST /hubs/chat/negotiate responded 200 in 0.3353 ms
2026-05-12 15:13:00.012 +07:00 [INF] HTTP GET /hubs/chat responded 101 in 537.7156 ms
2026-05-12 15:13:00.323 +07:00 [INF] HTTP GET /doi-tac responded 200 in 10.5731 ms
2026-05-12 15:13:00.568 +07:00 [INF] HTTP POST /hubs/chat/negotiate responded 200 in 0.2088 ms
2026-05-12 15:13:00.591 +07:00 [INF] HTTP GET /hubs/chat responded 101 in 553.8267 ms
2026-05-12 15:13:01.042 +07:00 [INF] HTTP GET /dat-ngon-ngu/vi responded 302 in 1.3368 ms
2026-05-12 15:13:01.057 +07:00 [INF] HTTP GET /doi-tac responded 200 in 9.8062 ms
2026-05-12 15:13:01.071 +07:00 [INF] HTTP GET /hubs/chat responded 101 in 453.9385 ms
2026-05-12 15:13:01.258 +07:00 [INF] HTTP POST /hubs/chat/negotiate responded 200 in 0.2574 ms
2026-05-12 15:13:02.573 +07:00 [INF] HTTP GET / responded 200 in 21.4383 ms
2026-05-12 15:13:02.886 +07:00 [INF] HTTP POST /hubs/chat/negotiate responded 200 in 0.5331 ms
2026-05-12 15:13:02.984 +07:00 [INF] HTTP GET /hubs/chat responded 101 in 1684.3373 ms
2026-05-12 15:13:11.308 +07:00 [INF] HTTP GET /dang-xuat responded 302 in 25.6278 ms
2026-05-12 15:13:11.341 +07:00 [INF] HTTP GET /dang-nhap responded 200 in 26.9517 ms
2026-05-12 15:13:11.347 +07:00 [INF] HTTP GET /hubs/chat responded 101 in 206697.4906 ms
2026-05-12 15:13:11.501 +07:00 [INF] HTTP POST /hubs/chat/negotiate responded 200 in 0.1210 ms
2026-05-12 15:13:16.702 +07:00 [INF] Đăng nhập thành công: admin@aquacms.com (Role: "SUPER_ADMIN")
2026-05-12 15:13:16.728 +07:00 [INF] HTTP POST /dang-nhap responded 302 in 931.9293 ms
2026-05-12 15:13:16.928 +07:00 [INF] HTTP GET /admin responded 200 in 192.7971 ms
2026-05-12 15:13:16.937 +07:00 [INF] HTTP GET /hubs/chat responded 101 in 5384.8732 ms
2026-05-12 15:13:17.144 +07:00 [INF] HTTP POST /hubs/chat/negotiate responded 200 in 0.1683 ms
2026-05-12 15:13:36.402 +07:00 [INF] HTTP GET /admin/products/create responded 200 in 90.9925 ms
2026-05-12 15:13:36.546 +07:00 [INF] HTTP GET /hubs/chat responded 101 in 19345.6423 ms
2026-05-12 15:13:36.612 +07:00 [INF] HTTP POST /hubs/chat/negotiate responded 200 in 0.1844 ms
2026-05-12 15:13:37.636 +07:00 [INF] HTTP GET /hubs/chat responded 101 in 993.5702 ms
2026-05-12 15:13:37.754 +07:00 [INF] HTTP POST /hubs/chat/negotiate responded 200 in 0.3321 ms
2026-05-12 15:13:39.262 +07:00 [INF] HTTP GET /admin/products responded 200 in 80.2701 ms
2026-05-12 15:13:39.508 +07:00 [INF] HTTP POST /hubs/chat/negotiate responded 200 in 0.1655 ms
2026-05-12 15:13:39.569 +07:00 [INF] HTTP GET /hubs/chat responded 101 in 1748.8757 ms
2026-05-12 15:13:44.019 +07:00 [INF] HTTP GET /admin/products responded 200 in 46.8508 ms
2026-05-12 15:13:44.025 +07:00 [INF] HTTP GET /hubs/chat responded 101 in 4445.5897 ms
2026-05-12 15:13:44.212 +07:00 [INF] HTTP POST /hubs/chat/negotiate responded 200 in 0.1983 ms
2026-05-12 15:13:46.091 +07:00 [INF] HTTP GET /admin/products responded 200 in 12.9282 ms
2026-05-12 15:13:46.097 +07:00 [INF] HTTP GET /hubs/chat responded 101 in 1847.1601 ms
2026-05-12 15:13:46.290 +07:00 [INF] HTTP POST /hubs/chat/negotiate responded 200 in 0.3435 ms
2026-05-12 15:13:49.160 +07:00 [INF] HTTP GET /admin/products responded 200 in 17.1010 ms
2026-05-12 15:13:49.168 +07:00 [INF] HTTP GET /hubs/chat responded 101 in 2839.1184 ms
2026-05-12 15:13:49.372 +07:00 [INF] HTTP POST /hubs/chat/negotiate responded 200 in 0.3270 ms
2026-05-12 15:14:07.601 +07:00 [INF] HTTP GET /admin/products/edit/e5d1e900-9660-49f9-b970-e6b027390dec responded 200 in 51.8368 ms
2026-05-12 15:14:07.608 +07:00 [INF] HTTP GET /hubs/chat responded 101 in 18168.0911 ms
2026-05-12 15:14:07.889 +07:00 [INF] HTTP POST /hubs/chat/negotiate responded 200 in 0.2108 ms
2026-05-12 15:14:09.646 +07:00 [INF] HTTP GET /admin/products responded 200 in 16.3844 ms
2026-05-12 15:14:09.651 +07:00 [INF] HTTP GET /hubs/chat responded 101 in 1691.2750 ms
2026-05-12 15:14:09.861 +07:00 [INF] HTTP POST /hubs/chat/negotiate responded 200 in 0.2413 ms
2026-05-12 15:14:13.707 +07:00 [INF] HTTP GET /admin/products/create responded 200 in 8.0055 ms
2026-05-12 15:14:13.713 +07:00 [INF] HTTP GET /hubs/chat responded 101 in 3774.0681 ms
2026-05-12 15:14:13.963 +07:00 [INF] HTTP POST /hubs/chat/negotiate responded 200 in 0.4019 ms
2026-05-12 15:15:01.677 +07:00 [INF] HTTP GET /admin/products/ád responded 404 in 0.8922 ms
2026-05-12 15:15:01.677 +07:00 [INF] HTTP GET /admin/products/a responded 404 in 53.5632 ms
2026-05-12 15:15:01.677 +07:00 [INF] HTTP GET /admin/products/a· responded 404 in 52.5041 ms
2026-05-12 15:15:01.677 +07:00 [INF] HTTP GET /admin/products/á responded 404 in 42.3637 ms
2026-05-12 15:15:01.767 +07:00 [INF] HTTP GET /admin/products/áda responded 404 in 0.9729 ms
2026-05-12 15:15:01.770 +07:00 [INF] HTTP GET /admin/products/ádas responded 404 in 1.0933 ms
2026-05-12 15:15:01.830 +07:00 [INF] HTTP GET /admin/products/ádasd responded 404 in 0.9513 ms
2026-05-12 15:15:01.896 +07:00 [INF] HTTP GET /admin/products/ádasda responded 404 in 0.9679 ms
2026-05-12 15:15:01.896 +07:00 [INF] HTTP GET /admin/products/ádasdas responded 404 in 0.9192 ms
2026-05-12 15:15:02.039 +07:00 [INF] HTTP GET /admin/products/ádasdasa responded 404 in 0.8949 ms
2026-05-12 15:15:02.043 +07:00 [INF] HTTP GET /admin/products/ádasdasas responded 404 in 1.0345 ms
2026-05-12 15:15:02.043 +07:00 [INF] HTTP GET /admin/products/ádasdasasd responded 404 in 0.9280 ms
2026-05-12 15:15:04.645 +07:00 [INF] HTTP GET /admin/products/= responded 404 in 0.9620 ms
2026-05-12 15:15:05.106 +07:00 [INF] HTTP GET /admin/products/== responded 404 in 5.2644 ms
2026-05-12 15:15:05.252 +07:00 [INF] HTTP GET /admin/products/=== responded 404 in 0.9770 ms
2026-05-12 15:15:05.758 +07:00 [INF] HTTP GET /admin/products/== responded 404 in 0.9517 ms
2026-05-12 15:15:05.885 +07:00 [INF] HTTP GET /admin/products/= responded 404 in 0.8611 ms
2026-05-12 15:15:25.750 +07:00 [INF] HTTP GET /hubs/chat responded 101 in 71741.1716 ms
2026-05-12 15:15:25.752 +07:00 [INF] HTTP GET /hubs/chat responded 101 in 142755.6881 ms
2026-05-12 15:15:25.754 +07:00 [INF] HTTP POST /hubs/chat/negotiate responded 200 in 0.2010 ms
2026-05-12 15:15:25.755 +07:00 [INF] HTTP POST /hubs/chat/negotiate responded 200 in 0.2459 ms
2026-05-12 16:24:09.539 +07:00 [INF] HTTP GET /admin responded 200 in 1979.4769 ms
2026-05-12 16:24:09.957 +07:00 [INF] HTTP POST /hubs/chat/negotiate responded 200 in 9.4255 ms
2026-05-12 16:24:17.962 +07:00 [INF] HTTP GET /admin/categories responded 200 in 231.9332 ms
2026-05-12 16:24:18.187 +07:00 [INF] HTTP POST /hubs/chat/negotiate responded 200 in 1.0640 ms
2026-05-12 16:24:18.259 +07:00 [INF] HTTP GET /hubs/chat responded 101 in 8196.2240 ms
2026-05-12 16:24:19.567 +07:00 [INF] HTTP GET /admin/products responded 200 in 204.4221 ms
2026-05-12 16:24:19.576 +07:00 [INF] HTTP GET /hubs/chat responded 101 in 1320.3082 ms
2026-05-12 16:24:19.760 +07:00 [INF] HTTP POST /hubs/chat/negotiate responded 200 in 0.5511 ms
2026-05-12 16:24:20.774 +07:00 [INF] HTTP GET /admin/products/edit/41fc5308-7aa8-4e52-83e2-95e355739baf responded 200 in 173.2374 ms
2026-05-12 16:24:20.781 +07:00 [INF] HTTP GET /hubs/chat responded 101 in 952.6622 ms
2026-05-12 16:24:21.034 +07:00 [INF] HTTP POST /hubs/chat/negotiate responded 200 in 0.6974 ms
2026-05-12 16:24:33.773 +07:00 [INF] HTTP GET /admin responded 200 in 46.6008 ms
2026-05-12 16:24:33.781 +07:00 [INF] HTTP GET /hubs/chat responded 101 in 12664.5527 ms
2026-05-12 16:24:33.973 +07:00 [INF] HTTP POST /hubs/chat/negotiate responded 200 in 0.6010 ms
2026-05-12 16:43:57.972 +07:00 [INF] HTTP GET /danh-muc/may-tron-cam responded 200 in 392.0889 ms
2026-05-12 16:43:58.069 +07:00 [INF] HTTP POST /hubs/chat/negotiate responded 200 in 0.3890 ms
2026-05-12 16:44:02.201 +07:00 [INF] HTTP GET /san-pham/may-tron-cam-fanto-3b-100l-11 responded 200 in 113.3898 ms
2026-05-12 16:44:02.443 +07:00 [INF] HTTP GET /hubs/chat responded 101 in 4328.5304 ms
2026-05-12 16:44:02.449 +07:00 [INF] HTTP POST /hubs/chat/negotiate responded 200 in 0.5009 ms
2026-05-12 16:44:11.070 +07:00 [INF] HTTP GET /san-pham/may-tron-cam-fanto-2b-75l-10 responded 200 in 27.0690 ms
2026-05-12 16:44:11.305 +07:00 [INF] HTTP GET /hubs/chat responded 101 in 8769.5337 ms
2026-05-12 16:44:11.311 +07:00 [INF] HTTP POST /hubs/chat/negotiate responded 200 in 0.3753 ms
2026-05-12 16:44:18.802 +07:00 [INF] HTTP GET /kien-thuc responded 200 in 182.3235 ms
2026-05-12 16:44:18.954 +07:00 [INF] HTTP POST /hubs/chat/negotiate responded 200 in 0.4674 ms
2026-05-12 16:44:18.988 +07:00 [INF] HTTP GET /hubs/chat responded 101 in 7597.7403 ms
2026-05-12 16:44:20.719 +07:00 [INF] HTTP GET /kien-thuc/5-buoc-chuan-bi-ao-nuoi-tom-dat-chuan-1 responded 200 in 60.4477 ms
2026-05-12 16:44:20.939 +07:00 [INF] HTTP POST /hubs/chat/negotiate responded 200 in 0.5518 ms
2026-05-12 16:44:20.959 +07:00 [INF] HTTP GET /hubs/chat responded 101 in 1945.3395 ms
2026-05-12 16:44:26.595 +07:00 [INF] HTTP GET /doi-tac responded 200 in 164.1804 ms
2026-05-12 16:44:26.820 +07:00 [INF] HTTP POST /hubs/chat/negotiate responded 200 in 0.6739 ms
2026-05-12 16:44:26.854 +07:00 [INF] HTTP GET /hubs/chat responded 101 in 5873.6963 ms
2026-05-12 16:44:27.802 +07:00 [INF] HTTP GET /doi-tac/cong-ty-thuy-san-mien-tay-1 responded 200 in 42.6278 ms
2026-05-12 16:44:28.009 +07:00 [INF] HTTP POST /hubs/chat/negotiate responded 200 in 0.6052 ms
2026-05-12 16:44:28.040 +07:00 [INF] HTTP GET /hubs/chat responded 101 in 1165.6378 ms
2026-05-12 16:44:31.920 +07:00 [INF] HTTP GET /gio-hang responded 200 in 37.3969 ms
2026-05-12 16:44:32.119 +07:00 [INF] HTTP POST /hubs/chat/negotiate responded 200 in 0.3414 ms
2026-05-12 16:44:32.143 +07:00 [INF] HTTP GET /hubs/chat responded 101 in 4087.4070 ms
2026-05-12 16:44:35.328 +07:00 [INF] HTTP GET /san-pham responded 200 in 71.3598 ms
2026-05-12 16:44:35.619 +07:00 [INF] HTTP POST /hubs/chat/negotiate responded 200 in 0.4278 ms
2026-05-12 16:44:35.648 +07:00 [INF] HTTP GET /hubs/chat responded 101 in 3458.7852 ms
2026-05-12 16:44:36.164 +07:00 [INF] HTTP GET /san-pham/bom-chim-inox-fanto-4kw-17 responded 200 in 22.5533 ms
2026-05-12 16:44:36.415 +07:00 [INF] HTTP GET /hubs/chat responded 101 in 738.7714 ms
2026-05-12 16:44:36.421 +07:00 [INF] HTTP POST /hubs/chat/negotiate responded 200 in 0.2099 ms
2026-05-12 16:44:38.518 +07:00 [INF] HTTP GET /gio-hang responded 200 in 1.0666 ms
2026-05-12 16:44:38.687 +07:00 [INF] HTTP POST /hubs/chat/negotiate responded 200 in 0.3880 ms
2026-05-12 16:44:38.708 +07:00 [INF] HTTP GET /hubs/chat responded 101 in 2199.3981 ms
2026-05-12 16:44:48.126 +07:00 [INF] HTTP GET /api/search/suggest responded 200 in 110.4900 ms
2026-05-12 16:44:48.653 +07:00 [INF] HTTP GET /api/search/suggest responded 200 in 15.9147 ms
2026-05-12 16:44:49.831 +07:00 [INF] HTTP GET /san-pham/may-cho-ca-an-2-bao-nhua-fanto-13 responded 200 in 37.8367 ms
2026-05-12 16:44:50.042 +07:00 [INF] HTTP GET /hubs/chat responded 101 in 11295.8992 ms
2026-05-12 16:44:50.049 +07:00 [INF] HTTP POST /hubs/chat/negotiate responded 200 in 0.3682 ms
2026-05-12 16:44:57.115 +07:00 [INF] HTTP GET /gio-hang responded 200 in 0.9373 ms
2026-05-12 16:44:57.261 +07:00 [INF] HTTP POST /hubs/chat/negotiate responded 200 in 0.4039 ms
2026-05-12 16:44:57.283 +07:00 [INF] HTTP GET /hubs/chat responded 101 in 7143.8942 ms
2026-05-12 16:45:00.324 +07:00 [INF] HTTP GET /dat-ngon-ngu/en responded 302 in 3.7355 ms
2026-05-12 16:45:00.332 +07:00 [INF] HTTP GET /gio-hang responded 200 in 0.8182 ms
2026-05-12 16:45:00.346 +07:00 [INF] HTTP GET /hubs/chat responded 101 in 3016.2028 ms
2026-05-12 16:45:00.542 +07:00 [INF] HTTP POST /hubs/chat/negotiate responded 200 in 0.3564 ms
2026-05-12 16:45:04.134 +07:00 [INF] HTTP GET / responded 200 in 204.9234 ms
2026-05-12 16:45:04.372 +07:00 [INF] HTTP POST /hubs/chat/negotiate responded 200 in 0.2695 ms
2026-05-12 16:45:04.428 +07:00 [INF] HTTP GET /hubs/chat responded 101 in 3808.2931 ms
2026-05-12 16:45:06.014 +07:00 [INF] HTTP GET /dat-ngon-ngu/vi responded 302 in 0.8124 ms
2026-05-12 16:45:06.046 +07:00 [INF] HTTP GET / responded 200 in 23.8132 ms
2026-05-12 16:45:06.060 +07:00 [INF] HTTP GET /hubs/chat responded 101 in 1537.3776 ms
2026-05-12 16:45:06.342 +07:00 [INF] HTTP POST /hubs/chat/negotiate responded 200 in 0.1979 ms
2026-05-12 16:45:10.306 +07:00 [INF] HTTP GET /danh-muc/may-tron-cam responded 200 in 17.3167 ms
2026-05-12 16:45:10.500 +07:00 [INF] HTTP POST /hubs/chat/negotiate responded 200 in 0.2543 ms
2026-05-12 16:45:10.529 +07:00 [INF] HTTP GET /hubs/chat responded 101 in 4130.2637 ms
2026-05-12 16:45:15.290 +07:00 [INF] HTTP GET /dang-xuat responded 302 in 28.1769 ms
2026-05-12 16:45:15.323 +07:00 [INF] HTTP GET /dang-nhap responded 200 in 24.9529 ms
2026-05-12 16:45:15.365 +07:00 [INF] HTTP GET /hubs/chat responded 101 in 1241311.6094 ms
2026-05-12 16:45:15.621 +07:00 [INF] HTTP POST /hubs/chat/negotiate responded 200 in 0.2067 ms
2026-05-12 16:45:19.819 +07:00 [INF] Đăng nhập thành công: admin@aquacms.com (Role: "SUPER_ADMIN")
2026-05-12 16:45:19.845 +07:00 [INF] HTTP POST /dang-nhap responded 302 in 1231.4314 ms
2026-05-12 16:45:19.901 +07:00 [INF] HTTP GET /admin responded 200 in 47.2901 ms
2026-05-12 16:45:19.910 +07:00 [INF] HTTP GET /hubs/chat responded 101 in 4241.8141 ms
2026-05-12 16:45:20.164 +07:00 [INF] HTTP POST /hubs/chat/negotiate responded 200 in 0.5506 ms
2026-05-12 16:45:40.246 +07:00 [INF] HTTP GET /admin/products responded 200 in 21.8788 ms
2026-05-12 16:45:40.301 +07:00 [INF] HTTP GET /hubs/chat responded 101 in 20080.7283 ms
2026-05-12 16:45:40.466 +07:00 [INF] HTTP POST /hubs/chat/negotiate responded 200 in 0.2240 ms
2026-05-12 16:45:46.830 +07:00 [INF] HTTP GET /admin/products responded 200 in 38.9647 ms
2026-05-12 16:45:46.832 +07:00 [INF] HTTP GET /hubs/chat responded 101 in 6288.7980 ms
2026-05-12 16:45:46.996 +07:00 [INF] HTTP POST /hubs/chat/negotiate responded 200 in 0.2870 ms
2026-05-12 16:45:48.246 +07:00 [INF] HTTP GET /admin/products/edit/54c129cb-a71b-40ed-a22e-691ea6ce19b0 responded 200 in 15.0233 ms
2026-05-12 16:45:48.254 +07:00 [INF] HTTP GET /hubs/chat responded 101 in 1166.8905 ms
2026-05-12 16:45:48.435 +07:00 [INF] HTTP POST /hubs/chat/negotiate responded 200 in 0.2195 ms
2026-05-12 16:46:00.730 +07:00 [INF] HTTP GET /admin/products responded 200 in 15.3712 ms
2026-05-12 16:46:00.757 +07:00 [INF] HTTP GET /hubs/chat responded 101 in 12259.3112 ms
2026-05-12 16:46:00.872 +07:00 [INF] HTTP POST /hubs/chat/negotiate responded 200 in 0.4210 ms
2026-05-12 16:46:02.261 +07:00 [INF] HTTP GET /admin/products/create responded 200 in 20.1005 ms
2026-05-12 16:46:02.270 +07:00 [INF] HTTP GET /hubs/chat responded 101 in 1316.5809 ms
2026-05-12 16:46:02.491 +07:00 [INF] HTTP POST /hubs/chat/negotiate responded 200 in 0.2529 ms
2026-05-12 16:46:41.001 +07:00 [INF] Upload thành công: /uploads/products/426b80ce0012431499a0a98065f5dbc7.png (142501 bytes)
2026-05-12 16:46:41.020 +07:00 [INF] HTTP POST /admin/api/upload responded 200 in 79.2107 ms
2026-05-12 16:46:41.052 +07:00 [INF] HTTP GET /uploads/products/426b80ce0012431499a0a98065f5dbc7.png responded 200 in 24.2718 ms
2026-05-12 16:46:50.272 +07:00 [INF] Upload thành công: /uploads/products/23e9fe1e99af4556a4d949cc5604b85d.png (59135 bytes)
2026-05-12 16:46:50.276 +07:00 [INF] HTTP POST /admin/api/upload responded 200 in 7.6741 ms
2026-05-12 16:46:50.292 +07:00 [INF] HTTP GET /uploads/products/23e9fe1e99af4556a4d949cc5604b85d.png responded 200 in 5.6418 ms
2026-05-12 16:47:14.555 +07:00 [INF] Upload thành công: /uploads/products/a4eef6d0fb364d81a6cd93d66a319734.png (142501 bytes)
2026-05-12 16:47:14.557 +07:00 [INF] HTTP POST /admin/api/upload responded 200 in 8.0497 ms
2026-05-12 16:47:14.571 +07:00 [INF] HTTP GET /uploads/products/a4eef6d0fb364d81a6cd93d66a319734.png responded 200 in 6.3220 ms
2026-05-12 16:54:23.782 +07:00 [INF] HTTP GET /hubs/chat responded 101 in 503736.1307 ms
2026-05-12 16:54:23.782 +07:00 [INF] HTTP GET /hubs/chat responded 101 in 555708.7717 ms
2026-05-12 16:54:23.786 +07:00 [INF] HTTP POST /hubs/chat/negotiate responded 200 in 0.2915 ms
2026-05-12 16:54:23.789 +07:00 [INF] HTTP POST /hubs/chat/negotiate responded 200 in 0.2606 ms
2026-05-12 16:54:52.335 +07:00 [INF] HTTP POST /hubs/chat/negotiate responded 200 in 56.9236 ms
2026-05-12 16:54:52.335 +07:00 [INF] HTTP POST /hubs/chat/negotiate responded 200 in 56.0875 ms
2026-05-12 16:55:03.258 +07:00 [INF] HTTP GET /admin/products/create responded 200 in 2559.3961 ms
2026-05-12 16:55:03.273 +07:00 [INF] HTTP GET /hubs/chat responded 101 in 10933.1376 ms
2026-05-12 16:55:03.559 +07:00 [INF] HTTP POST /hubs/chat/negotiate responded 200 in 0.8048 ms
2026-05-12 16:55:15.783 +07:00 [INF] Upload thành công: /uploads/products/b6dfe7c3841749f29ad30b317d28e3a4.png (191592 bytes)
2026-05-12 16:55:15.797 +07:00 [INF] HTTP POST /admin/api/upload responded 200 in 83.3568 ms
2026-05-12 16:55:15.825 +07:00 [INF] HTTP GET /uploads/products/b6dfe7c3841749f29ad30b317d28e3a4.png responded 200 in 19.3907 ms
2026-05-12 16:55:35.883 +07:00 [INF] Tạo sản phẩm mới: 1 (ID: "1c4b06e4-2814-47a8-8646-c177ec6581c4")
2026-05-12 16:55:35.958 +07:00 [INF] HTTP POST /admin/products/create responded 302 in 475.5629 ms
2026-05-12 16:55:36.156 +07:00 [INF] HTTP GET /admin/Products responded 200 in 189.9119 ms
2026-05-12 16:55:36.163 +07:00 [INF] HTTP GET /hubs/chat responded 101 in 32576.3368 ms
2026-05-12 16:55:36.311 +07:00 [INF] HTTP POST /hubs/chat/negotiate responded 200 in 0.5551 ms
2026-05-12 16:55:42.762 +07:00 [INF] HTTP GET /admin/products/edit/1c4b06e4-2814-47a8-8646-c177ec6581c4 responded 200 in 75.0365 ms
2026-05-12 16:55:42.771 +07:00 [INF] HTTP GET /hubs/chat responded 101 in 6402.1235 ms
2026-05-12 16:55:42.998 +07:00 [INF] HTTP POST /hubs/chat/negotiate responded 200 in 0.4390 ms
2026-05-12 16:55:43.036 +07:00 [INF] HTTP GET /uploads/products/b6dfe7c3841749f29ad30b317d28e3a4.png responded 304 in 1.9966 ms
2026-05-12 16:55:50.392 +07:00 [INF] HTTP GET / responded 200 in 348.9909 ms
2026-05-12 16:55:50.580 +07:00 [INF] HTTP POST /hubs/chat/negotiate responded 200 in 0.4335 ms
2026-05-12 16:55:50.625 +07:00 [INF] HTTP GET /hubs/chat responded 101 in 58234.1879 ms
2026-05-12 16:55:57.903 +07:00 [INF] HTTP GET /san-pham/1-50 responded 200 in 160.8157 ms
2026-05-12 16:55:58.163 +07:00 [INF] HTTP GET /hubs/chat responded 101 in 7525.4362 ms
2026-05-12 16:55:58.172 +07:00 [INF] HTTP POST /hubs/chat/negotiate responded 200 in 0.4880 ms
2026-05-12 16:55:58.217 +07:00 [INF] HTTP GET /uploads/products/b6dfe7c3841749f29ad30b317d28e3a4.png responded 304 in 0.9327 ms
2026-05-12 16:56:02.723 +07:00 [INF] HTTP GET /admin/products responded 200 in 14.9307 ms
2026-05-12 16:56:02.729 +07:00 [INF] HTTP GET /hubs/chat responded 101 in 19660.8814 ms
2026-05-12 16:56:02.888 +07:00 [INF] HTTP POST /hubs/chat/negotiate responded 200 in 0.5446 ms
2026-05-12 16:56:04.835 +07:00 [INF] Xóa sản phẩm: 1 (ID: "1c4b06e4-2814-47a8-8646-c177ec6581c4")
2026-05-12 16:56:04.846 +07:00 [INF] HTTP POST /admin/products/delete/1c4b06e4-2814-47a8-8646-c177ec6581c4 responded 302 in 91.8056 ms
2026-05-12 16:56:04.880 +07:00 [INF] HTTP GET /admin/Products responded 200 in 24.3099 ms
2026-05-12 16:56:04.889 +07:00 [INF] HTTP GET /hubs/chat responded 101 in 1919.5359 ms
2026-05-12 16:56:05.131 +07:00 [INF] HTTP POST /hubs/chat/negotiate responded 200 in 0.6955 ms
2026-05-12 16:57:41.614 +07:00 [INF] HTTP GET /admin responded 200 in 206.2293 ms
2026-05-12 16:57:41.624 +07:00 [INF] HTTP GET /hubs/chat responded 101 in 96438.8567 ms
2026-05-12 16:57:41.845 +07:00 [INF] HTTP POST /hubs/chat/negotiate responded 200 in 0.6319 ms
2026-05-12 16:57:43.094 +07:00 [INF] HTTP GET /dang-xuat responded 302 in 14.2259 ms
2026-05-12 16:57:43.130 +07:00 [INF] HTTP GET /dang-nhap responded 200 in 27.4959 ms
2026-05-12 16:57:43.160 +07:00 [INF] HTTP GET /hubs/chat responded 101 in 1230.6519 ms
2026-05-12 16:57:43.268 +07:00 [INF] HTTP POST /hubs/chat/negotiate responded 200 in 0.4785 ms
2026-05-12 16:57:45.914 +07:00 [INF] HTTP GET / responded 200 in 28.0142 ms
2026-05-12 16:57:46.228 +07:00 [INF] HTTP POST /hubs/chat/negotiate responded 200 in 0.4783 ms
2026-05-12 16:57:46.280 +07:00 [INF] HTTP GET /hubs/chat responded 101 in 107985.8625 ms
2026-05-12 16:59:30.801 +07:00 [INF] HTTP GET /danh-muc/sieu-oxy-fanto responded 200 in 111.5163 ms
2026-05-12 16:59:31.059 +07:00 [INF] HTTP POST /hubs/chat/negotiate responded 200 in 0.4620 ms
2026-05-12 16:59:31.091 +07:00 [INF] HTTP GET /hubs/chat responded 101 in 104793.4244 ms
2026-05-12 16:59:35.475 +07:00 [INF] HTTP GET /danh-muc/bom-mua responded 200 in 62.6903 ms
2026-05-12 16:59:35.799 +07:00 [INF] HTTP POST /hubs/chat/negotiate responded 200 in 0.2347 ms
2026-05-12 16:59:35.829 +07:00 [INF] HTTP GET /hubs/chat responded 101 in 4707.5645 ms
2026-05-12 16:59:37.025 +07:00 [INF] HTTP GET /danh-muc/tao-song-2-tac-dung responded 200 in 24.4098 ms
2026-05-12 16:59:37.251 +07:00 [INF] HTTP POST /hubs/chat/negotiate responded 200 in 0.5937 ms
2026-05-12 16:59:37.286 +07:00 [INF] HTTP GET /hubs/chat responded 101 in 1430.6864 ms
2026-05-12 16:59:37.747 +07:00 [INF] HTTP GET /san-pham/may-tao-song-2-tac-dung-fanto-sc15-380v-19 responded 200 in 27.6460 ms
2026-05-12 16:59:37.981 +07:00 [INF] HTTP GET /hubs/chat responded 101 in 659.2013 ms
2026-05-12 16:59:37.988 +07:00 [INF] HTTP POST /hubs/chat/negotiate responded 200 in 0.1921 ms
2026-05-12 16:59:49.649 +07:00 [INF] HTTP GET /san-pham/may-tao-song-2-tac-dung-fanto-sc15-220v-28 responded 200 in 52.2642 ms
2026-05-12 16:59:49.898 +07:00 [INF] HTTP GET /hubs/chat responded 101 in 11827.4075 ms
2026-05-12 16:59:49.906 +07:00 [INF] HTTP POST /hubs/chat/negotiate responded 200 in 0.3885 ms
2026-05-12 16:59:56.378 +07:00 [INF] HTTP GET /gio-hang responded 200 in 27.0548 ms
2026-05-12 16:59:56.562 +07:00 [INF] HTTP POST /hubs/chat/negotiate responded 200 in 0.6381 ms
2026-05-12 16:59:56.603 +07:00 [INF] HTTP GET /hubs/chat responded 101 in 6617.7845 ms
2026-05-12 17:00:09.125 +07:00 [INF] HTTP GET /hubs/chat responded 101 in 12464.3821 ms
2026-05-12 17:00:09.130 +07:00 [INF] HTTP POST /hubs/chat/negotiate responded 200 in 0.1818 ms
2026-05-12 17:00:11.757 +07:00 [INF] HTTP GET /kien-thuc responded 200 in 150.4757 ms
2026-05-12 17:00:11.961 +07:00 [INF] HTTP POST /hubs/chat/negotiate responded 200 in 0.2217 ms
2026-05-12 17:00:11.992 +07:00 [INF] HTTP GET /hubs/chat responded 101 in 2767.0410 ms
2026-05-12 17:00:13.017 +07:00 [INF] HTTP GET /kien-thuc/5-buoc-chuan-bi-ao-nuoi-tom-dat-chuan-1 responded 200 in 67.4657 ms
2026-05-12 17:00:13.188 +07:00 [INF] HTTP POST /hubs/chat/negotiate responded 200 in 0.1758 ms
2026-05-12 17:00:13.215 +07:00 [INF] HTTP GET /hubs/chat responded 101 in 1199.3083 ms
2026-05-12 17:00:18.722 +07:00 [INF] HTTP GET /doi-tac responded 200 in 189.4966 ms
2026-05-12 17:00:18.946 +07:00 [INF] HTTP POST /hubs/chat/negotiate responded 200 in 0.3073 ms
2026-05-12 17:00:18.979 +07:00 [INF] HTTP GET /hubs/chat responded 101 in 5747.0021 ms
2026-05-12 17:00:20.371 +07:00 [INF] HTTP GET /doi-tac/cong-ty-thuy-san-mien-tay-1 responded 200 in 48.2283 ms
2026-05-12 17:00:20.575 +07:00 [INF] HTTP POST /hubs/chat/negotiate responded 200 in 0.2856 ms
2026-05-12 17:00:20.598 +07:00 [INF] HTTP GET /hubs/chat responded 101 in 1599.2139 ms
2026-05-12 17:00:31.293 +07:00 [INF] HTTP GET /api/search/suggest responded 200 in 103.8937 ms
2026-05-12 17:00:32.985 +07:00 [INF] HTTP GET /api/search/suggest responded 200 in 16.2053 ms
2026-05-12 17:00:35.156 +07:00 [INF] HTTP GET /api/search/suggest responded 200 in 19.9315 ms
2026-05-12 17:00:36.846 +07:00 [INF] HTTP GET /san-pham/may-tao-song-2-tac-dung-fanto-sc15-380v-19 responded 200 in 26.3590 ms
2026-05-12 17:00:37.112 +07:00 [INF] HTTP GET /hubs/chat responded 101 in 16494.6783 ms
2026-05-12 17:00:37.121 +07:00 [INF] HTTP POST /hubs/chat/negotiate responded 200 in 0.2666 ms
2026-05-12 17:00:48.291 +07:00 [INF] Đăng nhập thành công: admin@aquacms.com (Role: "SUPER_ADMIN")
2026-05-12 17:00:48.318 +07:00 [INF] HTTP POST /dang-nhap responded 302 in 978.9385 ms
2026-05-12 17:00:48.372 +07:00 [INF] HTTP GET /admin responded 200 in 46.9107 ms
2026-05-12 17:00:48.380 +07:00 [INF] HTTP GET /hubs/chat responded 101 in 185065.1596 ms
2026-05-12 17:00:48.640 +07:00 [INF] HTTP POST /hubs/chat/negotiate responded 200 in 0.3391 ms
2026-05-12 17:01:14.262 +07:00 [INF] HTTP GET /san-pham responded 200 in 63.4017 ms
2026-05-12 17:01:14.577 +07:00 [INF] HTTP POST /hubs/chat/negotiate responded 200 in 0.1919 ms
2026-05-12 17:01:15.469 +07:00 [INF] HTTP GET /hubs/chat responded 101 in 848.5808 ms
2026-05-12 17:01:19.780 +07:00 [INF] HTTP GET /kien-thuc/5-buoc-chuan-bi-ao-nuoi-tom-dat-chuan-1 responded 200 in 9.6371 ms
2026-05-12 17:01:19.812 +07:00 [ERR] Failed executing DbCommand (14ms) [Parameters=[@p0='?' (DbType = Guid)], CommandType='"Text"', CommandTimeout='30']
UPDATE posts SET view_count = view_count + 1 WHERE id = @p0
2026-05-12 17:01:23.829 +07:00 [INF] HTTP GET /san-pham/may-tron-cam-fanto-1b-50l-9 responded 200 in 28.4510 ms
2026-05-12 17:01:24.161 +07:00 [INF] HTTP POST /hubs/chat/negotiate responded 200 in 0.2357 ms
2026-05-12 17:01:25.055 +07:00 [INF] HTTP GET /hubs/chat responded 101 in 822.2700 ms
2026-05-12 17:01:26.763 +07:00 [INF] HTTP GET /admin/products responded 200 in 20.2394 ms
2026-05-12 17:01:26.846 +07:00 [INF] HTTP GET /hubs/chat responded 101 in 38144.3087 ms
2026-05-12 17:01:27.051 +07:00 [INF] HTTP POST /hubs/chat/negotiate responded 200 in 0.3017 ms
2026-05-12 17:01:33.052 +07:00 [INF] HTTP GET /admin/products responded 200 in 37.7764 ms
2026-05-12 17:01:33.061 +07:00 [INF] HTTP GET /hubs/chat responded 101 in 5925.6348 ms
2026-05-12 17:01:33.266 +07:00 [INF] HTTP POST /hubs/chat/negotiate responded 200 in 0.4313 ms
2026-05-12 17:01:40.530 +07:00 [INF] HTTP GET /admin/products/create responded 200 in 11.0521 ms
2026-05-12 17:01:40.540 +07:00 [INF] HTTP GET /hubs/chat responded 101 in 7205.8570 ms
2026-05-12 17:01:40.864 +07:00 [INF] HTTP POST /hubs/chat/negotiate responded 200 in 0.2914 ms
2026-05-12 17:02:32.217 +07:00 [INF] Upload thành công: /uploads/products/3c0bea8ab01e471fa08daecddafa0e21.png (142501 bytes)
2026-05-12 17:02:32.220 +07:00 [INF] HTTP POST /admin/api/upload responded 200 in 9.6578 ms
2026-05-12 17:02:32.231 +07:00 [INF] HTTP GET /uploads/products/3c0bea8ab01e471fa08daecddafa0e21.png responded 200 in 2.2066 ms
2026-05-12 17:02:58.305 +07:00 [INF] Upload thành công: /uploads/products/825f7b225169497a884f07353450b863.jpg (146734 bytes)
2026-05-12 17:02:58.326 +07:00 [INF] Tạo sản phẩm mới: sản phẩm test (ID: "4c99da55-0197-4e9d-a2ac-ce6cf61d8928")
2026-05-12 17:02:58.335 +07:00 [INF] HTTP POST /admin/products/create responded 302 in 38.5607 ms
2026-05-12 17:02:58.359 +07:00 [INF] HTTP GET /admin/Products responded 200 in 15.5121 ms
2026-05-12 17:02:58.367 +07:00 [INF] HTTP GET /hubs/chat responded 101 in 77464.0707 ms
2026-05-12 17:02:58.652 +07:00 [INF] HTTP POST /hubs/chat/negotiate responded 200 in 0.2239 ms
2026-05-12 17:03:00.520 +07:00 [INF] HTTP GET /admin/products/edit/4c99da55-0197-4e9d-a2ac-ce6cf61d8928 responded 200 in 12.1624 ms
2026-05-12 17:03:00.529 +07:00 [INF] HTTP GET /hubs/chat responded 101 in 1815.1861 ms
2026-05-12 17:03:00.556 +07:00 [INF] HTTP GET /uploads/products/825f7b225169497a884f07353450b863.jpg responded 200 in 1.0962 ms
2026-05-12 17:03:00.880 +07:00 [INF] HTTP POST /hubs/chat/negotiate responded 200 in 0.2483 ms
2026-05-12 17:03:00.919 +07:00 [INF] HTTP GET /uploads/products/3c0bea8ab01e471fa08daecddafa0e21.png responded 304 in 0.3106 ms
2026-05-12 17:03:03.766 +07:00 [INF] HTTP GET / responded 200 in 29.0145 ms
2026-05-12 17:03:04.111 +07:00 [INF] HTTP GET /uploads/products/825f7b225169497a884f07353450b863.jpg responded 304 in 1.1809 ms
2026-05-12 17:03:04.117 +07:00 [INF] HTTP POST /hubs/chat/negotiate responded 200 in 0.3878 ms
2026-05-12 17:03:04.176 +07:00 [INF] HTTP GET /hubs/chat responded 101 in 146966.5484 ms
2026-05-12 17:03:07.461 +07:00 [INF] HTTP GET /san-pham/san-pham-test-51 responded 200 in 26.8626 ms
2026-05-12 17:03:07.491 +07:00 [INF] HTTP GET /uploads/products/825f7b225169497a884f07353450b863.jpg responded 304 in 1.0610 ms
2026-05-12 17:03:07.663 +07:00 [INF] HTTP GET /hubs/chat responded 101 in 3411.3832 ms
2026-05-12 17:03:07.670 +07:00 [INF] HTTP POST /hubs/chat/negotiate responded 200 in 0.3861 ms
2026-05-12 17:03:07.711 +07:00 [INF] HTTP GET /uploads/products/3c0bea8ab01e471fa08daecddafa0e21.png responded 304 in 0.3567 ms
2026-05-12 17:03:28.326 +07:00 [INF] HTTP GET /admin/products responded 200 in 14.9686 ms
2026-05-12 17:03:28.333 +07:00 [INF] HTTP GET /hubs/chat responded 101 in 27375.1526 ms
2026-05-12 17:03:28.580 +07:00 [INF] HTTP POST /hubs/chat/negotiate responded 200 in 0.4200 ms
2026-05-12 17:03:29.911 +07:00 [INF] HTTP GET /admin/products/edit/4c99da55-0197-4e9d-a2ac-ce6cf61d8928 responded 200 in 12.2036 ms
2026-05-12 17:03:29.918 +07:00 [INF] HTTP GET /hubs/chat responded 101 in 1262.0086 ms
2026-05-12 17:03:29.942 +07:00 [INF] HTTP GET /uploads/products/825f7b225169497a884f07353450b863.jpg responded 304 in 0.2685 ms
2026-05-12 17:03:30.185 +07:00 [INF] HTTP POST /hubs/chat/negotiate responded 200 in 0.2192 ms
2026-05-12 17:03:30.221 +07:00 [INF] HTTP GET /uploads/products/3c0bea8ab01e471fa08daecddafa0e21.png responded 304 in 0.4213 ms
2026-05-12 17:03:31.530 +07:00 [INF] HTTP GET /admin/products responded 200 in 16.0067 ms
2026-05-12 17:03:31.537 +07:00 [INF] HTTP GET /hubs/chat responded 101 in 1276.9186 ms
2026-05-12 17:03:31.712 +07:00 [INF] HTTP POST /hubs/chat/negotiate responded 200 in 0.1855 ms
2026-05-12 17:03:33.481 +07:00 [INF] Đã xóa file: /uploads/products/825f7b225169497a884f07353450b863.jpg
2026-05-12 17:03:33.506 +07:00 [INF] Xóa sản phẩm: sản phẩm test (ID: "4c99da55-0197-4e9d-a2ac-ce6cf61d8928")
2026-05-12 17:03:33.513 +07:00 [INF] HTTP POST /admin/products/delete/4c99da55-0197-4e9d-a2ac-ce6cf61d8928 responded 302 in 38.3432 ms
2026-05-12 17:03:33.540 +07:00 [INF] HTTP GET /admin/Products responded 200 in 19.7097 ms
2026-05-12 17:03:33.552 +07:00 [INF] HTTP GET /hubs/chat responded 101 in 1766.2405 ms
2026-05-12 17:03:33.756 +07:00 [INF] HTTP POST /hubs/chat/negotiate responded 200 in 0.1771 ms
2026-05-12 17:03:36.598 +07:00 [INF] HTTP GET /admin/categories responded 200 in 31.4075 ms
2026-05-12 17:03:36.606 +07:00 [INF] HTTP GET /hubs/chat responded 101 in 2766.4951 ms
2026-05-12 17:03:36.799 +07:00 [INF] HTTP POST /hubs/chat/negotiate responded 200 in 0.2927 ms
2026-05-12 17:03:39.638 +07:00 [INF] HTTP GET /admin/categories/create responded 200 in 35.8729 ms
2026-05-12 17:03:39.645 +07:00 [INF] HTTP GET /hubs/chat responded 101 in 2795.2874 ms
2026-05-12 17:03:39.852 +07:00 [INF] HTTP POST /hubs/chat/negotiate responded 200 in 0.3118 ms
2026-05-12 17:03:43.537 +07:00 [INF] HTTP GET /admin/knowledge responded 200 in 1229.6732 ms
2026-05-12 17:03:43.542 +07:00 [INF] HTTP GET /hubs/chat responded 101 in 3643.5754 ms
2026-05-12 17:03:43.728 +07:00 [INF] HTTP POST /hubs/chat/negotiate responded 200 in 0.1815 ms
2026-05-12 17:03:46.707 +07:00 [INF] HTTP GET /admin/knowledgecategories responded 200 in 24.8417 ms
2026-05-12 17:03:46.713 +07:00 [INF] HTTP GET /hubs/chat responded 101 in 2951.2396 ms
2026-05-12 17:03:46.907 +07:00 [INF] HTTP POST /hubs/chat/negotiate responded 200 in 0.2522 ms
2026-05-12 17:03:48.584 +07:00 [INF] HTTP GET /admin/partners responded 200 in 54.0827 ms
2026-05-12 17:03:48.590 +07:00 [INF] HTTP GET /hubs/chat responded 101 in 1642.2274 ms
2026-05-12 17:03:48.791 +07:00 [INF] HTTP POST /hubs/chat/negotiate responded 200 in 0.2347 ms
2026-05-12 17:03:49.846 +07:00 [INF] HTTP GET /admin/partnercategories responded 200 in 30.6898 ms
2026-05-12 17:03:49.852 +07:00 [INF] HTTP GET /hubs/chat responded 101 in 1024.6997 ms
2026-05-12 17:03:50.037 +07:00 [INF] HTTP POST /hubs/chat/negotiate responded 200 in 0.2332 ms
2026-05-12 17:03:50.532 +07:00 [INF] HTTP GET /admin/banners responded 200 in 39.0880 ms
2026-05-12 17:03:50.538 +07:00 [INF] HTTP GET /hubs/chat responded 101 in 467.6549 ms
2026-05-12 17:03:50.740 +07:00 [INF] HTTP POST /hubs/chat/negotiate responded 200 in 0.2269 ms
2026-05-12 17:03:51.889 +07:00 [INF] HTTP GET /admin/banners/create responded 200 in 38.0331 ms
2026-05-12 17:03:51.896 +07:00 [INF] HTTP GET /hubs/chat responded 101 in 1123.1756 ms
2026-05-12 17:03:52.119 +07:00 [INF] HTTP POST /hubs/chat/negotiate responded 200 in 0.2157 ms
2026-05-12 17:04:28.017 +07:00 [INF] Upload thành công: /uploads/banners/de796579376a4540b53b74c03c806070.jpg (80849 bytes)
2026-05-12 17:04:28.042 +07:00 [INF] HTTP POST /admin/banners/create responded 302 in 52.4898 ms
2026-05-12 17:04:28.056 +07:00 [INF] HTTP GET /admin/Banners responded 200 in 7.0532 ms
2026-05-12 17:04:28.063 +07:00 [INF] HTTP GET /hubs/chat responded 101 in 35908.8973 ms
2026-05-12 17:04:28.094 +07:00 [INF] HTTP GET /uploads/banners/de796579376a4540b53b74c03c806070.jpg responded 200 in 1.1599 ms
2026-05-12 17:04:28.296 +07:00 [INF] HTTP POST /hubs/chat/negotiate responded 200 in 0.2690 ms
2026-05-12 17:04:35.193 +07:00 [INF] HTTP GET / responded 200 in 22.6897 ms
2026-05-12 17:04:35.600 +07:00 [INF] HTTP GET /uploads/banners/de796579376a4540b53b74c03c806070.jpg responded 304 in 0.3492 ms
2026-05-12 17:04:35.627 +07:00 [INF] HTTP POST /hubs/chat/negotiate responded 200 in 0.2023 ms
2026-05-12 17:04:35.684 +07:00 [INF] HTTP GET /hubs/chat responded 101 in 87914.9726 ms
2026-05-12 17:04:39.734 +07:00 [INF] HTTP GET /san-pham responded 200 in 11.2616 ms
2026-05-12 17:04:39.970 +07:00 [INF] HTTP POST /hubs/chat/negotiate responded 200 in 0.2403 ms
2026-05-12 17:04:39.999 +07:00 [INF] HTTP GET /hubs/chat responded 101 in 4210.7050 ms
2026-05-12 17:04:43.831 +07:00 [INF] HTTP GET /admin/banners/edit/8eab2cee-e2ef-4388-96bb-6f5e6b62f715 responded 200 in 35.8806 ms
2026-05-12 17:04:43.837 +07:00 [INF] HTTP GET /hubs/chat responded 101 in 15502.9372 ms
2026-05-12 17:04:43.860 +07:00 [INF] HTTP GET /uploads/banners/de796579376a4540b53b74c03c806070.jpg responded 304 in 0.1703 ms
2026-05-12 17:04:44.067 +07:00 [INF] HTTP POST /hubs/chat/negotiate responded 200 in 0.5887 ms
2026-05-12 17:04:50.262 +07:00 [INF] HTTP GET /san-pham/bom-mua-fanto-sc15-220v-22 responded 200 in 36.0928 ms
2026-05-12 17:04:50.535 +07:00 [INF] HTTP GET /hubs/chat responded 101 in 10506.7862 ms
2026-05-12 17:04:50.542 +07:00 [INF] HTTP POST /hubs/chat/negotiate responded 200 in 0.2683 ms
2026-05-12 17:04:54.720 +07:00 [INF] HTTP POST /admin/banners/edit/8eab2cee-e2ef-4388-96bb-6f5e6b62f715 responded 302 in 27.5000 ms
2026-05-12 17:04:54.734 +07:00 [INF] HTTP GET /admin/Banners responded 200 in 7.4219 ms
2026-05-12 17:04:54.742 +07:00 [INF] HTTP GET /hubs/chat responded 101 in 10635.4115 ms
2026-05-12 17:04:54.776 +07:00 [INF] HTTP GET /uploads/banners/de796579376a4540b53b74c03c806070.jpg responded 304 in 0.2671 ms
2026-05-12 17:04:54.968 +07:00 [INF] HTTP POST /hubs/chat/negotiate responded 200 in 0.1981 ms
2026-05-12 17:04:57.315 +07:00 [INF] HTTP GET / responded 200 in 20.4409 ms
2026-05-12 17:04:57.560 +07:00 [INF] HTTP GET /uploads/banners/de796579376a4540b53b74c03c806070.jpg responded 304 in 0.2377 ms
2026-05-12 17:04:57.578 +07:00 [INF] HTTP POST /hubs/chat/negotiate responded 200 in 0.4900 ms
2026-05-12 17:04:57.630 +07:00 [INF] HTTP GET /hubs/chat responded 101 in 7005.2106 ms
2026-05-12 17:04:59.574 +07:00 [INF] HTTP GET /san-pham/bom-mua-fanto-sc15-220v-22 responded 200 in 30.9279 ms
2026-05-12 17:04:59.824 +07:00 [INF] HTTP GET /hubs/chat responded 101 in 2185.4400 ms
2026-05-12 17:04:59.829 +07:00 [INF] HTTP POST /hubs/chat/negotiate responded 200 in 0.1798 ms
2026-05-12 17:05:03.149 +07:00 [INF] HTTP GET /admin/banners responded 200 in 7.4278 ms
2026-05-12 17:05:03.157 +07:00 [INF] HTTP GET /hubs/chat responded 101 in 8136.5043 ms
2026-05-12 17:05:03.188 +07:00 [INF] HTTP GET /uploads/banners/de796579376a4540b53b74c03c806070.jpg responded 304 in 0.3263 ms
2026-05-12 17:05:03.359 +07:00 [INF] HTTP POST /hubs/chat/negotiate responded 200 in 0.1924 ms
2026-05-12 17:05:03.698 +07:00 [INF] HTTP GET /admin/messages responded 200 in 34.7023 ms
2026-05-12 17:05:03.705 +07:00 [INF] HTTP GET /hubs/chat responded 101 in 306.8775 ms
2026-05-12 17:05:03.905 +07:00 [INF] HTTP POST /hubs/chat/negotiate responded 200 in 0.2350 ms
2026-05-12 17:05:14.265 +07:00 [INF] HTTP GET /admin/messages/detail/9eaeb236-0374-4adc-afa9-3e377cbe98fc responded 200 in 115.0960 ms
2026-05-12 17:05:14.493 +07:00 [INF] HTTP POST /hubs/chat/negotiate responded 200 in 0.1616 ms
2026-05-12 17:05:14.521 +07:00 [INF] HTTP GET /hubs/chat responded 101 in 10581.7018 ms
2026-05-12 17:05:29.057 +07:00 [INF] HTTP GET /admin/messages responded 200 in 6.8686 ms
2026-05-12 17:05:29.094 +07:00 [INF] HTTP GET /hubs/chat responded 101 in 14563.6994 ms
2026-05-12 17:05:29.299 +07:00 [INF] HTTP POST /hubs/chat/negotiate responded 200 in 0.2122 ms
2026-05-12 17:05:30.826 +07:00 [INF] HTTP GET /admin/messages/detail/9eaeb236-0374-4adc-afa9-3e377cbe98fc responded 200 in 17.9233 ms
2026-05-12 17:05:31.050 +07:00 [INF] HTTP POST /hubs/chat/negotiate responded 200 in 0.2810 ms
2026-05-12 17:05:31.081 +07:00 [INF] HTTP GET /hubs/chat responded 101 in 1750.7463 ms
2026-05-12 17:05:32.828 +07:00 [INF] HTTP GET /admin/users responded 200 in 41.2874 ms
2026-05-12 17:05:33.046 +07:00 [INF] HTTP POST /hubs/chat/negotiate responded 200 in 0.7184 ms
2026-05-12 17:05:33.084 +07:00 [INF] HTTP GET /hubs/chat responded 101 in 1991.6469 ms
2026-05-12 17:05:35.272 +07:00 [INF] HTTP GET /admin/users/create responded 200 in 33.0172 ms
2026-05-12 17:05:35.279 +07:00 [INF] HTTP GET /hubs/chat responded 101 in 2177.6152 ms
2026-05-12 17:05:35.555 +07:00 [INF] HTTP POST /hubs/chat/negotiate responded 200 in 0.4758 ms
2026-05-12 17:05:39.699 +07:00 [INF] HTTP GET /admin/activity responded 200 in 105.9694 ms
2026-05-12 17:05:39.709 +07:00 [INF] HTTP GET /hubs/chat responded 101 in 4105.3710 ms
2026-05-12 17:05:39.930 +07:00 [INF] HTTP POST /hubs/chat/negotiate responded 200 in 0.2078 ms
2026-05-12 17:05:45.807 +07:00 [INF] HTTP GET /admin/profile responded 200 in 44.6527 ms
2026-05-12 17:05:46.094 +07:00 [INF] HTTP POST /hubs/chat/negotiate responded 200 in 0.4302 ms
2026-05-12 17:05:46.123 +07:00 [INF] HTTP GET /hubs/chat responded 101 in 6136.3739 ms
2026-05-12 17:05:49.371 +07:00 [INF] HTTP GET /admin/settings responded 200 in 144.4911 ms
2026-05-12 17:05:49.378 +07:00 [INF] HTTP GET /hubs/chat responded 101 in 3234.4644 ms
2026-05-12 17:05:49.531 +07:00 [INF] HTTP POST /hubs/chat/negotiate responded 200 in 0.1922 ms
2026-05-12 17:06:23.318 +07:00 [INF] Cập nhật SiteSettings
2026-05-12 17:06:23.329 +07:00 [INF] HTTP POST /admin/settings responded 302 in 69.8481 ms
2026-05-12 17:06:23.346 +07:00 [INF] HTTP GET /admin/Settings responded 200 in 8.9002 ms
2026-05-12 17:06:23.353 +07:00 [INF] HTTP GET /hubs/chat responded 101 in 33757.2585 ms
2026-05-12 17:06:23.566 +07:00 [INF] HTTP POST /hubs/chat/negotiate responded 200 in 0.2383 ms
2026-05-12 17:06:26.367 +07:00 [INF] HTTP GET /san-pham/bom-mua-fanto-sc15-220v-22 responded 200 in 24.0488 ms
2026-05-12 17:06:26.374 +07:00 [INF] HTTP GET /hubs/chat responded 101 in 86466.1137 ms
2026-05-12 17:06:26.673 +07:00 [INF] HTTP POST /hubs/chat/negotiate responded 200 in 0.4279 ms
2026-05-12 17:06:40.529 +07:00 [INF] HTTP GET /hubs/chat responded 101 in 13774.0625 ms
2026-05-12 17:06:42.978 +07:00 [INF] HTTP GET / responded 200 in 24.4597 ms
2026-05-12 17:06:43.274 +07:00 [INF] HTTP GET /uploads/banners/de796579376a4540b53b74c03c806070.jpg responded 304 in 0.2071 ms
2026-05-12 17:06:43.401 +07:00 [INF] HTTP POST /hubs/chat/negotiate responded 200 in 0.1647 ms
2026-05-12 17:06:55.648 +07:00 [INF] HTTP GET /admin/messages responded 200 in 5.6368 ms
2026-05-12 17:06:55.659 +07:00 [INF] HTTP GET /hubs/chat responded 101 in 32038.8657 ms
2026-05-12 17:06:55.887 +07:00 [INF] HTTP POST /hubs/chat/negotiate responded 200 in 0.2292 ms
2026-05-12 17:06:58.817 +07:00 [INF] HTTP GET /admin/messages/detail/9eaeb236-0374-4adc-afa9-3e377cbe98fc responded 200 in 16.4578 ms
2026-05-12 17:06:59.068 +07:00 [INF] HTTP POST /hubs/chat/negotiate responded 200 in 0.1984 ms
2026-05-12 17:06:59.102 +07:00 [INF] HTTP GET /hubs/chat responded 101 in 3163.2594 ms
2026-05-12 17:07:31.350 +07:00 [INF] HTTP GET / responded 200 in 19.9207 ms
2026-05-12 17:07:31.386 +07:00 [INF] HTTP GET /js/site.js responded 200 in 1.7984 ms
2026-05-12 17:07:31.386 +07:00 [INF] HTTP GET /css/site.css responded 200 in 2.0977 ms
2026-05-12 17:07:31.761 +07:00 [INF] HTTP GET /uploads/banners/de796579376a4540b53b74c03c806070.jpg responded 200 in 1.7025 ms
2026-05-12 17:07:31.857 +07:00 [INF] HTTP POST /hubs/chat/negotiate responded 200 in 0.1707 ms
2026-05-12 17:07:32.185 +07:00 [INF] HTTP GET /favicon.ico responded 200 in 12.1204 ms
2026-05-12 17:07:43.920 +07:00 [INF] HTTP GET /hubs/chat responded 101 in 11916.0213 ms
2026-05-12 17:07:51.681 +07:00 [INF] HTTP GET /admin/settings responded 200 in 6.0844 ms
2026-05-12 17:07:51.932 +07:00 [INF] HTTP POST /hubs/chat/negotiate responded 200 in 0.2752 ms
2026-05-12 17:07:51.973 +07:00 [INF] HTTP GET /hubs/chat responded 101 in 52863.3102 ms
2026-05-12 17:07:53.615 +07:00 [INF] HTTP GET /admin/banners responded 200 in 6.7953 ms
2026-05-12 17:07:53.623 +07:00 [INF] HTTP GET /hubs/chat responded 101 in 1640.6325 ms
2026-05-12 17:07:53.656 +07:00 [INF] HTTP GET /uploads/banners/de796579376a4540b53b74c03c806070.jpg responded 304 in 0.4151 ms
2026-05-12 17:07:53.833 +07:00 [INF] HTTP POST /hubs/chat/negotiate responded 200 in 0.4003 ms
2026-05-12 17:07:55.764 +07:00 [INF] Đã xóa file: /uploads/banners/de796579376a4540b53b74c03c806070.jpg
2026-05-12 17:07:55.778 +07:00 [INF] HTTP POST /admin/banners/delete/8eab2cee-e2ef-4388-96bb-6f5e6b62f715 responded 302 in 28.4171 ms
2026-05-12 17:07:55.796 +07:00 [INF] HTTP GET /admin/Banners responded 200 in 10.1663 ms
2026-05-12 17:07:55.806 +07:00 [INF] HTTP GET /hubs/chat responded 101 in 1933.5092 ms
2026-05-12 17:07:56.095 +07:00 [INF] HTTP POST /hubs/chat/negotiate responded 200 in 0.2501 ms
2026-05-12 17:07:56.985 +07:00 [INF] HTTP GET /admin/knowledgecategories responded 200 in 9.2852 ms
2026-05-12 17:07:56.994 +07:00 [INF] HTTP GET /hubs/chat responded 101 in 860.4354 ms
2026-05-12 17:07:57.218 +07:00 [INF] HTTP POST /hubs/chat/negotiate responded 200 in 0.2834 ms
2026-05-12 17:07:57.479 +07:00 [INF] HTTP GET /admin/products responded 200 in 13.2028 ms
2026-05-12 17:07:57.487 +07:00 [INF] HTTP GET /hubs/chat responded 101 in 219.1344 ms
2026-05-12 17:07:57.707 +07:00 [INF] HTTP POST /hubs/chat/negotiate responded 200 in 0.1731 ms
2026-05-12 17:07:59.453 +07:00 [INF] HTTP GET /admin/profile responded 200 in 6.3042 ms
2026-05-12 17:07:59.461 +07:00 [INF] HTTP GET /hubs/chat responded 101 in 1694.4582 ms
2026-05-12 17:07:59.643 +07:00 [INF] HTTP POST /hubs/chat/negotiate responded 200 in 0.2641 ms
2026-05-12 17:08:02.345 +07:00 [INF] HTTP GET /hubs/chat responded 101 in 2668.6971 ms
2026-05-12 17:08:02.361 +07:00 [INF] HTTP GET /hubs/chat responded 101 in 78886.0609 ms
